,id,name,acronym,description,url,location,country,latitude,longitude,head,contact,national_node,withdrawn,parent_collection,sub_collections,biobank,biobank_label,network,also_known,studies,type,data_categories,order_of_magnitude,size,categories,timestamp,quality,combined_quality,number_of_donors,order_of_magnitude_donors,sex,diagnosis_available,age_low,age_high,age_unit,facts,materials,storage_temperatures,body_part_examined,imaging_modality,image_dataset_type,collaboration_commercial,collaboration_non_for_profit,data_use,duc_profile,commercial_use,access_fee,access_joint_project,access_description,access_uri,sop,catalog,license,publisher,language,keywords,EJP_RD_personalData,EJP_RD_vpConnection,issued,modified,mg_draft
1,bbmri-eric:ID:EXT_ACU:collection:ChildhoodCancer,Childhood Cancer,,ChildhoodCancer,,,TR,,,bbmri-eric:contactID:EXT_TR_01,bbmri-eric:contactID:EXT_TR_03,EXT,False,,,bbmri-eric:ID:EXT_ACU,Acibadem University Biobank,,,,RD,BIOLOGICAL_SAMPLES,1,,rare_disease,,,,35.0,1.0,"MALE,FEMALE",,,,,,"RNA,TISSUE_FROZEN,DNA","temperature-60to-85,temperatureLN",,,,True,True,,,True,,,,,,directory_catalog,https://ejp-rd-vp.github.io/resource-metadata-schema/license/v1.0.txt,BBMRI-ERIC,English,,,,2026-07-23 05:01:59.052193,2026-07-23 05:01:59.052193,False
6,bbmri-eric:ID:EXT_ACU:collection:Undiagnose,Undiagnose,,Undiagnose,,,TR,,,bbmri-eric:contactID:EXT_TR_01,bbmri-eric:contactID:EXT_TR_03,EXT,False,,,bbmri-eric:ID:EXT_ACU,Acibadem University Biobank,,,,RD,BIOLOGICAL_SAMPLES,2,,rare_disease,,,,274.0,2.0,"MALE,FEMALE",,,,,,"RNA,CDNA,DNA","temperature-60to-85,temperatureLN",,,,True,True,,,True,,,,,,directory_catalog,https://ejp-rd-vp.github.io/resource-metadata-schema/license/v1.0.txt,BBMRI-ERIC,English,,,,2026-07-23 05:01:59.052193,2026-07-23 05:01:59.052193,False
29,bbmri-eric:ID:EXT_ACU:collection:Rare-Disease,Rare-Disease,,Pediatric rare disease samples,,,TR,,,bbmri-eric:contactID:EXT_TR_01,bbmri-eric:contactID:EXT_TR_03,EXT,False,,,bbmri-eric:ID:EXT_ACU,Acibadem University Biobank,,,,"SAMPLE,RD",BIOLOGICAL_SAMPLES,2,,rare_disease,,,,299.0,,"MALE,FEMALE",,,,,,"RNA,CDNA,TISSUE_FROZEN,DNA","temperature-60to-85,temperatureLN",,,,True,True,,,True,,,,,,directory_catalog,https://ejp-rd-vp.github.io/resource-metadata-schema/license/v1.0.txt,BBMRI-ERIC,English,,,,2026-07-23 05:01:59.052193,2026-07-23 05:01:59.052193,False
85,bbmri-eric:ID:CZ_IHBT:collection:Healthy_Donor_Collection,Healthy Donor Collection,Healthy Donor,"Vital leukocytes, DNA and plasma isolated from peripheral blood of healthy donors",,,CZ,,,bbmri-eric:contactID:CZ_IHBT_1,bbmri-eric:contactID:CZ_IHBT_2,CZ,False,,,bbmri-eric:ID:CZ_IHBT,"Biobank of Institute of Hematology and Blood Transfusion, Prague",bbmri-eric:networkID:CZ_BBMRI-ERIC:networks:BBMRIcz,,,"POPULATION_BASED,SAMPLE","BIOLOGICAL_SAMPLES,BLOOD,DiseaseDuration,MEDICAL_RECORDS,TREATMENT_PROTOCOL,CLINICAL_SYMPTOMS",3,,population,,,,,,"FEMALE,MALE",,18.0,100.0,YEAR,,"PERIPHERAL_BLOOD_CELLS,DNA,PLASMA",temperatureLN,,,,True,True,,,True,"data,images,samples","data,images,samples",,,"sample_processing_sop,sample_storage_sop,sample_transport_sop,data_processing_sop,data_storage_sop",directory_catalog,https://ejp-rd-vp.github.io/resource-metadata-schema/license/v1.0.txt,BBMRI-ERIC,English,,,,2026-07-23 05:02:00.054160,2026-07-23 05:02:00.054160,
476,bbmri-eric:ID:ES_BioNER-IIER:collection:Hipoglicemia_hiperinsulinemica,Hipoglicemia hiperinsulinémica,,Disease sample;Disease control,https://www.isciii.es/QuienesSomos/CentrosPropios/IIER/Paginas/default.aspx,Madrid,ES,,,bbmri-eric:contactID:ES_Martinez_Delgado,bbmri-eric:contactID:ES_Martinez_Delgado,ES,False,,,bbmri-eric:ID:ES_BioNER-IIER,Rare Diseases National Biobank-Institute of Rare Diseases Research (Institute of Health Carlos III),bbmri-eric:networkID:ES_PISCIIIBB,,,RD,BIOLOGICAL_SAMPLES,1,42.0,"rare_disease,metabolic",,,,42.0,1.0,"MALE,FEMALE",urn:miriam:icd:E16.1,,,YEAR,,DNA,temperature-60to-85,,,,,,,,True,,,,,,directory_catalog,https://ejp-rd-vp.github.io/resource-metadata-schema/license/v1.0.txt,BBMRI-ERIC,English,Other hypoglycaemia,,,2026-07-23 05:02:05.301546,2026-07-23 05:02:05.301546,
497,bbmri-eric:ID:ES_BBSSPA:collection:CCA-00014,Pregnant with COVID-19,,Blood samples collected from pregnant women who have been infected with covid-19 during pregnancy,https://www.juntadeandalucia.es/salud/biobanco/es,Andalusia,ES,,,bbmri-eric:contactID:ES_Aguilar-Quesada,bbmri-eric:contactID:ES_Aguilar-Quesada,ES,False,,,bbmri-eric:ID:ES_BBSSPA,Andalusian Public Health System Biobank,bbmri-eric:networkID:ES_PISCIIIBB,,,"SAMPLE,HOSPITAL",BIOLOGICAL_SAMPLES,2,127.0,"infectious,paediatrics,covid19",2026-06-02 00:00:00.000,,accredited,66.0,1.0,FEMALE,"urn:miriam:icd:U07.2,urn:miriam:icd:O98.5,urn:miriam:icd:U09.9,urn:miriam:icd:Z86.1",17.0,44.0,YEAR,,PLASMA,temperature-60to-85,,,,True,True,,,True,,,,,"sample_processing_sop,sample_transport_sop,sample_storage_sop",directory_catalog,https://ejp-rd-vp.github.io/resource-metadata-schema/license/v1.0.txt,BBMRI-ERIC,English,"Emergency use of U07 - COVID-19,virus not identified,Other viral diseases complicating pregnancy,childbirth and the puerperium,Post COVID-19 condition - Post COVID-19 condition,unspecified,Personal history of infectious and parasitic diseases",,,2026-07-23 05:02:05.301546,2026-07-23 05:02:05.301546,
518,bbmri-eric:ID:ES_BBSSPA:collection:CCA-00022,Parkinson's Brain Tissues,,Tissue samples obtained from brain autopsies of patients with Parkinson's disease,https://www.juntadeandalucia.es/salud/biobanco/es,Andalusia,ES,,,bbmri-eric:contactID:ES_Aguilar-Quesada,bbmri-eric:contactID:ES_Aguilar-Quesada,ES,False,,,bbmri-eric:ID:ES_BBSSPA,Andalusian Public Health System Biobank,bbmri-eric:networkID:ES_PISCIIIBB,,,SAMPLE,BIOLOGICAL_SAMPLES,1,69.0,nervous_system,2026-06-02 00:00:00.000,,accredited,1.0,0.0,MALE,urn:miriam:icd:G20,83.0,83.0,YEAR,,"TISSUE_FROZEN,TISSUE_PARAFFIN_EMBEDDED,OTHER","temperature-60to-85,temperatureRoom",,,,True,True,,,True,,,,,sample_storage_sop,directory_catalog,https://ejp-rd-vp.github.io/resource-metadata-schema/license/v1.0.txt,BBMRI-ERIC,English,Parkinson disease,,,2026-07-23 05:02:05.616822,2026-07-23 05:02:05.616822,
529,bbmri-eric:ID:ES_BioNER-IIER:collection:Mucopolisacaridosis_tipo_3,Mucopolisacaridosis tipo 3,,Disease sample;Disease control,https://www.isciii.es/QuienesSomos/CentrosPropios/IIER/Paginas/default.aspx,Madrid,ES,,,bbmri-eric:contactID:ES_Martinez_Delgado,bbmri-eric:contactID:ES_Martinez_Delgado,ES,False,,,bbmri-eric:ID:ES_BioNER-IIER,Rare Diseases National Biobank-Institute of Rare Diseases Research (Institute of Health Carlos III),bbmri-eric:networkID:ES_PISCIIIBB,,,RD,BIOLOGICAL_SAMPLES,1,63.0,"rare_disease,metabolic",,,,3.0,0.0,"MALE,FEMALE",urn:miriam:icd:E76.2,,,YEAR,,"DNA,PERIPHERAL_BLOOD_CELLS,PLASMA,SERUM","temperature-60to-85,temperatureLN",,,,,,,,True,,,,,,directory_catalog,https://ejp-rd-vp.github.io/resource-metadata-schema/license/v1.0.txt,BBMRI-ERIC,English,Disorders of glycosaminoglycan metabolism - Other mucopolysaccharidoses,,,2026-07-23 05:02:05.920194,2026-07-23 05:02:05.920194,
531,bbmri-eric:ID:ES_BBSSPA:collection:CCA-00027,Rheumatoid arthritis DNA,,DNA samples obtained from patients with Rheumatoid arthritis,https://www.juntadeandalucia.es/salud/biobanco/es,Andalusia,ES,,,bbmri-eric:contactID:ES_Aguilar-Quesada,bbmri-eric:contactID:ES_Aguilar-Quesada,ES,False,,,bbmri-eric:ID:ES_BBSSPA,Andalusian Public Health System Biobank,bbmri-eric:networkID:ES_PISCIIIBB,,,SAMPLE,BIOLOGICAL_SAMPLES,2,684.0,autoimmune,2026-06-02 00:00:00.000,,accredited,678.0,2.0,"FEMALE,MALE",urn:miriam:icd:M06.9,19.0,84.0,YEAR,,DNA,temperature-60to-85,,,,True,True,,,True,,,,,"sample_storage_sop,sample_processing_sop",directory_catalog,https://ejp-rd-vp.github.io/resource-metadata-schema/license/v1.0.txt,BBMRI-ERIC,English,"Rheumatoid arthritis,unspecified",,,2026-07-23 05:02:05.616822,2026-07-23 05:02:05.616822,
532,bbmri-eric:ID:ES_BioNER-IIER:collection:Sindrome_de_Shwachman-Diamond,Síndrome de Shwachman-Diamond,,Disease sample;Disease control,https://www.isciii.es/QuienesSomos/CentrosPropios/IIER/Paginas/default.aspx,Madrid,ES,,,bbmri-eric:contactID:ES_Martinez_Delgado,bbmri-eric:contactID:ES_Martinez_Delgado,ES,False,,,bbmri-eric:ID:ES_BioNER-IIER,Rare Diseases National Biobank-Institute of Rare Diseases Research (Institute of Health Carlos III),bbmri-eric:networkID:ES_PISCIIIBB,,,RD,BIOLOGICAL_SAMPLES,1,97.0,"autoimmune,rare_disease",,,,6.0,0.0,"MALE,FEMALE",urn:miriam:icd:D61.0,,,YEAR,,"DNA,PERIPHERAL_BLOOD_CELLS,OTHER,BUFFY_COAT,PLASMA,SERUM","temperature-60to-85,temperatureLN",,,,,,,,True,,,,,,directory_catalog,https://ejp-rd-vp.github.io/resource-metadata-schema/license/v1.0.txt,BBMRI-ERIC,English,Constitutional aplastic anaemia,,,2026-07-23 05:02:05.920194,2026-07-23 05:02:05.920194,
537,bbmri-eric:ID:ES_BBSSPA:collection:CCA-00028,Ankylosing spondylitis DNA,,DNA samples obtained from patients with Ankylosing spondylitis,https://www.juntadeandalucia.es/salud/biobanco/es,Andalusia,ES,,,bbmri-eric:contactID:ES_Aguilar-Quesada,bbmri-eric:contactID:ES_Aguilar-Quesada,ES,False,,,bbmri-eric:ID:ES_BBSSPA,Andalusian Public Health System Biobank,bbmri-eric:networkID:ES_PISCIIIBB,,,SAMPLE,BIOLOGICAL_SAMPLES,2,644.0,autoimmune,2026-06-02 00:00:00.000,,accredited,642.0,2.0,"FEMALE,MALE",urn:miriam:icd:M45,19.0,79.0,YEAR,,DNA,temperature-60to-85,,,,True,True,,,True,,,,,"sample_storage_sop,sample_processing_sop",directory_catalog,https://ejp-rd-vp.github.io/resource-metadata-schema/license/v1.0.txt,BBMRI-ERIC,English,Ankylosing spondylitis,,,2026-07-23 05:02:05.616822,2026-07-23 05:02:05.616822,
540,bbmri-eric:ID:ES_BBSSPA:collection:CCA-00029,Psoriatic arthritis DNA,,DNA samples obtained from patients with Psoriatic arthritis,https://www.juntadeandalucia.es/salud/biobanco/es,Andalusia,ES,,,bbmri-eric:contactID:ES_Aguilar-Quesada,bbmri-eric:contactID:ES_Aguilar-Quesada,ES,False,,,bbmri-eric:ID:ES_BBSSPA,Andalusian Public Health System Biobank,bbmri-eric:networkID:ES_PISCIIIBB,,,SAMPLE,BIOLOGICAL_SAMPLES,2,661.0,,2026-06-02 00:00:00.000,,accredited,658.0,2.0,"FEMALE,MALE",urn:miriam:icd:L40.5,18.0,85.0,YEAR,,DNA,temperature-60to-85,,,,True,True,,,True,,,,,"sample_storage_sop,sample_processing_sop",directory_catalog,https://ejp-rd-vp.github.io/resource-metadata-schema/license/v1.0.txt,BBMRI-ERIC,English,Arthropathic psoriasis,,,2026-07-23 05:02:05.616822,2026-07-23 05:02:05.616822,
543,bbmri-eric:ID:ES_BBSSPA:collection:CCA-00015,Neumo COVID,,Strategic specimen collection in patients three months after SARS-CoV-2 infection,https://www.juntadeandalucia.es/salud/biobanco/es,Andalusia,ES,,,bbmri-eric:contactID:ES_Aguilar-Quesada,bbmri-eric:contactID:ES_Aguilar-Quesada,ES,False,,,bbmri-eric:ID:ES_BBSSPA,Andalusian Public Health System Biobank,bbmri-eric:networkID:ES_PISCIIIBB,,,SAMPLE,"BIOLOGICAL_SAMPLES,MEDICAL_RECORDS,DiseaseDuration",2,914.0,"infectious,paediatrics,covid19",2026-06-02 00:00:00.000,,accredited,58.0,1.0,"FEMALE,MALE",urn:miriam:icd:U09.9,17.0,84.0,YEAR,,"PLASMA,SERUM,WHOLE_BLOOD,BUFFY_COAT,OTHER",temperature-60to-85,,,,True,True,,,True,,,,,"sample_processing_sop,sample_transport_sop,sample_storage_sop",directory_catalog,https://ejp-rd-vp.github.io/resource-metadata-schema/license/v1.0.txt,BBMRI-ERIC,English,"Post COVID-19 condition - Post COVID-19 condition,unspecified",,,2026-07-23 05:02:05.616822,2026-07-23 05:02:05.616822,
563,bbmri-eric:ID:ES_BioNER-IIER:collection:Enfermedad_de_Cushing_dependiente_de_la_hipofisis,Enfermedad de Cushing dependiente de la hipófisis,,Disease sample,https://www.isciii.es/QuienesSomos/CentrosPropios/IIER/Paginas/default.aspx,Madrid,ES,,,bbmri-eric:contactID:ES_Martinez_Delgado,bbmri-eric:contactID:ES_Martinez_Delgado,ES,False,,,bbmri-eric:ID:ES_BioNER-IIER,Rare Diseases National Biobank-Institute of Rare Diseases Research (Institute of Health Carlos III),bbmri-eric:networkID:ES_PISCIIIBB,,,RD,BIOLOGICAL_SAMPLES,0,5.0,"rare_disease,metabolic",,,,1.0,0.0,FEMALE,urn:miriam:icd:E24.0,,,YEAR,,"DNA,SALIVA",temperature-60to-85,,,,,,,,True,,,,,,directory_catalog,https://ejp-rd-vp.github.io/resource-metadata-schema/license/v1.0.txt,BBMRI-ERIC,English,Pituitary-dependent Cushing disease,,,2026-07-23 05:02:05.616822,2026-07-23 05:02:05.616822,
594,bbmri-eric:ID:ES_BioNER-IIER:collection:Cefalea_en_racimos,Cefalea en racimos,,Disease sample,https://www.isciii.es/QuienesSomos/CentrosPropios/IIER/Paginas/default.aspx,Madrid,ES,,,bbmri-eric:contactID:ES_Martinez_Delgado,bbmri-eric:contactID:ES_Martinez_Delgado,ES,False,,,bbmri-eric:ID:ES_BioNER-IIER,Rare Diseases National Biobank-Institute of Rare Diseases Research (Institute of Health Carlos III),bbmri-eric:networkID:ES_PISCIIIBB,,,RD,BIOLOGICAL_SAMPLES,0,5.0,"nervous_system,rare_disease",,,,1.0,0.0,MALE,urn:miriam:icd:G44.0,,,YEAR,,"DNA,SALIVA",temperature-60to-85,,,,,,,,True,,,,,,directory_catalog,https://ejp-rd-vp.github.io/resource-metadata-schema/license/v1.0.txt,BBMRI-ERIC,English,Cluster headache syndrome,,,2026-07-23 05:02:05.616822,2026-07-23 05:02:05.616822,
638,bbmri-eric:ID:ES_BBSSPA:collection:CCA-00019,Pediatric oncology and hematology,,Pediatric oncology and hematology diseases,https://www.juntadeandalucia.es/salud/biobanco/es,Andalusia,ES,,,bbmri-eric:contactID:ES_Aguilar-Quesada,bbmri-eric:contactID:ES_Aguilar-Quesada,ES,False,,,bbmri-eric:ID:ES_BBSSPA,Andalusian Public Health System Biobank,bbmri-eric:networkID:ES_PISCIIIBB,,,SAMPLE,BIOLOGICAL_SAMPLES,2,343.0,"oncology,paediatrics",2026-06-02 00:00:00.000,,accredited,19.0,1.0,"FEMALE,MALE",urn:miriam:icd:C00,6.0,185.0,MONTH,,"PLASMA,SERUM,URINE,TISSUE_FROZEN",temperature-60to-85,,,,True,True,,,True,,,,,sample_storage_sop,directory_catalog,https://ejp-rd-vp.github.io/resource-metadata-schema/license/v1.0.txt,BBMRI-ERIC,English,Malignant neoplasm of lip,,,2026-07-23 05:02:05.616822,2026-07-23 05:02:05.616822,
640,bbmri-eric:ID:ES_IDIBAPS:collection:COV,COV,COV,Samples from patients diagnosed with Covid-19.,https://www.clinicbarcelona.org/en/idibaps/core-facilities/biobank,Barcelona,ES,,,bbmri-eric:contactID:ES_Campo_Guerri,bbmri-eric:contactID:ES_Campo_Guerri,ES,False,,,bbmri-eric:ID:ES_IDIBAPS,"Biobank of Hospital Clínic-August Pi i Sunyer Biomedical Research Centre (HCB-IDIBAPS Biobank), Clinic Barcelona Research Foundation-IDIBAPS (FRCB-IDIBAPS)",bbmri-eric:networkID:ES_PISCIIIBB,,,"SAMPLE,BIRTH_COHORT,DISEASE_SPECIFIC,HOSPITAL,PROSPECTIVE_COLLECTION","ANTIBODIES,BIOLOGICAL_SAMPLES,CLINICAL_SYMPTOMS,DiseaseDuration,MEDICAL_RECORDS,TREATMENT_PROTOCOL",4,50892.0,"infectious,paediatrics,covid19",2023-02-10 00:00:00.000,,accredited,3389.0,3.0,"FEMALE,MALE,NAV",urn:miriam:icd:U07.1,0.0,105.0,YEAR,,"DNA,PERIPHERAL_BLOOD_CELLS,PLASMA,SERUM,SALIVA,URINE,WHOLE_BLOOD,TISSUE_FROZEN,OTHER,TISSUE_PARAFFIN_EMBEDDED,OTHER","temperature-60to-85,temperatureLN",,,,,,,,True,,,,,,directory_catalog,https://ejp-rd-vp.github.io/resource-metadata-schema/license/v1.0.txt,BBMRI-ERIC,English,"Emergency use of U07 - COVID-19,virus identified",,,2026-07-23 05:02:05.301546,2026-07-23 05:02:05.301546,
659,bbmri-eric:ID:ES_BBSSPA:collection:CCA-00002,Andalusian Population-Based Controls,AP-BC,Samples from subjects representatives of the Andalusian population,https://www.juntadeandalucia.es/salud/biobanco/es,Andalusia,ES,,,bbmri-eric:contactID:ES_Aguilar-Quesada,bbmri-eric:contactID:ES_Aguilar-Quesada,ES,False,,,bbmri-eric:ID:ES_BBSSPA,Andalusian Public Health System Biobank,bbmri-eric:networkID:ES_PISCIIIBB,,,POPULATION_BASED,SURVEY_DATA,3,2522.0,population,2026-06-02 00:00:00.000,,accredited,37.0,1.0,"FEMALE,MALE",urn:miriam:icd:Z00.8,27.0,77.0,YEAR,,"FECES,URINE,PLASMA,WHOLE_BLOOD,SERUM,OTHER","temperature-60to-85,temperatureRoom",,,,True,True,,,True,,,,,"sample_processing_sop,sample_storage_sop",directory_catalog,https://ejp-rd-vp.github.io/resource-metadata-schema/license/v1.0.txt,BBMRI-ERIC,English,Other general examinations,,,2026-07-23 05:02:05.301546,2026-07-23 05:02:05.301546,
660,bbmri-eric:ID:ES_BioNER-IIER:collection:Ataxia_espinocerebelosa_con_intrusiones_sacadicas_SCASI_SCAR4_VPS13D,"Ataxia espinocerebelosa con intrusiones sacádicas (SCASI; SCAR4), VPS13D",,Disease sample;Disease control,https://www.isciii.es/QuienesSomos/CentrosPropios/IIER/Paginas/default.aspx,Madrid,ES,,,bbmri-eric:contactID:ES_Martinez_Delgado,bbmri-eric:contactID:ES_Martinez_Delgado,ES,False,,,bbmri-eric:ID:ES_BioNER-IIER,Rare Diseases National Biobank-Institute of Rare Diseases Research (Institute of Health Carlos III),bbmri-eric:networkID:ES_PISCIIIBB,,,RD,BIOLOGICAL_SAMPLES,1,65.0,"nervous_system,rare_disease",,,,4.0,0.0,"MALE,FEMALE",urn:miriam:icd:G11.2,,,YEAR,,"DNA,PERIPHERAL_BLOOD_CELLS,OTHER,BUFFY_COAT,PLASMA,SERUM","temperature-60to-85,temperatureLN",,,,,,,,True,,,,,,directory_catalog,https://ejp-rd-vp.github.io/resource-metadata-schema/license/v1.0.txt,BBMRI-ERIC,English,Late-onset cerebellar ataxia,,,2026-07-23 05:02:06.175575,2026-07-23 05:02:06.175575,
672,bbmri-eric:ID:ES_BBSSPA:collection:CCA-00023,Amyotrophic Lateral Sclerosis Brain Tissues,ALS-TIS,Tissue samples obtained from brain autopsies of patients with Amyotrophic Lateral Sclerosis disease,https://www.juntadeandalucia.es/salud/biobanco/es,Andalusia,ES,,,bbmri-eric:contactID:ES_Aguilar-Quesada,bbmri-eric:contactID:ES_Aguilar-Quesada,ES,False,,,bbmri-eric:ID:ES_BBSSPA,Andalusian Public Health System Biobank,bbmri-eric:networkID:ES_PISCIIIBB,,,SAMPLE,BIOLOGICAL_SAMPLES,1,40.0,"nervous_system,rare_disease",2026-06-02 00:00:00.000,,accredited,2.0,0.0,"FEMALE,MALE",urn:miriam:icd:G12.2,42.0,70.0,YEAR,,"OTHER,TISSUE_FROZEN",temperature-60to-85,,,,True,True,,,True,,,,,sample_storage_sop,directory_catalog,https://ejp-rd-vp.github.io/resource-metadata-schema/license/v1.0.txt,BBMRI-ERIC,English,Spinal muscular atrophy and related syndromes - Motor neuron disease,,,2026-07-23 05:02:05.616822,2026-07-23 05:02:05.616822,
673,bbmri-eric:ID:ES_BioNER-IIER:collection:Lupus_eritematoso_discoide,Lupus eritematoso discoide,,Disease sample,https://www.isciii.es/QuienesSomos/CentrosPropios/IIER/Paginas/default.aspx,Madrid,ES,,,bbmri-eric:contactID:ES_Martinez_Delgado,bbmri-eric:contactID:ES_Martinez_Delgado,ES,False,,,bbmri-eric:ID:ES_BioNER-IIER,Rare Diseases National Biobank-Institute of Rare Diseases Research (Institute of Health Carlos III),bbmri-eric:networkID:ES_PISCIIIBB,,,RD,BIOLOGICAL_SAMPLES,1,15.0,rare_disease,,,,1.0,0.0,MALE,urn:miriam:icd:L93.0,,,YEAR,,"DNA,PERIPHERAL_BLOOD_CELLS,PLASMA,SERUM","temperature-60to-85,temperatureLN",,,,,,,,True,,,,,,directory_catalog,https://ejp-rd-vp.github.io/resource-metadata-schema/license/v1.0.txt,BBMRI-ERIC,English,Discoid lupus erythematosus,,,2026-07-23 05:02:05.920194,2026-07-23 05:02:05.920194,
676,bbmri-eric:ID:ES_BioNER-IIER:collection:Ictiosis_lamelar,Ictiosis lamelar,,Disease sample,https://www.isciii.es/QuienesSomos/CentrosPropios/IIER/Paginas/default.aspx,Madrid,ES,,,bbmri-eric:contactID:ES_Martinez_Delgado,bbmri-eric:contactID:ES_Martinez_Delgado,ES,False,,,bbmri-eric:ID:ES_BioNER-IIER,Rare Diseases National Biobank-Institute of Rare Diseases Research (Institute of Health Carlos III),bbmri-eric:networkID:ES_PISCIIIBB,,,RD,BIOLOGICAL_SAMPLES,2,201.0,rare_disease,,,,10.0,1.0,"MALE,FEMALE",urn:miriam:icd:Q80.2,,,YEAR,,"DNA,PERIPHERAL_BLOOD_CELLS,PLASMA,SERUM","temperature-60to-85,temperatureLN",,,,,,,,True,,,,,,directory_catalog,https://ejp-rd-vp.github.io/resource-metadata-schema/license/v1.0.txt,BBMRI-ERIC,English,Lamellar ichthyosis,,,2026-07-23 05:02:05.920194,2026-07-23 05:02:05.920194,
701,bbmri-eric:ID:ES_BioNER-IIER:collection:Inmunodeficiencia_variable_comun_no_especificada,"Inmunodeficiencia variable común, no especificada",,Disease sample;Disease control,https://www.isciii.es/QuienesSomos/CentrosPropios/IIER/Paginas/default.aspx,Madrid,ES,,,bbmri-eric:contactID:ES_Martinez_Delgado,bbmri-eric:contactID:ES_Martinez_Delgado,ES,False,,,bbmri-eric:ID:ES_BioNER-IIER,Rare Diseases National Biobank-Institute of Rare Diseases Research (Institute of Health Carlos III),bbmri-eric:networkID:ES_PISCIIIBB,,,RD,BIOLOGICAL_SAMPLES,1,49.0,"autoimmune,rare_disease",,,,3.0,0.0,"MALE,FEMALE",urn:miriam:icd:D83.9,,,YEAR,,"DNA,PERIPHERAL_BLOOD_CELLS,PLASMA,SERUM","temperature-60to-85,temperatureLN",,,,,,,,True,,,,,,directory_catalog,https://ejp-rd-vp.github.io/resource-metadata-schema/license/v1.0.txt,BBMRI-ERIC,English,"Common variable immunodeficiency,unspecified",,,2026-07-23 05:02:05.920194,2026-07-23 05:02:05.920194,
710,bbmri-eric:ID:ES_BBSSPA:collection:CCA-00030,"Rheumatoid arthritis, Ankylosing spondylitis and psoriatic arthitis control DNA",,"DNA samples obtained from patients without Rheumatoid arthritis, Ankylosing spondylitis or psoriatic arthritis",https://www.juntadeandalucia.es/salud/biobanco/es,Andalusia,ES,,,bbmri-eric:contactID:ES_Aguilar-Quesada,bbmri-eric:contactID:ES_Aguilar-Quesada,ES,False,,,bbmri-eric:ID:ES_BBSSPA,Andalusian Public Health System Biobank,bbmri-eric:networkID:ES_PISCIIIBB,,,SAMPLE,BIOLOGICAL_SAMPLES,2,581.0,"autoimmune,paediatrics",2026-06-02 00:00:00.000,,accredited,581.0,2.0,"FEMALE,MALE","urn:miriam:icd:M06.9,urn:miriam:icd:M45,urn:miriam:icd:L40.5",17.0,84.0,YEAR,,DNA,temperature-60to-85,,,,True,True,,,True,,,,,"sample_storage_sop,sample_processing_sop",directory_catalog,https://ejp-rd-vp.github.io/resource-metadata-schema/license/v1.0.txt,BBMRI-ERIC,English,"Rheumatoid arthritis,unspecified,Ankylosing spondylitis,Arthropathic psoriasis",,,2026-07-23 05:02:05.616822,2026-07-23 05:02:05.616822,
719,bbmri-eric:ID:ES_BBSSPA:collection:CCA-00021,Alzheimer's Brain Tissues,,Tissue samples obtained from brain autopsies of patients with Alzheimer's disease,https://www.juntadeandalucia.es/salud/biobanco/es,Andalusia,ES,,,bbmri-eric:contactID:ES_Aguilar-Quesada,bbmri-eric:contactID:ES_Aguilar-Quesada,ES,False,,,bbmri-eric:ID:ES_BBSSPA,Andalusian Public Health System Biobank,bbmri-eric:networkID:ES_PISCIIIBB,,,SAMPLE,BIOLOGICAL_SAMPLES,2,504.0,nervous_system,2026-06-02 00:00:00.000,,accredited,9.0,0.0,"FEMALE,MALE",urn:miriam:icd:G30,59.0,85.0,YEAR,,"OTHER,TISSUE_FROZEN,TISSUE_PARAFFIN_EMBEDDED,OTHER","temperature-60to-85,temperatureRoom",,,,True,True,,,True,,,,,sample_storage_sop,directory_catalog,https://ejp-rd-vp.github.io/resource-metadata-schema/license/v1.0.txt,BBMRI-ERIC,English,Alzheimer disease,,,2026-07-23 05:02:05.616822,2026-07-23 05:02:05.616822,
724,bbmri-eric:ID:ES_BioNER-IIER:collection:Long_QT_syndrome_Deafness,Long QT syndrome. Deafness,,Disease sample,https://www.isciii.es/QuienesSomos/CentrosPropios/IIER/Paginas/default.aspx,Madrid,ES,,,bbmri-eric:contactID:ES_Martinez_Delgado,bbmri-eric:contactID:ES_Martinez_Delgado,ES,False,,,bbmri-eric:ID:ES_BioNER-IIER,Rare Diseases National Biobank-Institute of Rare Diseases Research (Institute of Health Carlos III),bbmri-eric:networkID:ES_PISCIIIBB,,,RD,BIOLOGICAL_SAMPLES,0,3.0,"cardiovascular,rare_disease",,,,1.0,0.0,FEMALE,urn:miriam:icd:I45.8,,,YEAR,,DNA,temperature-60to-85,,,,,,,,True,,,,,,directory_catalog,https://ejp-rd-vp.github.io/resource-metadata-schema/license/v1.0.txt,BBMRI-ERIC,English,Other specified conduction disorders,,,2026-07-23 05:02:05.920194,2026-07-23 05:02:05.920194,
730,bbmri-eric:ID:ES_BBSSPA:collection:CCA-00018,Bronchial and lung neoplasms,,Bronchial and lung neoplasms,https://www.juntadeandalucia.es/salud/biobanco/es,Andalusia,ES,,,bbmri-eric:contactID:ES_Aguilar-Quesada,bbmri-eric:contactID:ES_Aguilar-Quesada,ES,False,,,bbmri-eric:ID:ES_BBSSPA,Andalusian Public Health System Biobank,bbmri-eric:networkID:ES_PISCIIIBB,,,SAMPLE,BIOLOGICAL_SAMPLES,2,1095.0,oncology,2026-06-02 00:00:00.000,,accredited,141.0,2.0,"FEMALE,MALE",urn:miriam:icd:C34,29.0,81.0,YEAR,,"PLASMA,SERUM,URINE,WHOLE_BLOOD,TISSUE_FROZEN,TISSUE_PARAFFIN_EMBEDDED,OTHER","temperature-60to-85,temperatureRoom",,,,True,True,,,True,,,,,"sample_processing_sop,sample_storage_sop",directory_catalog,https://ejp-rd-vp.github.io/resource-metadata-schema/license/v1.0.txt,BBMRI-ERIC,English,Malignant neoplasm of bronchus and lung,,,2026-07-23 05:02:05.616822,2026-07-23 05:02:05.616822,
740,bbmri-eric:ID:ES_BioNER-IIER:collection:Anemia_de_Blackfan-Diamond,Anemia de Blackfan-Diamond,,Disease sample,https://www.isciii.es/QuienesSomos/CentrosPropios/IIER/Paginas/default.aspx,Madrid,ES,,,bbmri-eric:contactID:ES_Martinez_Delgado,bbmri-eric:contactID:ES_Martinez_Delgado,ES,False,,,bbmri-eric:ID:ES_BioNER-IIER,Rare Diseases National Biobank-Institute of Rare Diseases Research (Institute of Health Carlos III),bbmri-eric:networkID:ES_PISCIIIBB,,,RD,BIOLOGICAL_SAMPLES,0,5.0,"autoimmune,rare_disease",,,,1.0,0.0,FEMALE,urn:miriam:icd:D61.0,,,YEAR,,"DNA,SALIVA",temperature-60to-85,,,,,,,,True,,,,,,directory_catalog,https://ejp-rd-vp.github.io/resource-metadata-schema/license/v1.0.txt,BBMRI-ERIC,English,Constitutional aplastic anaemia,,,2026-07-23 05:02:05.920194,2026-07-23 05:02:05.920194,
748,bbmri-eric:ID:ES_BioNER-IIER:collection:HIPOFIBRINOGENEMIA_FAMILIAR,HIPOFIBRINOGENEMIA FAMILIAR,,Disease sample,https://www.isciii.es/QuienesSomos/CentrosPropios/IIER/Paginas/default.aspx,Madrid,ES,,,bbmri-eric:contactID:ES_Martinez_Delgado,bbmri-eric:contactID:ES_Martinez_Delgado,ES,False,,,bbmri-eric:ID:ES_BioNER-IIER,Rare Diseases National Biobank-Institute of Rare Diseases Research (Institute of Health Carlos III),bbmri-eric:networkID:ES_PISCIIIBB,,,RD,BIOLOGICAL_SAMPLES,1,21.0,"autoimmune,rare_disease",,,,1.0,0.0,FEMALE,urn:miriam:icd:D68.2,,,YEAR,,"DNA,PERIPHERAL_BLOOD_CELLS,PLASMA,SERUM","temperature-60to-85,temperatureLN",,,,,,,,True,,,,,,directory_catalog,https://ejp-rd-vp.github.io/resource-metadata-schema/license/v1.0.txt,BBMRI-ERIC,English,Hereditary deficiency of other clotting factors,,,2026-07-23 05:02:05.920194,2026-07-23 05:02:05.920194,
754,bbmri-eric:ID:ES_BioNER-IIER:collection:Purpura_trombopenica_idiopatica,Púrpura trombopénica idiopática,,Disease sample,https://www.isciii.es/QuienesSomos/CentrosPropios/IIER/Paginas/default.aspx,Madrid,ES,,,bbmri-eric:contactID:ES_Martinez_Delgado,bbmri-eric:contactID:ES_Martinez_Delgado,ES,False,,,bbmri-eric:ID:ES_BioNER-IIER,Rare Diseases National Biobank-Institute of Rare Diseases Research (Institute of Health Carlos III),bbmri-eric:networkID:ES_PISCIIIBB,,,RD,BIOLOGICAL_SAMPLES,1,21.0,"autoimmune,rare_disease",,,,1.0,0.0,FEMALE,urn:miriam:icd:D69.3,,,YEAR,,"DNA,PERIPHERAL_BLOOD_CELLS,PLASMA,SERUM","temperature-60to-85,temperatureLN",,,,,,,,True,,,,,,directory_catalog,https://ejp-rd-vp.github.io/resource-metadata-schema/license/v1.0.txt,BBMRI-ERIC,English,Idiopathic thrombocytopenic purpura,,,2026-07-23 05:02:05.920194,2026-07-23 05:02:05.920194,
755,bbmri-eric:ID:ES_BioNER-IIER:collection:Purpura_trombocitopenica_trombotica,Púrpura trombocitopénica trombótica,,Disease sample,https://www.isciii.es/QuienesSomos/CentrosPropios/IIER/Paginas/default.aspx,Madrid,ES,,,bbmri-eric:contactID:ES_Martinez_Delgado,bbmri-eric:contactID:ES_Martinez_Delgado,ES,False,,,bbmri-eric:ID:ES_BioNER-IIER,Rare Diseases National Biobank-Institute of Rare Diseases Research (Institute of Health Carlos III),bbmri-eric:networkID:ES_PISCIIIBB,,,RD,BIOLOGICAL_SAMPLES,1,16.0,"autoimmune,rare_disease",,,,1.0,0.0,FEMALE,urn:miriam:icd:D69.4,,,YEAR,,"DNA,PERIPHERAL_BLOOD_CELLS,PLASMA,SERUM","temperature-60to-85,temperatureLN",,,,,,,,True,,,,,,directory_catalog,https://ejp-rd-vp.github.io/resource-metadata-schema/license/v1.0.txt,BBMRI-ERIC,English,Other primary thrombocytopenia,,,2026-07-23 05:02:05.920194,2026-07-23 05:02:05.920194,
757,bbmri-eric:ID:ES_BBSSPA:collection:CCA-00025,Brain Tissue Control,,Tissue samples obtained from brain autopsies of patients without nervous system disorders,https://www.juntadeandalucia.es/salud/biobanco/es,Andalusia,ES,,,bbmri-eric:contactID:ES_Aguilar-Quesada,bbmri-eric:contactID:ES_Aguilar-Quesada,ES,False,,,bbmri-eric:ID:ES_BBSSPA,Andalusian Public Health System Biobank,bbmri-eric:networkID:ES_PISCIIIBB,,,SAMPLE,BIOLOGICAL_SAMPLES,2,619.0,"nervous_system,paediatrics",2026-06-02 00:00:00.000,,accredited,14.0,1.0,"FEMALE,MALE",urn:miriam:icd:G00,0.0,85.0,YEAR,,"OTHER,TISSUE_FROZEN,TISSUE_PARAFFIN_EMBEDDED,OTHER","temperature-60to-85,temperatureRoom",,,,True,True,,,True,,,,,sample_storage_sop,directory_catalog,https://ejp-rd-vp.github.io/resource-metadata-schema/license/v1.0.txt,BBMRI-ERIC,English,"Bacterial meningitis,not elsewhere classified",,,2026-07-23 05:02:05.616822,2026-07-23 05:02:05.616822,
758,bbmri-eric:ID:ES_BioNER-IIER:collection:Sindrome_de_DiGeorge,Síndrome de DiGeorge,,Disease sample,https://www.isciii.es/QuienesSomos/CentrosPropios/IIER/Paginas/default.aspx,Madrid,ES,,,bbmri-eric:contactID:ES_Martinez_Delgado,bbmri-eric:contactID:ES_Martinez_Delgado,ES,False,,,bbmri-eric:ID:ES_BioNER-IIER,Rare Diseases National Biobank-Institute of Rare Diseases Research (Institute of Health Carlos III),bbmri-eric:networkID:ES_PISCIIIBB,,,RD,BIOLOGICAL_SAMPLES,0,5.0,"autoimmune,rare_disease",,,,1.0,0.0,MALE,urn:miriam:icd:D82.1,,,YEAR,,"DNA,SALIVA",temperature-60to-85,,,,,,,,True,,,,,,directory_catalog,https://ejp-rd-vp.github.io/resource-metadata-schema/license/v1.0.txt,BBMRI-ERIC,English,Immunodeficiency associated with other major defects - Di George syndrome,,,2026-07-23 05:02:05.920194,2026-07-23 05:02:05.920194,
762,bbmri-eric:ID:ES_BioNER-IIER:collection:HEMANGIOMA_Y_LINFANGIOMA_DE_CUALQUIER_SITIO,HEMANGIOMA Y LINFANGIOMA DE CUALQUIER SITIO,,Disease sample,https://www.isciii.es/QuienesSomos/CentrosPropios/IIER/Paginas/default.aspx,Madrid,ES,,,bbmri-eric:contactID:ES_Martinez_Delgado,bbmri-eric:contactID:ES_Martinez_Delgado,ES,False,,,bbmri-eric:ID:ES_BioNER-IIER,Rare Diseases National Biobank-Institute of Rare Diseases Research (Institute of Health Carlos III),bbmri-eric:networkID:ES_PISCIIIBB,,,RD,BIOLOGICAL_SAMPLES,1,21.0,"oncology,rare_disease",,,,1.0,0.0,FEMALE,urn:miriam:icd:D18,,,YEAR,,"DNA,PERIPHERAL_BLOOD_CELLS,PLASMA,SERUM","temperature-60to-85,temperatureLN",,,,,,,,True,,,,,,directory_catalog,https://ejp-rd-vp.github.io/resource-metadata-schema/license/v1.0.txt,BBMRI-ERIC,English,"Haemangioma and lymphangioma,any site",,,2026-07-23 05:02:05.920194,2026-07-23 05:02:05.920194,
765,bbmri-eric:ID:ES_BioNER-IIER:collection:ANGIOEDEMA_FAMILIAR,ANGIOEDEMA FAMILIAR,,Disease sample,https://www.isciii.es/QuienesSomos/CentrosPropios/IIER/Paginas/default.aspx,Madrid,ES,,,bbmri-eric:contactID:ES_Martinez_Delgado,bbmri-eric:contactID:ES_Martinez_Delgado,ES,False,,,bbmri-eric:ID:ES_BioNER-IIER,Rare Diseases National Biobank-Institute of Rare Diseases Research (Institute of Health Carlos III),bbmri-eric:networkID:ES_PISCIIIBB,,,RD,BIOLOGICAL_SAMPLES,1,21.0,"autoimmune,rare_disease",,,,1.0,0.0,FEMALE,urn:miriam:icd:D84.1,,,YEAR,,"DNA,PERIPHERAL_BLOOD_CELLS,PLASMA,SERUM","temperature-60to-85,temperatureLN",,,,,,,,True,,,,,,directory_catalog,https://ejp-rd-vp.github.io/resource-metadata-schema/license/v1.0.txt,BBMRI-ERIC,English,Other immunodeficiencies - Defects in the complement system,,,2026-07-23 05:02:05.920194,2026-07-23 05:02:05.920194,
766,bbmri-eric:ID:ES_BioNER-IIER:collection:Sindrome_de_coreoatetosis-hipotiroidismo-dificultad_respiratoria_neonatal,Síndrome de coreoatetosis-hipotiroidismo-dificultad respiratoria neonatal,,Disease sample;Disease control,https://www.isciii.es/QuienesSomos/CentrosPropios/IIER/Paginas/default.aspx,Madrid,ES,,,bbmri-eric:contactID:ES_Martinez_Delgado,bbmri-eric:contactID:ES_Martinez_Delgado,ES,False,,,bbmri-eric:ID:ES_BioNER-IIER,Rare Diseases National Biobank-Institute of Rare Diseases Research (Institute of Health Carlos III),bbmri-eric:networkID:ES_PISCIIIBB,,,RD,BIOLOGICAL_SAMPLES,1,63.0,"rare_disease,metabolic",,,,3.0,0.0,"MALE,FEMALE",urn:miriam:icd:E03.1,,,YEAR,,"DNA,PERIPHERAL_BLOOD_CELLS,OTHER,BUFFY_COAT,PLASMA,SERUM","temperature-60to-85,temperatureLN",,,,,,,,True,,,,,,directory_catalog,https://ejp-rd-vp.github.io/resource-metadata-schema/license/v1.0.txt,BBMRI-ERIC,English,Congenital hypothyroidism without goitre,,,2026-07-23 05:02:05.920194,2026-07-23 05:02:05.920194,
767,bbmri-eric:ID:ES_BioNER-IIER:collection:Acromegalia,Acromegalia,,Disease sample,https://www.isciii.es/QuienesSomos/CentrosPropios/IIER/Paginas/default.aspx,Madrid,ES,,,bbmri-eric:contactID:ES_Martinez_Delgado,bbmri-eric:contactID:ES_Martinez_Delgado,ES,False,,,bbmri-eric:ID:ES_BioNER-IIER,Rare Diseases National Biobank-Institute of Rare Diseases Research (Institute of Health Carlos III),bbmri-eric:networkID:ES_PISCIIIBB,,,RD,BIOLOGICAL_SAMPLES,1,15.0,"rare_disease,metabolic",,,,1.0,0.0,MALE,urn:miriam:icd:E22.0,,,YEAR,,"DNA,PERIPHERAL_BLOOD_CELLS,PLASMA,SERUM","temperature-60to-85,temperatureLN",,,,,,,,True,,,,,,directory_catalog,https://ejp-rd-vp.github.io/resource-metadata-schema/license/v1.0.txt,BBMRI-ERIC,English,Acromegaly and pituitary gigantism,,,2026-07-23 05:02:05.920194,2026-07-23 05:02:05.920194,
768,bbmri-eric:ID:ES_BioNER-IIER:collection:Hiperplasia_adrenal_congenita,Hiperplasia adrenal congénita,,Disease sample,https://www.isciii.es/QuienesSomos/CentrosPropios/IIER/Paginas/default.aspx,Madrid,ES,,,bbmri-eric:contactID:ES_Martinez_Delgado,bbmri-eric:contactID:ES_Martinez_Delgado,ES,False,,,bbmri-eric:ID:ES_BioNER-IIER,Rare Diseases National Biobank-Institute of Rare Diseases Research (Institute of Health Carlos III),bbmri-eric:networkID:ES_PISCIIIBB,,,RD,BIOLOGICAL_SAMPLES,1,21.0,"rare_disease,metabolic",,,,1.0,0.0,MALE,urn:miriam:icd:E25.0,,,YEAR,,"DNA,PERIPHERAL_BLOOD_CELLS,PLASMA,SERUM","temperature-60to-85,temperatureLN",,,,,,,,True,,,,,,directory_catalog,https://ejp-rd-vp.github.io/resource-metadata-schema/license/v1.0.txt,BBMRI-ERIC,English,Congenital adrenogenital disorders associated with enzyme deficiency,,,2026-07-23 05:02:05.920194,2026-07-23 05:02:05.920194,
770,bbmri-eric:ID:ES_BioNER-IIER:collection:Enfermedad_de_Addison,Enfermedad de Addison,,Disease sample,https://www.isciii.es/QuienesSomos/CentrosPropios/IIER/Paginas/default.aspx,Madrid,ES,,,bbmri-eric:contactID:ES_Martinez_Delgado,bbmri-eric:contactID:ES_Martinez_Delgado,ES,False,,,bbmri-eric:ID:ES_BioNER-IIER,Rare Diseases National Biobank-Institute of Rare Diseases Research (Institute of Health Carlos III),bbmri-eric:networkID:ES_PISCIIIBB,,,RD,BIOLOGICAL_SAMPLES,1,14.0,"rare_disease,metabolic",,,,1.0,0.0,MALE,urn:miriam:icd:E27.1,,,YEAR,,"DNA,PERIPHERAL_BLOOD_CELLS,PLASMA,SERUM","temperature-60to-85,temperatureLN",,,,,,,,True,,,,,,directory_catalog,https://ejp-rd-vp.github.io/resource-metadata-schema/license/v1.0.txt,BBMRI-ERIC,English,Other disorders of adrenal gland - Primary adrenocortical insufficiency,,,2026-07-23 05:02:05.920194,2026-07-23 05:02:05.920194,
774,bbmri-eric:ID:ES_BioNER-IIER:collection:Aciduria_3-metilglutaconica,Aciduria 3-metilglutacónica,,Disease sample;Disease control,https://www.isciii.es/QuienesSomos/CentrosPropios/IIER/Paginas/default.aspx,Madrid,ES,,,bbmri-eric:contactID:ES_Martinez_Delgado,bbmri-eric:contactID:ES_Martinez_Delgado,ES,False,,,bbmri-eric:ID:ES_BioNER-IIER,Rare Diseases National Biobank-Institute of Rare Diseases Research (Institute of Health Carlos III),bbmri-eric:networkID:ES_PISCIIIBB,,,RD,BIOLOGICAL_SAMPLES,0,3.0,"rare_disease,metabolic",,,,3.0,0.0,"MALE,FEMALE",urn:miriam:icd:E71.1,,,YEAR,,DNA,temperature-60to-85,,,,,,,,True,,,,,,directory_catalog,https://ejp-rd-vp.github.io/resource-metadata-schema/license/v1.0.txt,BBMRI-ERIC,English,Other disorders of branched-chain amino-acid metabolism,,,2026-07-23 05:02:05.920194,2026-07-23 05:02:05.920194,
777,bbmri-eric:ID:ES_BioNER-IIER:collection:Leucoencefalopatia_con_afectacion_del_tronco_del_encefalo_y_medula_espinal_y_elevacion_del_lactato-DARS2,Leucoencefalopatía con afectación del tronco del encéfalo y médula espinal y elevación del lactato - DARS2,,Disease sample;Disease control,https://www.isciii.es/QuienesSomos/CentrosPropios/IIER/Paginas/default.aspx,Madrid,ES,,,bbmri-eric:contactID:ES_Martinez_Delgado,bbmri-eric:contactID:ES_Martinez_Delgado,ES,False,,,bbmri-eric:ID:ES_BioNER-IIER,Rare Diseases National Biobank-Institute of Rare Diseases Research (Institute of Health Carlos III),bbmri-eric:networkID:ES_PISCIIIBB,,,RD,BIOLOGICAL_SAMPLES,1,53.0,"rare_disease,metabolic",,,,3.0,0.0,"MALE,FEMALE",urn:miriam:icd:E75.2,,,YEAR,,"DNA,PERIPHERAL_BLOOD_CELLS,OTHER,BUFFY_COAT,PLASMA,SERUM","temperature-60to-85,temperatureLN",,,,,,,,True,,,,,,directory_catalog,https://ejp-rd-vp.github.io/resource-metadata-schema/license/v1.0.txt,BBMRI-ERIC,English,Other sphingolipidosis,,,2026-07-23 05:02:05.920194,2026-07-23 05:02:05.920194,
781,bbmri-eric:ID:ES_BioNER-IIER:collection:Histiocitosis_de_celulas_de_Langerhans,Histiocitosis de células de Langerhans,,Disease sample,https://www.isciii.es/QuienesSomos/CentrosPropios/IIER/Paginas/default.aspx,Madrid,ES,,,bbmri-eric:contactID:ES_Martinez_Delgado,bbmri-eric:contactID:ES_Martinez_Delgado,ES,False,,,bbmri-eric:ID:ES_BioNER-IIER,Rare Diseases National Biobank-Institute of Rare Diseases Research (Institute of Health Carlos III),bbmri-eric:networkID:ES_PISCIIIBB,,,RD,BIOLOGICAL_SAMPLES,1,29.0,"autoimmune,rare_disease",,,,2.0,0.0,"MALE,FEMALE",urn:miriam:icd:D76,,,YEAR,,"DNA,PERIPHERAL_BLOOD_CELLS,PLASMA,SERUM","temperature-60to-85,temperatureLN",,,,,,,,True,,,,,,directory_catalog,https://ejp-rd-vp.github.io/resource-metadata-schema/license/v1.0.txt,BBMRI-ERIC,English,Other specified diseases with participation of lymphoreticular and reticulohistiocytic tissue,,,2026-07-23 05:02:05.920194,2026-07-23 05:02:05.920194,
782,bbmri-eric:ID:ES_BioNER-IIER:collection:Cistinosis,Cistinosis,,Disease sample,https://www.isciii.es/QuienesSomos/CentrosPropios/IIER/Paginas/default.aspx,Madrid,ES,,,bbmri-eric:contactID:ES_Martinez_Delgado,bbmri-eric:contactID:ES_Martinez_Delgado,ES,False,,,bbmri-eric:ID:ES_BioNER-IIER,Rare Diseases National Biobank-Institute of Rare Diseases Research (Institute of Health Carlos III),bbmri-eric:networkID:ES_PISCIIIBB,,,RD,BIOLOGICAL_SAMPLES,1,15.0,"rare_disease,metabolic",,,,1.0,0.0,MALE,urn:miriam:icd:E72.0,,,YEAR,,"DNA,PERIPHERAL_BLOOD_CELLS,PLASMA,SERUM","temperature-60to-85,temperatureLN",,,,,,,,True,,,,,,directory_catalog,https://ejp-rd-vp.github.io/resource-metadata-schema/license/v1.0.txt,BBMRI-ERIC,English,Disorders of amino-acid transport,,,2026-07-23 05:02:05.920194,2026-07-23 05:02:05.920194,
788,bbmri-eric:ID:ES_BioNER-IIER:collection:Sindrome_de_Brown_Vialetto_van_Laere_tipo_2,Síndrome de Brown Vialetto van Laere tipo 2,,Disease sample;Disease control,https://www.isciii.es/QuienesSomos/CentrosPropios/IIER/Paginas/default.aspx,Madrid,ES,,,bbmri-eric:contactID:ES_Martinez_Delgado,bbmri-eric:contactID:ES_Martinez_Delgado,ES,False,,,bbmri-eric:ID:ES_BioNER-IIER,Rare Diseases National Biobank-Institute of Rare Diseases Research (Institute of Health Carlos III),bbmri-eric:networkID:ES_PISCIIIBB,,,RD,BIOLOGICAL_SAMPLES,1,83.0,"rare_disease,metabolic",,,,4.0,0.0,"MALE,FEMALE",urn:miriam:icd:E53.0,,,YEAR,,"DNA,PERIPHERAL_BLOOD_CELLS,BUFFY_COAT,PLASMA,SERUM","temperature-60to-85,temperatureLN",,,,,,,,True,,,,,,directory_catalog,https://ejp-rd-vp.github.io/resource-metadata-schema/license/v1.0.txt,BBMRI-ERIC,English,Riboflavin deficiency,,,2026-07-23 05:02:05.920194,2026-07-23 05:02:05.920194,
789,bbmri-eric:ID:ES_BioNER-IIER:collection:Gangliosidosis_GM1,Gangliosidosis GM1,,Disease sample;Disease control,https://www.isciii.es/QuienesSomos/CentrosPropios/IIER/Paginas/default.aspx,Madrid,ES,,,bbmri-eric:contactID:ES_Martinez_Delgado,bbmri-eric:contactID:ES_Martinez_Delgado,ES,False,,,bbmri-eric:ID:ES_BioNER-IIER,Rare Diseases National Biobank-Institute of Rare Diseases Research (Institute of Health Carlos III),bbmri-eric:networkID:ES_PISCIIIBB,,,RD,BIOLOGICAL_SAMPLES,1,17.0,"rare_disease,metabolic",,,,4.0,0.0,"MALE,FEMALE",urn:miriam:icd:E75.1,,,YEAR,,"DNA,SALIVA",temperature-60to-85,,,,,,,,True,,,,,,directory_catalog,https://ejp-rd-vp.github.io/resource-metadata-schema/license/v1.0.txt,BBMRI-ERIC,English,Other gangliosidosis,,,2026-07-23 05:02:05.920194,2026-07-23 05:02:05.920194,
793,bbmri-eric:ID:ES_BioNER-IIER:collection:Mucopolisacaridosis_tipo_4,Mucopolisacaridosis tipo 4,,Disease sample,https://www.isciii.es/QuienesSomos/CentrosPropios/IIER/Paginas/default.aspx,Madrid,ES,,,bbmri-eric:contactID:ES_Martinez_Delgado,bbmri-eric:contactID:ES_Martinez_Delgado,ES,False,,,bbmri-eric:ID:ES_BioNER-IIER,Rare Diseases National Biobank-Institute of Rare Diseases Research (Institute of Health Carlos III),bbmri-eric:networkID:ES_PISCIIIBB,,,RD,BIOLOGICAL_SAMPLES,1,21.0,"rare_disease,metabolic",,,,1.0,0.0,FEMALE,urn:miriam:icd:E76.2,,,YEAR,,"DNA,PERIPHERAL_BLOOD_CELLS,PLASMA,SERUM","temperature-60to-85,temperatureLN",,,,,,,,True,,,,,,directory_catalog,https://ejp-rd-vp.github.io/resource-metadata-schema/license/v1.0.txt,BBMRI-ERIC,English,Disorders of glycosaminoglycan metabolism - Other mucopolysaccharidoses,,,2026-07-23 05:02:05.920194,2026-07-23 05:02:05.920194,
795,bbmri-eric:ID:ES_BioNER-IIER:collection:Fucosidosis-FUCA1,Fucosidosis-FUCA1,,Disease sample;Disease control,https://www.isciii.es/QuienesSomos/CentrosPropios/IIER/Paginas/default.aspx,Madrid,ES,,,bbmri-eric:contactID:ES_Martinez_Delgado,bbmri-eric:contactID:ES_Martinez_Delgado,ES,False,,,bbmri-eric:ID:ES_BioNER-IIER,Rare Diseases National Biobank-Institute of Rare Diseases Research (Institute of Health Carlos III),bbmri-eric:networkID:ES_PISCIIIBB,,,RD,BIOLOGICAL_SAMPLES,1,41.0,"rare_disease,metabolic",,,,3.0,0.0,"MALE,FEMALE",urn:miriam:icd:E77.1,,,YEAR,,"DNA,PERIPHERAL_BLOOD_CELLS,OTHER,BUFFY_COAT,PLASMA,SERUM","temperature-60to-85,temperatureLN",,,,,,,,True,,,,,,directory_catalog,https://ejp-rd-vp.github.io/resource-metadata-schema/license/v1.0.txt,BBMRI-ERIC,English,Defects in glycoprotein degradation,,,2026-07-23 05:02:05.920194,2026-07-23 05:02:05.920194,
796,bbmri-eric:ID:ES_BioNER-IIER:collection:Sindrome_CDG_de_tipo_1a,Síndrome CDG de tipo 1a,,Disease sample,https://www.isciii.es/QuienesSomos/CentrosPropios/IIER/Paginas/default.aspx,Madrid,ES,,,bbmri-eric:contactID:ES_Martinez_Delgado,bbmri-eric:contactID:ES_Martinez_Delgado,ES,False,,,bbmri-eric:ID:ES_BioNER-IIER,Rare Diseases National Biobank-Institute of Rare Diseases Research (Institute of Health Carlos III),bbmri-eric:networkID:ES_PISCIIIBB,,,RD,BIOLOGICAL_SAMPLES,0,4.0,"rare_disease,metabolic",,,,2.0,0.0,"MALE,FEMALE",urn:miriam:icd:E77.8,,,YEAR,,DNA,temperature-60to-85,,,,,,,,True,,,,,,directory_catalog,https://ejp-rd-vp.github.io/resource-metadata-schema/license/v1.0.txt,BBMRI-ERIC,English,Other disorders of glycoprotein metabolism,,,2026-07-23 05:02:05.920194,2026-07-23 05:02:05.920194,
799,bbmri-eric:ID:ES_BioNER-IIER:collection:Deficit_parcial_de_hipoxantina_guanina_fosforribosil_transferasa,Déficit parcial de hipoxantina guanina fosforribosil transferasa,,Disease sample;Disease control,https://www.isciii.es/QuienesSomos/CentrosPropios/IIER/Paginas/default.aspx,Madrid,ES,,,bbmri-eric:contactID:ES_Martinez_Delgado,bbmri-eric:contactID:ES_Martinez_Delgado,ES,False,,,bbmri-eric:ID:ES_BioNER-IIER,Rare Diseases National Biobank-Institute of Rare Diseases Research (Institute of Health Carlos III),bbmri-eric:networkID:ES_PISCIIIBB,,,RD,BIOLOGICAL_SAMPLES,1,42.0,"rare_disease,metabolic",,,,3.0,0.0,"MALE,FEMALE",urn:miriam:icd:E79.8,,,YEAR,,"DNA,PERIPHERAL_BLOOD_CELLS,PLASMA,SERUM","temperature-60to-85,temperatureLN",,,,,,,,True,,,,,,directory_catalog,https://ejp-rd-vp.github.io/resource-metadata-schema/license/v1.0.txt,BBMRI-ERIC,English,Other disorders of purine and pyrimidine metabolism,,,2026-07-23 05:02:06.175575,2026-07-23 05:02:06.175575,
801,bbmri-eric:ID:ES_BioNER-IIER:collection:Adrenoleucodistrofia_ligada_a_X,Adrenoleucodistrofia ligada a X,,Disease sample;Disease control,https://www.isciii.es/QuienesSomos/CentrosPropios/IIER/Paginas/default.aspx,Madrid,ES,,,bbmri-eric:contactID:ES_Martinez_Delgado,bbmri-eric:contactID:ES_Martinez_Delgado,ES,False,,,bbmri-eric:ID:ES_BioNER-IIER,Rare Diseases National Biobank-Institute of Rare Diseases Research (Institute of Health Carlos III),bbmri-eric:networkID:ES_PISCIIIBB,,,RD,BIOLOGICAL_SAMPLES,2,217.0,"rare_disease,metabolic",,,,15.0,1.0,"MALE,FEMALE",urn:miriam:icd:E71.3,,,YEAR,,"DNA,PERIPHERAL_BLOOD_CELLS,PLASMA,SALIVA,SERUM","temperature-60to-85,temperatureLN",,,,,,,,True,,,,,,directory_catalog,https://ejp-rd-vp.github.io/resource-metadata-schema/license/v1.0.txt,BBMRI-ERIC,English,Disorders of fatty-acid metabolism,,,2026-07-23 05:02:05.920194,2026-07-23 05:02:05.920194,
806,bbmri-eric:ID:ES_BioNER-IIER:collection:Porfiria_eritropoyetica_congenita,Porfiria eritropoyética congénita,,Disease sample,https://www.isciii.es/QuienesSomos/CentrosPropios/IIER/Paginas/default.aspx,Madrid,ES,,,bbmri-eric:contactID:ES_Martinez_Delgado,bbmri-eric:contactID:ES_Martinez_Delgado,ES,False,,,bbmri-eric:ID:ES_BioNER-IIER,Rare Diseases National Biobank-Institute of Rare Diseases Research (Institute of Health Carlos III),bbmri-eric:networkID:ES_PISCIIIBB,,,RD,BIOLOGICAL_SAMPLES,1,18.0,"rare_disease,metabolic",,,,1.0,0.0,FEMALE,urn:miriam:icd:E80.0,,,YEAR,,"DNA,PERIPHERAL_BLOOD_CELLS,PLASMA,SERUM","temperature-60to-85,temperatureLN",,,,,,,,True,,,,,,directory_catalog,https://ejp-rd-vp.github.io/resource-metadata-schema/license/v1.0.txt,BBMRI-ERIC,English,Disorders of porphyrin and bilirubin metabolism - Hereditary erythropoietic porphyria,,,2026-07-23 05:02:06.175575,2026-07-23 05:02:06.175575,
809,bbmri-eric:ID:ES_BioNER-IIER:collection:Porfiria_Aguda_Intermitente,Porfiria Aguda Intermitente,,Disease sample,https://www.isciii.es/QuienesSomos/CentrosPropios/IIER/Paginas/default.aspx,Madrid,ES,,,bbmri-eric:contactID:ES_Martinez_Delgado,bbmri-eric:contactID:ES_Martinez_Delgado,ES,False,,,bbmri-eric:ID:ES_BioNER-IIER,Rare Diseases National Biobank-Institute of Rare Diseases Research (Institute of Health Carlos III),bbmri-eric:networkID:ES_PISCIIIBB,,,RD,BIOLOGICAL_SAMPLES,2,115.0,"rare_disease,metabolic",,,,6.0,0.0,"MALE,FEMALE",urn:miriam:icd:E80.2,,,YEAR,,"DNA,PERIPHERAL_BLOOD_CELLS,PLASMA,SERUM","temperature-60to-85,temperatureLN",,,,,,,,True,,,,,,directory_catalog,https://ejp-rd-vp.github.io/resource-metadata-schema/license/v1.0.txt,BBMRI-ERIC,English,Disorders of porphyrin and bilirubin metabolism - Other porphyria,,,2026-07-23 05:02:06.175575,2026-07-23 05:02:06.175575,
819,bbmri-eric:ID:ES_BioNER-IIER:collection:Porfiria_variegata,Porfiria variegata,,Disease sample,https://www.isciii.es/QuienesSomos/CentrosPropios/IIER/Paginas/default.aspx,Madrid,ES,,,bbmri-eric:contactID:ES_Martinez_Delgado,bbmri-eric:contactID:ES_Martinez_Delgado,ES,False,,,bbmri-eric:ID:ES_BioNER-IIER,Rare Diseases National Biobank-Institute of Rare Diseases Research (Institute of Health Carlos III),bbmri-eric:networkID:ES_PISCIIIBB,,,RD,BIOLOGICAL_SAMPLES,1,63.0,"rare_disease,metabolic",,,,3.0,0.0,"MALE,FEMALE",urn:miriam:icd:E80.2,,,YEAR,,"DNA,PERIPHERAL_BLOOD_CELLS,PLASMA,SERUM","temperature-60to-85,temperatureLN",,,,,,,,True,,,,,,directory_catalog,https://ejp-rd-vp.github.io/resource-metadata-schema/license/v1.0.txt,BBMRI-ERIC,English,Disorders of porphyrin and bilirubin metabolism - Other porphyria,,,2026-07-23 05:02:06.175575,2026-07-23 05:02:06.175575,
820,bbmri-eric:ID:ES_BioNER-IIER:collection:Sindrome_de_Rotor,Síndrome de Rotor,,Disease sample,https://www.isciii.es/QuienesSomos/CentrosPropios/IIER/Paginas/default.aspx,Madrid,ES,,,bbmri-eric:contactID:ES_Martinez_Delgado,bbmri-eric:contactID:ES_Martinez_Delgado,ES,False,,,bbmri-eric:ID:ES_BioNER-IIER,Rare Diseases National Biobank-Institute of Rare Diseases Research (Institute of Health Carlos III),bbmri-eric:networkID:ES_PISCIIIBB,,,RD,BIOLOGICAL_SAMPLES,0,5.0,"rare_disease,metabolic",,,,1.0,0.0,MALE,urn:miriam:icd:E80.6,,,YEAR,,"DNA,SALIVA",temperature-60to-85,,,,,,,,True,,,,,,directory_catalog,https://ejp-rd-vp.github.io/resource-metadata-schema/license/v1.0.txt,BBMRI-ERIC,English,Other disorders of bilirubin metabolism,,,2026-07-23 05:02:06.175575,2026-07-23 05:02:06.175575,
825,bbmri-eric:ID:ES_BioNER-IIER:collection:Sindrome_Usmani-Riazuddin_autosomica_dominante,"Síndrome Usmani-Riazuddin, autosómica dominante",,Disease sample;Disease control,https://www.isciii.es/QuienesSomos/CentrosPropios/IIER/Paginas/default.aspx,Madrid,ES,,,bbmri-eric:contactID:ES_Martinez_Delgado,bbmri-eric:contactID:ES_Martinez_Delgado,ES,False,,,bbmri-eric:ID:ES_BioNER-IIER,Rare Diseases National Biobank-Institute of Rare Diseases Research (Institute of Health Carlos III),bbmri-eric:networkID:ES_PISCIIIBB,,,RD,BIOLOGICAL_SAMPLES,1,34.0,rare_disease,,,,3.0,0.0,"MALE,FEMALE",urn:miriam:icd:F79.9,,,YEAR,,"DNA,PERIPHERAL_BLOOD_CELLS,OTHER,BUFFY_COAT,PLASMA,SERUM","temperature-60to-85,temperatureLN",,,,,,,,True,,,,,,directory_catalog,https://ejp-rd-vp.github.io/resource-metadata-schema/license/v1.0.txt,BBMRI-ERIC,English,Unspecified mental retardation - Unspecified mental retardation: Without mention of impairment of behaviour,,,2026-07-23 05:02:06.175575,2026-07-23 05:02:06.175575,
830,bbmri-eric:ID:ES_BioNER-IIER:collection:Enfermedad_de_Wilson,Enfermedad de Wilson,,Disease sample,https://www.isciii.es/QuienesSomos/CentrosPropios/IIER/Paginas/default.aspx,Madrid,ES,,,bbmri-eric:contactID:ES_Martinez_Delgado,bbmri-eric:contactID:ES_Martinez_Delgado,ES,False,,,bbmri-eric:ID:ES_BioNER-IIER,Rare Diseases National Biobank-Institute of Rare Diseases Research (Institute of Health Carlos III),bbmri-eric:networkID:ES_PISCIIIBB,,,RD,BIOLOGICAL_SAMPLES,1,14.0,"rare_disease,metabolic",,,,1.0,0.0,MALE,urn:miriam:icd:E83.0,,,YEAR,,"DNA,PERIPHERAL_BLOOD_CELLS,PLASMA,SERUM","temperature-60to-85,temperatureLN",,,,,,,,True,,,,,,directory_catalog,https://ejp-rd-vp.github.io/resource-metadata-schema/license/v1.0.txt,BBMRI-ERIC,English,Disorders of copper metabolism,,,2026-07-23 05:02:06.175575,2026-07-23 05:02:06.175575,
841,bbmri-eric:ID:ES_BioNER-IIER:collection:Hipofosfatasia_del_adulto,Hipofosfatasia del adulto,,Disease sample,https://www.isciii.es/QuienesSomos/CentrosPropios/IIER/Paginas/default.aspx,Madrid,ES,,,bbmri-eric:contactID:ES_Martinez_Delgado,bbmri-eric:contactID:ES_Martinez_Delgado,ES,False,,,bbmri-eric:ID:ES_BioNER-IIER,Rare Diseases National Biobank-Institute of Rare Diseases Research (Institute of Health Carlos III),bbmri-eric:networkID:ES_PISCIIIBB,,,RD,BIOLOGICAL_SAMPLES,1,20.0,"rare_disease,metabolic",,,,1.0,0.0,FEMALE,urn:miriam:icd:E83.3,,,YEAR,,"DNA,PERIPHERAL_BLOOD_CELLS,OTHER,BUFFY_COAT,PLASMA,SERUM","temperature-60to-85,temperatureLN",,,,,,,,True,,,,,,directory_catalog,https://ejp-rd-vp.github.io/resource-metadata-schema/license/v1.0.txt,BBMRI-ERIC,English,Disorders of phosphorus metabolism and phosphatases,,,2026-07-23 05:02:06.175575,2026-07-23 05:02:06.175575,
847,bbmri-eric:ID:ES_BioNER-IIER:collection:Leucodistrofia_metacromatica,Leucodistrofia metacromática,,Disease sample,https://www.isciii.es/QuienesSomos/CentrosPropios/IIER/Paginas/default.aspx,Madrid,ES,,,bbmri-eric:contactID:ES_Martinez_Delgado,bbmri-eric:contactID:ES_Martinez_Delgado,ES,False,,,bbmri-eric:ID:ES_BioNER-IIER,Rare Diseases National Biobank-Institute of Rare Diseases Research (Institute of Health Carlos III),bbmri-eric:networkID:ES_PISCIIIBB,,,RD,BIOLOGICAL_SAMPLES,1,21.0,"rare_disease,metabolic",,,,1.0,0.0,MALE,urn:miriam:icd:E75.2,,,YEAR,,"DNA,PERIPHERAL_BLOOD_CELLS,PLASMA,SERUM","temperature-60to-85,temperatureLN",,,,,,,,True,,,,,,directory_catalog,https://ejp-rd-vp.github.io/resource-metadata-schema/license/v1.0.txt,BBMRI-ERIC,English,Other sphingolipidosis,,,2026-07-23 05:02:05.920194,2026-07-23 05:02:05.920194,
852,bbmri-eric:ID:ES_BioNER-IIER:collection:FIBROSIS_QUiSTICA,FIBROSIS QUÍSTICA,,Disease sample,https://www.isciii.es/QuienesSomos/CentrosPropios/IIER/Paginas/default.aspx,Madrid,ES,,,bbmri-eric:contactID:ES_Martinez_Delgado,bbmri-eric:contactID:ES_Martinez_Delgado,ES,False,,,bbmri-eric:ID:ES_BioNER-IIER,Rare Diseases National Biobank-Institute of Rare Diseases Research (Institute of Health Carlos III),bbmri-eric:networkID:ES_PISCIIIBB,,,RD,BIOLOGICAL_SAMPLES,2,170.0,"rare_disease,metabolic",,,,9.0,0.0,"MALE,FEMALE",urn:miriam:icd:E84,,,YEAR,,"DNA,PERIPHERAL_BLOOD_CELLS,PLASMA,SERUM","temperature-60to-85,temperatureLN",,,,,,,,True,,,,,,directory_catalog,https://ejp-rd-vp.github.io/resource-metadata-schema/license/v1.0.txt,BBMRI-ERIC,English,Cystic fibrosis,,,2026-07-23 05:02:06.175575,2026-07-23 05:02:06.175575,
855,bbmri-eric:ID:ES_BioNER-IIER:collection:Lipomatosis_epidural_sacra_idiopatica,Lipomatosis epidural sacra idiopática,,Disease sample,https://www.isciii.es/QuienesSomos/CentrosPropios/IIER/Paginas/default.aspx,Madrid,ES,,,bbmri-eric:contactID:ES_Martinez_Delgado,bbmri-eric:contactID:ES_Martinez_Delgado,ES,False,,,bbmri-eric:ID:ES_BioNER-IIER,Rare Diseases National Biobank-Institute of Rare Diseases Research (Institute of Health Carlos III),bbmri-eric:networkID:ES_PISCIIIBB,,,RD,BIOLOGICAL_SAMPLES,0,5.0,"rare_disease,metabolic",,,,1.0,0.0,FEMALE,urn:miriam:icd:E88.2,,,YEAR,,"DNA,SALIVA",temperature-60to-85,,,,,,,,True,,,,,,directory_catalog,https://ejp-rd-vp.github.io/resource-metadata-schema/license/v1.0.txt,BBMRI-ERIC,English,"Other metabolic disorders - Lipomatosis,not elsewhere classified",,,2026-07-23 05:02:06.175575,2026-07-23 05:02:06.175575,
858,bbmri-eric:ID:ES_BioNER-IIER:collection:Deficit_del_complejo_I_de_la_cadena_respiratoria,Deficit del complejo I de la cadena respiratoria,,Disease sample;Disease control,https://www.isciii.es/QuienesSomos/CentrosPropios/IIER/Paginas/default.aspx,Madrid,ES,,,bbmri-eric:contactID:ES_Martinez_Delgado,bbmri-eric:contactID:ES_Martinez_Delgado,ES,False,,,bbmri-eric:ID:ES_BioNER-IIER,Rare Diseases National Biobank-Institute of Rare Diseases Research (Institute of Health Carlos III),bbmri-eric:networkID:ES_PISCIIIBB,,,RD,BIOLOGICAL_SAMPLES,1,14.0,"rare_disease,metabolic",,,,4.0,0.0,"MALE,FEMALE",urn:miriam:icd:E88.8,,,YEAR,,"DNA,SALIVA",temperature-60to-85,,,,,,,,True,,,,,,directory_catalog,https://ejp-rd-vp.github.io/resource-metadata-schema/license/v1.0.txt,BBMRI-ERIC,English,Other specified metabolic disorders,,,2026-07-23 05:02:06.175575,2026-07-23 05:02:06.175575,
861,bbmri-eric:ID:ES_BioNER-IIER:collection:Encefalopatia_letal_debido_a_problemas_en_la_fision_mitocondrial_y_peroxisomas-DNM1L,"Encefalopatía letal, debido a problemas en la fisión mitocondrial y peroxisomas - DNM1L",,Disease sample;Disease control,https://www.isciii.es/QuienesSomos/CentrosPropios/IIER/Paginas/default.aspx,Madrid,ES,,,bbmri-eric:contactID:ES_Martinez_Delgado,bbmri-eric:contactID:ES_Martinez_Delgado,ES,False,,,bbmri-eric:ID:ES_BioNER-IIER,Rare Diseases National Biobank-Institute of Rare Diseases Research (Institute of Health Carlos III),bbmri-eric:networkID:ES_PISCIIIBB,,,RD,BIOLOGICAL_SAMPLES,1,41.0,"rare_disease,metabolic",,,,3.0,0.0,"MALE,FEMALE",urn:miriam:icd:E88.8,,,YEAR,,"DNA,PERIPHERAL_BLOOD_CELLS,OTHER,PLASMA,SERUM","temperature-60to-85,temperatureLN",,,,,,,,True,,,,,,directory_catalog,https://ejp-rd-vp.github.io/resource-metadata-schema/license/v1.0.txt,BBMRI-ERIC,English,Other specified metabolic disorders,,,2026-07-23 05:02:06.175575,2026-07-23 05:02:06.175575,
864,bbmri-eric:ID:ES_BioNER-IIER:collection:Protoporfiria_eritropoyetica,Protoporfiria eritropoyética,,Disease sample,https://www.isciii.es/QuienesSomos/CentrosPropios/IIER/Paginas/default.aspx,Madrid,ES,,,bbmri-eric:contactID:ES_Martinez_Delgado,bbmri-eric:contactID:ES_Martinez_Delgado,ES,False,,,bbmri-eric:ID:ES_BioNER-IIER,Rare Diseases National Biobank-Institute of Rare Diseases Research (Institute of Health Carlos III),bbmri-eric:networkID:ES_PISCIIIBB,,,RD,BIOLOGICAL_SAMPLES,1,64.0,"rare_disease,metabolic",,,,4.0,0.0,"MALE,FEMALE",urn:miriam:icd:E80.0,,,YEAR,,"DNA,PERIPHERAL_BLOOD_CELLS,PLASMA,SERUM","temperature-60to-85,temperatureLN",,,,,,,,True,,,,,,directory_catalog,https://ejp-rd-vp.github.io/resource-metadata-schema/license/v1.0.txt,BBMRI-ERIC,English,Disorders of porphyrin and bilirubin metabolism - Hereditary erythropoietic porphyria,,,2026-07-23 05:02:06.175575,2026-07-23 05:02:06.175575,
869,bbmri-eric:ID:ES_BioNER-IIER:collection:Sindrome_de_Allgrove,Síndrome de Allgrove,,Disease sample,https://www.isciii.es/QuienesSomos/CentrosPropios/IIER/Paginas/default.aspx,Madrid,ES,,,bbmri-eric:contactID:ES_Martinez_Delgado,bbmri-eric:contactID:ES_Martinez_Delgado,ES,False,,,bbmri-eric:ID:ES_BioNER-IIER,Rare Diseases National Biobank-Institute of Rare Diseases Research (Institute of Health Carlos III),bbmri-eric:networkID:ES_PISCIIIBB,,,RD,BIOLOGICAL_SAMPLES,1,21.0,"rare_disease,metabolic",,,,1.0,0.0,MALE,urn:miriam:icd:E27.4,,,YEAR,,"DNA,PERIPHERAL_BLOOD_CELLS,PLASMA,SERUM","temperature-60to-85,temperatureLN",,,,,,,,True,,,,,,directory_catalog,https://ejp-rd-vp.github.io/resource-metadata-schema/license/v1.0.txt,BBMRI-ERIC,English,Other and unspecified adrenocortical insufficiency,,,2026-07-23 05:02:06.175575,2026-07-23 05:02:06.175575,
872,bbmri-eric:ID:ES_BioNER-IIER:collection:Deficiencia_combinada_de_la_fosforilacion_oxidativa_tipo_27,Deficiencia combinada de la fosforilación oxidativa tipo 27,,Disease sample;Disease control,https://www.isciii.es/QuienesSomos/CentrosPropios/IIER/Paginas/default.aspx,Madrid,ES,,,bbmri-eric:contactID:ES_Martinez_Delgado,bbmri-eric:contactID:ES_Martinez_Delgado,ES,False,,,bbmri-eric:ID:ES_BioNER-IIER,Rare Diseases National Biobank-Institute of Rare Diseases Research (Institute of Health Carlos III),bbmri-eric:networkID:ES_PISCIIIBB,,,RD,BIOLOGICAL_SAMPLES,1,49.0,"rare_disease,metabolic",,,,4.0,0.0,"MALE,FEMALE",urn:miriam:icd:E88.8,,,YEAR,,"DNA,OTHER,OTHER,BUFFY_COAT,PLASMA,SERUM",temperature-60to-85,,,,,,,,True,,,,,,directory_catalog,https://ejp-rd-vp.github.io/resource-metadata-schema/license/v1.0.txt,BBMRI-ERIC,English,Other specified metabolic disorders,,,2026-07-23 05:02:06.175575,2026-07-23 05:02:06.175575,
874,bbmri-eric:ID:ES_BioNER-IIER:collection:Sindrome_por_Regresion_del_Desarrollo_por_Sal_y_Pimienta-SPDRS_SINONIMO_POSIBLE_Deficiencia_GM3_sintetasa,Síndrome por Regresión del Desarrollo por Sal y Pimienta – SPDRS SINONIMO POSIBLE Deficiencia GM3 sintetasa,,Disease sample;Disease control,https://www.isciii.es/QuienesSomos/CentrosPropios/IIER/Paginas/default.aspx,Madrid,ES,,,bbmri-eric:contactID:ES_Martinez_Delgado,bbmri-eric:contactID:ES_Martinez_Delgado,ES,False,,,bbmri-eric:ID:ES_BioNER-IIER,Rare Diseases National Biobank-Institute of Rare Diseases Research (Institute of Health Carlos III),bbmri-eric:networkID:ES_PISCIIIBB,,,RD,BIOLOGICAL_SAMPLES,1,41.0,"rare_disease,metabolic",,,,3.0,0.0,"MALE,FEMALE",urn:miriam:icd:E77.8,,,YEAR,,"DNA,PERIPHERAL_BLOOD_CELLS,OTHER,BUFFY_COAT,PLASMA,SERUM","temperature-60to-85,temperatureLN",,,,,,,,True,,,,,,directory_catalog,https://ejp-rd-vp.github.io/resource-metadata-schema/license/v1.0.txt,BBMRI-ERIC,English,Other disorders of glycoprotein metabolism,,,2026-07-23 05:02:05.920194,2026-07-23 05:02:05.920194,
875,bbmri-eric:ID:ES_BioNER-IIER:collection:Glucogenosis_tipo_1,Glucogenosis tipo 1,,Disease sample;Disease control,https://www.isciii.es/QuienesSomos/CentrosPropios/IIER/Paginas/default.aspx,Madrid,ES,,,bbmri-eric:contactID:ES_Martinez_Delgado,bbmri-eric:contactID:ES_Martinez_Delgado,ES,False,,,bbmri-eric:ID:ES_BioNER-IIER,Rare Diseases National Biobank-Institute of Rare Diseases Research (Institute of Health Carlos III),bbmri-eric:networkID:ES_PISCIIIBB,,,RD,BIOLOGICAL_SAMPLES,2,182.0,"rare_disease,metabolic",,,,9.0,0.0,"MALE,FEMALE",urn:miriam:icd:E74.0,,,YEAR,,"DNA,PERIPHERAL_BLOOD_CELLS,PLASMA,SERUM","temperature-60to-85,temperatureLN",,,,,,,,True,,,,,,directory_catalog,https://ejp-rd-vp.github.io/resource-metadata-schema/license/v1.0.txt,BBMRI-ERIC,English,Other disorders of carbohydrate metabolism - Glycogen storage disease,,,2026-07-23 05:02:06.175575,2026-07-23 05:02:06.175575,
877,bbmri-eric:ID:ES_BioNER-IIER:collection:Sindrome_de_Lesch-Nyhan,Síndrome de Lesch-Nyhan,,Disease sample;Disease control,https://www.isciii.es/QuienesSomos/CentrosPropios/IIER/Paginas/default.aspx,Madrid,ES,,,bbmri-eric:contactID:ES_Martinez_Delgado,bbmri-eric:contactID:ES_Martinez_Delgado,ES,False,,,bbmri-eric:ID:ES_BioNER-IIER,Rare Diseases National Biobank-Institute of Rare Diseases Research (Institute of Health Carlos III),bbmri-eric:networkID:ES_PISCIIIBB,,,RD,BIOLOGICAL_SAMPLES,2,172.0,"rare_disease,metabolic",,,,10.0,1.0,"MALE,FEMALE",urn:miriam:icd:E79.1,,,YEAR,,"DNA,PERIPHERAL_BLOOD_CELLS,PLASMA,SERUM","temperature-60to-85,temperatureLN",,,,,,,,True,,,,,,directory_catalog,https://ejp-rd-vp.github.io/resource-metadata-schema/license/v1.0.txt,BBMRI-ERIC,English,Disorders of purine and pyrimidine metabolism - Lesch-Nyhan syndrome,,,2026-07-23 05:02:05.920194,2026-07-23 05:02:05.920194,
878,bbmri-eric:ID:ES_BioNER-IIER:collection:Trastorno_del_desarrollo_intelectual_autosomico_dominante_63_con_macrocefalia-TRIO,"Trastorno del desarrollo intelectual, autosómico dominante 63 con macrocefalia - TRIO",,Disease sample;Disease control,https://www.isciii.es/QuienesSomos/CentrosPropios/IIER/Paginas/default.aspx,Madrid,ES,,,bbmri-eric:contactID:ES_Martinez_Delgado,bbmri-eric:contactID:ES_Martinez_Delgado,ES,False,,,bbmri-eric:ID:ES_BioNER-IIER,Rare Diseases National Biobank-Institute of Rare Diseases Research (Institute of Health Carlos III),bbmri-eric:networkID:ES_PISCIIIBB,,,RD,BIOLOGICAL_SAMPLES,1,34.0,rare_disease,,,,3.0,0.0,"MALE,FEMALE",urn:miriam:icd:F79.9,,,YEAR,,"DNA,PERIPHERAL_BLOOD_CELLS,OTHER,BUFFY_COAT,PLASMA,SERUM","temperature-60to-85,temperatureLN",,,,,,,,True,,,,,,directory_catalog,https://ejp-rd-vp.github.io/resource-metadata-schema/license/v1.0.txt,BBMRI-ERIC,English,Unspecified mental retardation - Unspecified mental retardation: Without mention of impairment of behaviour,,,2026-07-23 05:02:06.175575,2026-07-23 05:02:06.175575,
881,bbmri-eric:ID:ES_BioNER-IIER:collection:Retraso_en_el_desarrollo_con_anomalias_neurologicas_y_cerebrales_variables,Retraso en el desarrollo con anomalías neurológicas y cerebrales variables,,Disease sample;Disease control,https://www.isciii.es/QuienesSomos/CentrosPropios/IIER/Paginas/default.aspx,Madrid,ES,,,bbmri-eric:contactID:ES_Martinez_Delgado,bbmri-eric:contactID:ES_Martinez_Delgado,ES,False,,,bbmri-eric:ID:ES_BioNER-IIER,Rare Diseases National Biobank-Institute of Rare Diseases Research (Institute of Health Carlos III),bbmri-eric:networkID:ES_PISCIIIBB,,,RD,BIOLOGICAL_SAMPLES,1,45.0,rare_disease,,,,3.0,0.0,"MALE,FEMALE",urn:miriam:icd:F79.9,,,YEAR,,"DNA,PERIPHERAL_BLOOD_CELLS,OTHER,BUFFY_COAT,PLASMA,SERUM","temperature-60to-85,temperatureLN",,,,,,,,True,,,,,,directory_catalog,https://ejp-rd-vp.github.io/resource-metadata-schema/license/v1.0.txt,BBMRI-ERIC,English,Unspecified mental retardation - Unspecified mental retardation: Without mention of impairment of behaviour,,,2026-07-23 05:02:06.175575,2026-07-23 05:02:06.175575,
883,bbmri-eric:ID:ES_BioNER-IIER:collection:Enfermedad_de_Menkes,Enfermedad de Menkes,,Disease sample,https://www.isciii.es/QuienesSomos/CentrosPropios/IIER/Paginas/default.aspx,Madrid,ES,,,bbmri-eric:contactID:ES_Martinez_Delgado,bbmri-eric:contactID:ES_Martinez_Delgado,ES,False,,,bbmri-eric:ID:ES_BioNER-IIER,Rare Diseases National Biobank-Institute of Rare Diseases Research (Institute of Health Carlos III),bbmri-eric:networkID:ES_PISCIIIBB,,,RD,BIOLOGICAL_SAMPLES,1,19.0,"rare_disease,metabolic",,,,1.0,0.0,MALE,urn:miriam:icd:E83.0,,,YEAR,,"DNA,PERIPHERAL_BLOOD_CELLS,PLASMA,SERUM","temperature-60to-85,temperatureLN",,,,,,,,True,,,,,,directory_catalog,https://ejp-rd-vp.github.io/resource-metadata-schema/license/v1.0.txt,BBMRI-ERIC,English,Disorders of copper metabolism,,,2026-07-23 05:02:06.175575,2026-07-23 05:02:06.175575,
885,bbmri-eric:ID:ES_BioNER-IIER:collection:Porfiria_cutanea_tardia,Porfiria cutánea tardía,,Disease sample,https://www.isciii.es/QuienesSomos/CentrosPropios/IIER/Paginas/default.aspx,Madrid,ES,,,bbmri-eric:contactID:ES_Martinez_Delgado,bbmri-eric:contactID:ES_Martinez_Delgado,ES,False,,,bbmri-eric:ID:ES_BioNER-IIER,Rare Diseases National Biobank-Institute of Rare Diseases Research (Institute of Health Carlos III),bbmri-eric:networkID:ES_PISCIIIBB,,,RD,BIOLOGICAL_SAMPLES,1,17.0,"rare_disease,metabolic",,,,1.0,0.0,MALE,urn:miriam:icd:E80.1,,,YEAR,,"DNA,PERIPHERAL_BLOOD_CELLS,PLASMA,SERUM","temperature-60to-85,temperatureLN",,,,,,,,True,,,,,,directory_catalog,https://ejp-rd-vp.github.io/resource-metadata-schema/license/v1.0.txt,BBMRI-ERIC,English,Disorders of porphyrin and bilirubin metabolism - Porphyria cutanea tarda,,,2026-07-23 05:02:06.175575,2026-07-23 05:02:06.175575,
888,bbmri-eric:ID:ES_BioNER-IIER:collection:Trastorno_del_Neurodesarrollo_con_microcefalia_atrofia_cerebral_y_discapacidad_visual-_DOHH,"Trastorno del Neurodesarrollo con microcefalia, atrofia cerebral y discapacidad visual- DOHH",,Disease sample;Disease control,https://www.isciii.es/QuienesSomos/CentrosPropios/IIER/Paginas/default.aspx,Madrid,ES,,,bbmri-eric:contactID:ES_Martinez_Delgado,bbmri-eric:contactID:ES_Martinez_Delgado,ES,False,,,bbmri-eric:ID:ES_BioNER-IIER,Rare Diseases National Biobank-Institute of Rare Diseases Research (Institute of Health Carlos III),bbmri-eric:networkID:ES_PISCIIIBB,,,RD,BIOLOGICAL_SAMPLES,1,78.0,rare_disease,,,,4.0,0.0,"MALE,FEMALE",urn:miriam:icd:F79.9,,,YEAR,,"DNA,PERIPHERAL_BLOOD_CELLS,OTHER,PLASMA,SERUM","temperature-60to-85,temperatureLN",,,,,,,,True,,,,,,directory_catalog,https://ejp-rd-vp.github.io/resource-metadata-schema/license/v1.0.txt,BBMRI-ERIC,English,Unspecified mental retardation - Unspecified mental retardation: Without mention of impairment of behaviour,,,2026-07-23 05:02:06.175575,2026-07-23 05:02:06.175575,
890,bbmri-eric:ID:ES_BioNER-IIER:collection:Discapacidad_intelectual_autosomica_dominante_32-KAT6A,Discapacidad intelectual autosómica dominante 32 - KAT6A,,Disease sample;Disease control,https://www.isciii.es/QuienesSomos/CentrosPropios/IIER/Paginas/default.aspx,Madrid,ES,,,bbmri-eric:contactID:ES_Martinez_Delgado,bbmri-eric:contactID:ES_Martinez_Delgado,ES,False,,,bbmri-eric:ID:ES_BioNER-IIER,Rare Diseases National Biobank-Institute of Rare Diseases Research (Institute of Health Carlos III),bbmri-eric:networkID:ES_PISCIIIBB,,,RD,BIOLOGICAL_SAMPLES,2,178.0,rare_disease,,,,10.0,1.0,"MALE,FEMALE",urn:miriam:icd:F79.9,,,YEAR,,"DNA,PERIPHERAL_BLOOD_CELLS,OTHER,PLASMA,SERUM","temperature-60to-85,temperatureLN",,,,,,,,True,,,,,,directory_catalog,https://ejp-rd-vp.github.io/resource-metadata-schema/license/v1.0.txt,BBMRI-ERIC,English,Unspecified mental retardation - Unspecified mental retardation: Without mention of impairment of behaviour,,,2026-07-23 05:02:06.175575,2026-07-23 05:02:06.175575,
891,bbmri-eric:ID:ES_BioNER-IIER:collection:Discapacidad_intelectual_ligada_al_X_102,"Discapacidad intelectual ligada al X, 102",,Disease sample;Disease control,https://www.isciii.es/QuienesSomos/CentrosPropios/IIER/Paginas/default.aspx,Madrid,ES,,,bbmri-eric:contactID:ES_Martinez_Delgado,bbmri-eric:contactID:ES_Martinez_Delgado,ES,False,,,bbmri-eric:ID:ES_BioNER-IIER,Rare Diseases National Biobank-Institute of Rare Diseases Research (Institute of Health Carlos III),bbmri-eric:networkID:ES_PISCIIIBB,,,RD,BIOLOGICAL_SAMPLES,1,63.0,rare_disease,,,,3.0,0.0,"MALE,FEMALE",urn:miriam:icd:F79.9,,,YEAR,,"DNA,PERIPHERAL_BLOOD_CELLS,BUFFY_COAT,PLASMA,SERUM","temperature-60to-85,temperatureLN",,,,,,,,True,,,,,,directory_catalog,https://ejp-rd-vp.github.io/resource-metadata-schema/license/v1.0.txt,BBMRI-ERIC,English,Unspecified mental retardation - Unspecified mental retardation: Without mention of impairment of behaviour,,,2026-07-23 05:02:06.175575,2026-07-23 05:02:06.175575,
892,bbmri-eric:ID:ES_BioNER-IIER:collection:Discapacidad_Intelectual_ligada_al_X_102_-DDX3X_SINoNIMO_syndrome_Snijders_Blok_type,"Discapacidad Intelectual ligada al X, 102 -DDX3X SINÓNIMO syndrome, Snijders Blok type",,Disease sample;Disease control,https://www.isciii.es/QuienesSomos/CentrosPropios/IIER/Paginas/default.aspx,Madrid,ES,,,bbmri-eric:contactID:ES_Martinez_Delgado,bbmri-eric:contactID:ES_Martinez_Delgado,ES,False,,,bbmri-eric:ID:ES_BioNER-IIER,Rare Diseases National Biobank-Institute of Rare Diseases Research (Institute of Health Carlos III),bbmri-eric:networkID:ES_PISCIIIBB,,,RD,BIOLOGICAL_SAMPLES,1,48.0,rare_disease,,,,3.0,0.0,"MALE,FEMALE",urn:miriam:icd:F79.9,,,YEAR,,"DNA,PERIPHERAL_BLOOD_CELLS,OTHER,BUFFY_COAT,PLASMA,SERUM","temperature-60to-85,temperatureLN",,,,,,,,True,,,,,,directory_catalog,https://ejp-rd-vp.github.io/resource-metadata-schema/license/v1.0.txt,BBMRI-ERIC,English,Unspecified mental retardation - Unspecified mental retardation: Without mention of impairment of behaviour,,,2026-07-23 05:02:06.175575,2026-07-23 05:02:06.175575,
894,bbmri-eric:ID:ES_BioNER-IIER:collection:Discapacidad_Intelectual_autosomica_dominante_35_MRD35_PPP2R5D,"Discapacidad Intelectual, autosómica dominante 35, MRD35, PPP2R5D",,Disease sample;Disease control,https://www.isciii.es/QuienesSomos/CentrosPropios/IIER/Paginas/default.aspx,Madrid,ES,,,bbmri-eric:contactID:ES_Martinez_Delgado,bbmri-eric:contactID:ES_Martinez_Delgado,ES,False,,,bbmri-eric:ID:ES_BioNER-IIER,Rare Diseases National Biobank-Institute of Rare Diseases Research (Institute of Health Carlos III),bbmri-eric:networkID:ES_PISCIIIBB,,,RD,BIOLOGICAL_SAMPLES,1,46.0,rare_disease,,,,3.0,0.0,"MALE,FEMALE",urn:miriam:icd:F79.9,,,YEAR,,"DNA,PERIPHERAL_BLOOD_CELLS,OTHER,BUFFY_COAT,PLASMA,SERUM","temperature-60to-85,temperatureLN",,,,,,,,True,,,,,,directory_catalog,https://ejp-rd-vp.github.io/resource-metadata-schema/license/v1.0.txt,BBMRI-ERIC,English,Unspecified mental retardation - Unspecified mental retardation: Without mention of impairment of behaviour,,,2026-07-23 05:02:06.175575,2026-07-23 05:02:06.175575,
895,bbmri-eric:ID:ES_BioNER-IIER:collection:ENFERMEDAD_DE_GAUCHER,ENFERMEDAD DE GAUCHER,,Disease sample,https://www.isciii.es/QuienesSomos/CentrosPropios/IIER/Paginas/default.aspx,Madrid,ES,,,bbmri-eric:contactID:ES_Martinez_Delgado,bbmri-eric:contactID:ES_Martinez_Delgado,ES,False,,,bbmri-eric:ID:ES_BioNER-IIER,Rare Diseases National Biobank-Institute of Rare Diseases Research (Institute of Health Carlos III),bbmri-eric:networkID:ES_PISCIIIBB,,,RD,BIOLOGICAL_SAMPLES,1,63.0,"rare_disease,metabolic",,,,3.0,0.0,"MALE,FEMALE",urn:miriam:icd:E75.2,,,YEAR,,"DNA,PERIPHERAL_BLOOD_CELLS,PLASMA,SERUM","temperature-60to-85,temperatureLN",,,,,,,,True,,,,,,directory_catalog,https://ejp-rd-vp.github.io/resource-metadata-schema/license/v1.0.txt,BBMRI-ERIC,English,Other sphingolipidosis,,,2026-07-23 05:02:06.175575,2026-07-23 05:02:06.175575,
896,bbmri-eric:ID:ES_BioNER-IIER:collection:Enfermedad_de_Pelizaeus_Merzbacher,Enfermedad de Pelizaeus Merzbacher,,Disease sample;Disease control,https://www.isciii.es/QuienesSomos/CentrosPropios/IIER/Paginas/default.aspx,Madrid,ES,,,bbmri-eric:contactID:ES_Martinez_Delgado,bbmri-eric:contactID:ES_Martinez_Delgado,ES,False,,,bbmri-eric:ID:ES_BioNER-IIER,Rare Diseases National Biobank-Institute of Rare Diseases Research (Institute of Health Carlos III),bbmri-eric:networkID:ES_PISCIIIBB,,,RD,BIOLOGICAL_SAMPLES,1,14.0,"rare_disease,metabolic",,,,4.0,0.0,"MALE,FEMALE",urn:miriam:icd:E75.2,,,YEAR,,"DNA,SALIVA",temperature-60to-85,,,,,,,,True,,,,,,directory_catalog,https://ejp-rd-vp.github.io/resource-metadata-schema/license/v1.0.txt,BBMRI-ERIC,English,Other sphingolipidosis,,,2026-07-23 05:02:06.175575,2026-07-23 05:02:06.175575,
899,bbmri-eric:ID:ES_BioNER-IIER:collection:Encefalopatia_epileptica_de_comienzo_en_la_infancia_CHD2,"Encefalopatía epiléptica de comienzo en la infancia, CHD2",,Disease sample;Disease control,https://www.isciii.es/QuienesSomos/CentrosPropios/IIER/Paginas/default.aspx,Madrid,ES,,,bbmri-eric:contactID:ES_Martinez_Delgado,bbmri-eric:contactID:ES_Martinez_Delgado,ES,False,,,bbmri-eric:ID:ES_BioNER-IIER,Rare Diseases National Biobank-Institute of Rare Diseases Research (Institute of Health Carlos III),bbmri-eric:networkID:ES_PISCIIIBB,,,RD,BIOLOGICAL_SAMPLES,1,61.0,"nervous_system,rare_disease",,,,4.0,0.0,"MALE,FEMALE",urn:miriam:icd:G40.4,,,YEAR,,"DNA,PERIPHERAL_BLOOD_CELLS,OTHER,BUFFY_COAT,PLASMA,SERUM","temperature-60to-85,temperatureLN",,,,,,,,True,,,,,,directory_catalog,https://ejp-rd-vp.github.io/resource-metadata-schema/license/v1.0.txt,BBMRI-ERIC,English,Other generalized epilepsy and epileptic syndromes,,,2026-07-23 05:02:06.175575,2026-07-23 05:02:06.175575,
901,bbmri-eric:ID:ES_BioNER-IIER:collection:ENFERMEDAD_DE_MADELUNG,ENFERMEDAD DE MADELUNG,,Disease sample,https://www.isciii.es/QuienesSomos/CentrosPropios/IIER/Paginas/default.aspx,Madrid,ES,,,bbmri-eric:contactID:ES_Martinez_Delgado,bbmri-eric:contactID:ES_Martinez_Delgado,ES,False,,,bbmri-eric:ID:ES_BioNER-IIER,Rare Diseases National Biobank-Institute of Rare Diseases Research (Institute of Health Carlos III),bbmri-eric:networkID:ES_PISCIIIBB,,,RD,BIOLOGICAL_SAMPLES,1,21.0,"rare_disease,metabolic",,,,1.0,0.0,MALE,urn:miriam:icd:E88.8,,,YEAR,,"DNA,PERIPHERAL_BLOOD_CELLS,PLASMA,SERUM","temperature-60to-85,temperatureLN",,,,,,,,True,,,,,,directory_catalog,https://ejp-rd-vp.github.io/resource-metadata-schema/license/v1.0.txt,BBMRI-ERIC,English,Other specified metabolic disorders,,,2026-07-23 05:02:06.175575,2026-07-23 05:02:06.175575,
909,bbmri-eric:ID:ES_BioNER-IIER:collection:Discapacidad_intelectual_autosomica_dominante_7_DYRK1A,"Discapacidad intelectual autosómica dominante 7, DYRK1A",,Disease sample;Disease control,https://www.isciii.es/QuienesSomos/CentrosPropios/IIER/Paginas/default.aspx,Madrid,ES,,,bbmri-eric:contactID:ES_Martinez_Delgado,bbmri-eric:contactID:ES_Martinez_Delgado,ES,False,,,bbmri-eric:ID:ES_BioNER-IIER,Rare Diseases National Biobank-Institute of Rare Diseases Research (Institute of Health Carlos III),bbmri-eric:networkID:ES_PISCIIIBB,,,RD,BIOLOGICAL_SAMPLES,1,50.0,rare_disease,,,,3.0,0.0,"MALE,FEMALE",urn:miriam:icd:F79.9,,,YEAR,,"DNA,PERIPHERAL_BLOOD_CELLS,OTHER,BUFFY_COAT,PLASMA,SERUM","temperature-60to-85,temperatureLN",,,,,,,,True,,,,,,directory_catalog,https://ejp-rd-vp.github.io/resource-metadata-schema/license/v1.0.txt,BBMRI-ERIC,English,Unspecified mental retardation - Unspecified mental retardation: Without mention of impairment of behaviour,,,2026-07-23 05:02:06.175575,2026-07-23 05:02:06.175575,
918,bbmri-eric:ID:ES_BioNER-IIER:collection:Pendiente-Atipico-Sindrome_de_Rett_Atipico,Pendiente-Atípico-Síndrome de Rett Atípico,,Disease sample;Disease control,https://www.isciii.es/QuienesSomos/CentrosPropios/IIER/Paginas/default.aspx,Madrid,ES,,,bbmri-eric:contactID:ES_Martinez_Delgado,bbmri-eric:contactID:ES_Martinez_Delgado,ES,False,,,bbmri-eric:ID:ES_BioNER-IIER,Rare Diseases National Biobank-Institute of Rare Diseases Research (Institute of Health Carlos III),bbmri-eric:networkID:ES_PISCIIIBB,,,RD,BIOLOGICAL_SAMPLES,1,12.0,rare_disease,,,,12.0,1.0,"MALE,FEMALE,NAV",urn:miriam:icd:F84.2,,,YEAR,,DNA,temperature-60to-85,,,,,,,,True,,,,,,directory_catalog,https://ejp-rd-vp.github.io/resource-metadata-schema/license/v1.0.txt,BBMRI-ERIC,English,Pervasive developmental disorders - Rett syndrome,,,2026-07-23 05:02:06.175575,2026-07-23 05:02:06.175575,
921,bbmri-eric:ID:ES_BioNER-IIER:collection:SiNDROME_DE_TOURETTE,SÍNDROME DE TOURETTE,,Disease sample,https://www.isciii.es/QuienesSomos/CentrosPropios/IIER/Paginas/default.aspx,Madrid,ES,,,bbmri-eric:contactID:ES_Martinez_Delgado,bbmri-eric:contactID:ES_Martinez_Delgado,ES,False,,,bbmri-eric:ID:ES_BioNER-IIER,Rare Diseases National Biobank-Institute of Rare Diseases Research (Institute of Health Carlos III),bbmri-eric:networkID:ES_PISCIIIBB,,,RD,BIOLOGICAL_SAMPLES,1,41.0,rare_disease,,,,2.0,0.0,MALE,urn:miriam:icd:F95.2,,,YEAR,,"DNA,PERIPHERAL_BLOOD_CELLS,PLASMA,SERUM","temperature-60to-85,temperatureLN",,,,,,,,True,,,,,,directory_catalog,https://ejp-rd-vp.github.io/resource-metadata-schema/license/v1.0.txt,BBMRI-ERIC,English,Combined vocal and multiple motor tic disorder [de la Tourette],,,2026-07-23 05:02:06.175575,2026-07-23 05:02:06.175575,
924,bbmri-eric:ID:ES_BioNER-IIER:collection:Anemia_hemolitica_debido_a_deficit_de_piruvato_quinasa_de_los_globulos_rojos,Anemia hemolítica debido a déficit de piruvato quinasa de los glóbulos rojos,,Disease sample;Disease control,https://www.isciii.es/QuienesSomos/CentrosPropios/IIER/Paginas/default.aspx,Madrid,ES,,,bbmri-eric:contactID:ES_Martinez_Delgado,bbmri-eric:contactID:ES_Martinez_Delgado,ES,False,,,bbmri-eric:ID:ES_BioNER-IIER,Rare Diseases National Biobank-Institute of Rare Diseases Research (Institute of Health Carlos III),bbmri-eric:networkID:ES_PISCIIIBB,,,RD,BIOLOGICAL_SAMPLES,1,25.0,"autoimmune,rare_disease",,,,16.0,1.0,"MALE,FEMALE",urn:miriam:icd:D55.2,,,YEAR,,DNA,temperature-60to-85,,,,,,,,True,,,,,,directory_catalog,https://ejp-rd-vp.github.io/resource-metadata-schema/license/v1.0.txt,BBMRI-ERIC,English,Anaemia due to disorders of glycolytic enzymes,,,2026-07-23 05:02:06.175575,2026-07-23 05:02:06.175575,
926,bbmri-eric:ID:ES_BioNER-IIER:collection:DEFICIT_DE_ALFA_1_ANTITRIPSINA,DEFICIT DE ALFA 1 ANTITRIPSINA,,Disease sample,https://www.isciii.es/QuienesSomos/CentrosPropios/IIER/Paginas/default.aspx,Madrid,ES,,,bbmri-eric:contactID:ES_Martinez_Delgado,bbmri-eric:contactID:ES_Martinez_Delgado,ES,False,,,bbmri-eric:ID:ES_BioNER-IIER,Rare Diseases National Biobank-Institute of Rare Diseases Research (Institute of Health Carlos III),bbmri-eric:networkID:ES_PISCIIIBB,,,RD,BIOLOGICAL_SAMPLES,1,26.0,"rare_disease,metabolic",,,,2.0,0.0,MALE,urn:miriam:icd:E88.0,,,YEAR,,"DNA,PERIPHERAL_BLOOD_CELLS,PLASMA,SALIVA,SERUM","temperature-60to-85,temperatureLN",,,,,,,,True,,,,,,directory_catalog,https://ejp-rd-vp.github.io/resource-metadata-schema/license/v1.0.txt,BBMRI-ERIC,English,"Disorders of plasma-protein metabolism,not elsewhere classified",,,2026-07-23 05:02:06.175575,2026-07-23 05:02:06.175575,
929,bbmri-eric:ID:ES_BioNER-IIER:collection:Ataxia_congenita,Ataxia congénita,,Disease sample,https://www.isciii.es/QuienesSomos/CentrosPropios/IIER/Paginas/default.aspx,Madrid,ES,,,bbmri-eric:contactID:ES_Martinez_Delgado,bbmri-eric:contactID:ES_Martinez_Delgado,ES,False,,,bbmri-eric:ID:ES_BioNER-IIER,Rare Diseases National Biobank-Institute of Rare Diseases Research (Institute of Health Carlos III),bbmri-eric:networkID:ES_PISCIIIBB,,,RD,BIOLOGICAL_SAMPLES,1,21.0,"nervous_system,rare_disease",,,,1.0,0.0,FEMALE,urn:miriam:icd:G11.0,,,YEAR,,"DNA,PERIPHERAL_BLOOD_CELLS,PLASMA,SERUM","temperature-60to-85,temperatureLN",,,,,,,,True,,,,,,directory_catalog,https://ejp-rd-vp.github.io/resource-metadata-schema/license/v1.0.txt,BBMRI-ERIC,English,Congenital nonprogressive ataxia,,,2026-07-23 05:02:06.175575,2026-07-23 05:02:06.175575,
936,bbmri-eric:ID:ES_BioNER-IIER:collection:Paraplejia_espastica_hereditaria_termino_generico1,Paraplejía espástica hereditaria (término genérico),,Disease sample;Disease control,https://www.isciii.es/QuienesSomos/CentrosPropios/IIER/Paginas/default.aspx,Madrid,ES,,,bbmri-eric:contactID:ES_Martinez_Delgado,bbmri-eric:contactID:ES_Martinez_Delgado,ES,False,,,bbmri-eric:ID:ES_BioNER-IIER,Rare Diseases National Biobank-Institute of Rare Diseases Research (Institute of Health Carlos III),bbmri-eric:networkID:ES_PISCIIIBB,,,RD,BIOLOGICAL_SAMPLES,2,182.0,"nervous_system,rare_disease",,,,11.0,1.0,"MALE,FEMALE",urn:miriam:icd:G11.4,,,YEAR,,"DNA,PERIPHERAL_BLOOD_CELLS,PLASMA,SERUM","temperature-60to-85,temperatureLN",,,,,,,,True,,,,,,directory_catalog,https://ejp-rd-vp.github.io/resource-metadata-schema/license/v1.0.txt,BBMRI-ERIC,English,Hereditary spastic paraplegia,,,2026-07-23 05:02:06.175575,2026-07-23 05:02:06.175575,
939,bbmri-eric:ID:ES_BioNER-IIER:collection:Sindrome_de_Munchausen,Síndrome de Munchausen,,Disease sample;Disease control,https://www.isciii.es/QuienesSomos/CentrosPropios/IIER/Paginas/default.aspx,Madrid,ES,,,bbmri-eric:contactID:ES_Martinez_Delgado,bbmri-eric:contactID:ES_Martinez_Delgado,ES,False,,,bbmri-eric:ID:ES_BioNER-IIER,Rare Diseases National Biobank-Institute of Rare Diseases Research (Institute of Health Carlos III),bbmri-eric:networkID:ES_PISCIIIBB,,,RD,BIOLOGICAL_SAMPLES,1,36.0,rare_disease,,,,2.0,0.0,"MALE,FEMALE",urn:miriam:icd:F68.1,,,YEAR,,"DNA,PERIPHERAL_BLOOD_CELLS,OTHER,BUFFY_COAT,PLASMA,SERUM","temperature-60to-85,temperatureLN",,,,,,,,True,,,,,,directory_catalog,https://ejp-rd-vp.github.io/resource-metadata-schema/license/v1.0.txt,BBMRI-ERIC,English,"Intentional production or feigning of symptoms or disabilities,either physical or psychological [factitious disorder]",,,2026-07-23 05:02:06.175575,2026-07-23 05:02:06.175575,
942,bbmri-eric:ID:ES_BioNER-IIER:collection:Trastorno_del_Neurodesarrollo_con_Hipotonia_Discapacidad_Intelectual_variable_y_Trastorno_de_Conducta_NEDHIB_POLR2A,"Trastorno del Neurodesarrollo con Hipotonía, Discapacidad Intelectual variable y Trastorno de Conducta (NEDHIB), POLR2A",,Disease sample;Disease control,https://www.isciii.es/QuienesSomos/CentrosPropios/IIER/Paginas/default.aspx,Madrid,ES,,,bbmri-eric:contactID:ES_Martinez_Delgado,bbmri-eric:contactID:ES_Martinez_Delgado,ES,False,,,bbmri-eric:ID:ES_BioNER-IIER,Rare Diseases National Biobank-Institute of Rare Diseases Research (Institute of Health Carlos III),bbmri-eric:networkID:ES_PISCIIIBB,,,RD,BIOLOGICAL_SAMPLES,1,50.0,rare_disease,,,,3.0,0.0,"MALE,FEMALE",urn:miriam:icd:F79.9,,,YEAR,,"DNA,PERIPHERAL_BLOOD_CELLS,OTHER,BUFFY_COAT,PLASMA,SERUM","temperature-60to-85,temperatureLN",,,,,,,,True,,,,,,directory_catalog,https://ejp-rd-vp.github.io/resource-metadata-schema/license/v1.0.txt,BBMRI-ERIC,English,Unspecified mental retardation - Unspecified mental retardation: Without mention of impairment of behaviour,,,2026-07-23 05:02:06.175575,2026-07-23 05:02:06.175575,
945,bbmri-eric:ID:ES_BioNER-IIER:collection:Ataxia_de_Friedreich,Ataxia de Friedreich,,Disease sample;Disease control,https://www.isciii.es/QuienesSomos/CentrosPropios/IIER/Paginas/default.aspx,Madrid,ES,,,bbmri-eric:contactID:ES_Martinez_Delgado,bbmri-eric:contactID:ES_Martinez_Delgado,ES,False,,,bbmri-eric:ID:ES_BioNER-IIER,Rare Diseases National Biobank-Institute of Rare Diseases Research (Institute of Health Carlos III),bbmri-eric:networkID:ES_PISCIIIBB,,,RD,BIOLOGICAL_SAMPLES,2,851.0,"nervous_system,rare_disease",,,,37.0,1.0,"MALE,FEMALE",urn:miriam:icd:G11.1,,,YEAR,,"DNA,PERIPHERAL_BLOOD_CELLS,PLASMA,SERUM","temperature-60to-85,temperatureLN",,,,,,,,True,,,,,,directory_catalog,https://ejp-rd-vp.github.io/resource-metadata-schema/license/v1.0.txt,BBMRI-ERIC,English,Early-onset cerebellar ataxia,,,2026-07-23 05:02:06.175575,2026-07-23 05:02:06.175575,
947,bbmri-eric:ID:ES_BioNER-IIER:collection:Trastorno_del_desarrollo_intelectual_con_retraso_del_habla_facies_dismorfica_y_anomalias_de_las_celulas_T_IDDSFTA,"Trastorno del desarrollo intelectual con retraso del habla, facies dismórfica y anomalías de las células T, IDDSFTA",,Disease sample;Disease control,https://www.isciii.es/QuienesSomos/CentrosPropios/IIER/Paginas/default.aspx,Madrid,ES,,,bbmri-eric:contactID:ES_Martinez_Delgado,bbmri-eric:contactID:ES_Martinez_Delgado,ES,False,,,bbmri-eric:ID:ES_BioNER-IIER,Rare Diseases National Biobank-Institute of Rare Diseases Research (Institute of Health Carlos III),bbmri-eric:networkID:ES_PISCIIIBB,,,RD,BIOLOGICAL_SAMPLES,1,43.0,rare_disease,,,,3.0,0.0,"MALE,FEMALE",urn:miriam:icd:F79.9,,,YEAR,,"DNA,PERIPHERAL_BLOOD_CELLS,OTHER,BUFFY_COAT,PLASMA,SERUM","temperature-60to-85,temperatureLN",,,,,,,,True,,,,,,directory_catalog,https://ejp-rd-vp.github.io/resource-metadata-schema/license/v1.0.txt,BBMRI-ERIC,English,Unspecified mental retardation - Unspecified mental retardation: Without mention of impairment of behaviour,,,2026-07-23 05:02:06.175575,2026-07-23 05:02:06.175575,
950,bbmri-eric:ID:ES_BioNER-IIER:collection:Sindrome_CADASIL,Síndrome CADASIL,,Disease sample,https://www.isciii.es/QuienesSomos/CentrosPropios/IIER/Paginas/default.aspx,Madrid,ES,,,bbmri-eric:contactID:ES_Martinez_Delgado,bbmri-eric:contactID:ES_Martinez_Delgado,ES,False,,,bbmri-eric:ID:ES_BioNER-IIER,Rare Diseases National Biobank-Institute of Rare Diseases Research (Institute of Health Carlos III),bbmri-eric:networkID:ES_PISCIIIBB,,,RD,BIOLOGICAL_SAMPLES,1,40.0,rare_disease,,,,2.0,0.0,MALE,urn:miriam:icd:F01.1,,,YEAR,,"DNA,PERIPHERAL_BLOOD_CELLS,PLASMA,SERUM","temperature-60to-85,temperatureLN",,,,,,,,True,,,,,,directory_catalog,https://ejp-rd-vp.github.io/resource-metadata-schema/license/v1.0.txt,BBMRI-ERIC,English,Multi-infarct dementia,,,2026-07-23 05:02:06.175575,2026-07-23 05:02:06.175575,
951,bbmri-eric:ID:ES_BioNER-IIER:collection:Ataxia_cerebelosa_idiopatica_esporadica_del_adulto,Ataxia cerebelosa idiopática esporádica del adulto,,Disease sample,https://www.isciii.es/QuienesSomos/CentrosPropios/IIER/Paginas/default.aspx,Madrid,ES,,,bbmri-eric:contactID:ES_Martinez_Delgado,bbmri-eric:contactID:ES_Martinez_Delgado,ES,False,,,bbmri-eric:ID:ES_BioNER-IIER,Rare Diseases National Biobank-Institute of Rare Diseases Research (Institute of Health Carlos III),bbmri-eric:networkID:ES_PISCIIIBB,,,RD,BIOLOGICAL_SAMPLES,1,68.0,"nervous_system,rare_disease",,,,3.0,0.0,"MALE,FEMALE",urn:miriam:icd:G11.2,,,YEAR,,"DNA,PERIPHERAL_BLOOD_CELLS,PLASMA,SALIVA,SERUM","temperature-60to-85,temperatureLN",,,,,,,,True,,,,,,directory_catalog,https://ejp-rd-vp.github.io/resource-metadata-schema/license/v1.0.txt,BBMRI-ERIC,English,Late-onset cerebellar ataxia,,,2026-07-23 05:02:06.175575,2026-07-23 05:02:06.175575,
953,bbmri-eric:ID:ES_BioNER-IIER:collection:Condrodisplasia_punctata_rizomelica,Condrodisplasia punctata rizomélica,,Disease sample;Disease control,https://www.isciii.es/QuienesSomos/CentrosPropios/IIER/Paginas/default.aspx,Madrid,ES,,,bbmri-eric:contactID:ES_Martinez_Delgado,bbmri-eric:contactID:ES_Martinez_Delgado,ES,False,,,bbmri-eric:ID:ES_BioNER-IIER,Rare Diseases National Biobank-Institute of Rare Diseases Research (Institute of Health Carlos III),bbmri-eric:networkID:ES_PISCIIIBB,,,RD,BIOLOGICAL_SAMPLES,1,38.0,rare_disease,,,,3.0,0.0,"MALE,FEMALE",urn:miriam:icd:Q77.3,,,YEAR,,"DNA,PERIPHERAL_BLOOD_CELLS,PLASMA,SERUM","temperature-60to-85,temperatureLN",,,,,,,,True,,,,,,directory_catalog,https://ejp-rd-vp.github.io/resource-metadata-schema/license/v1.0.txt,BBMRI-ERIC,English,Osteochondrodysplasia with defects of growth of tubular bones and spine - Chondrodysplasia punctata,,,2026-07-23 05:02:06.556069,2026-07-23 05:02:06.556069,
960,bbmri-eric:ID:ES_BioNER-IIER:collection:Sindrome_de_Ehlers-Danlos,Síndrome de Ehlers-Danlos,,Disease sample,https://www.isciii.es/QuienesSomos/CentrosPropios/IIER/Paginas/default.aspx,Madrid,ES,,,bbmri-eric:contactID:ES_Martinez_Delgado,bbmri-eric:contactID:ES_Martinez_Delgado,ES,False,,,bbmri-eric:ID:ES_BioNER-IIER,Rare Diseases National Biobank-Institute of Rare Diseases Research (Institute of Health Carlos III),bbmri-eric:networkID:ES_PISCIIIBB,,,RD,BIOLOGICAL_SAMPLES,1,42.0,rare_disease,,,,2.0,0.0,FEMALE,urn:miriam:icd:Q79.6,,,YEAR,,"DNA,PERIPHERAL_BLOOD_CELLS,PLASMA,SERUM","temperature-60to-85,temperatureLN",,,,,,,,True,,,,,,directory_catalog,https://ejp-rd-vp.github.io/resource-metadata-schema/license/v1.0.txt,BBMRI-ERIC,English,"Congenital malformations of the musculoskeletal system,not elsewhere classified - Ehlers-Danlos syndrome",,,2026-07-23 05:02:06.556069,2026-07-23 05:02:06.556069,
965,bbmri-eric:ID:ES_BioNER-IIER:collection:Esclerosis_lateral_amiotrofica,Esclerosis lateral amiotrófica,,Disease sample;Disease control,https://www.isciii.es/QuienesSomos/CentrosPropios/IIER/Paginas/default.aspx,Madrid,ES,,,bbmri-eric:contactID:ES_Martinez_Delgado,bbmri-eric:contactID:ES_Martinez_Delgado,ES,False,,,bbmri-eric:ID:ES_BioNER-IIER,Rare Diseases National Biobank-Institute of Rare Diseases Research (Institute of Health Carlos III),bbmri-eric:networkID:ES_PISCIIIBB,,,RD,BIOLOGICAL_SAMPLES,2,395.0,"nervous_system,rare_disease",,,,22.0,1.0,"MALE,FEMALE,NAV",urn:miriam:icd:G12.2,,,YEAR,,"DNA,PERIPHERAL_BLOOD_CELLS,PLASMA,SERUM","temperature-60to-85,temperatureLN",,,,,,,,True,,,,,,directory_catalog,https://ejp-rd-vp.github.io/resource-metadata-schema/license/v1.0.txt,BBMRI-ERIC,English,Spinal muscular atrophy and related syndromes - Motor neuron disease,,,2026-07-23 05:02:06.175575,2026-07-23 05:02:06.175575,
967,bbmri-eric:ID:ES_BioNER-IIER:collection:Disfuncion_cerebelosa_con_deterioro_del_desarrollo_intelectual_y_hipogonadismo_hipogonadotropico-PRDM13,"Disfunción cerebelosa, con deterioro del desarrollo intelectual y hipogonadismo hipogonadotrópico - PRDM13",,Disease sample;Disease control,https://www.isciii.es/QuienesSomos/CentrosPropios/IIER/Paginas/default.aspx,Madrid,ES,,,bbmri-eric:contactID:ES_Martinez_Delgado,bbmri-eric:contactID:ES_Martinez_Delgado,ES,False,,,bbmri-eric:ID:ES_BioNER-IIER,Rare Diseases National Biobank-Institute of Rare Diseases Research (Institute of Health Carlos III),bbmri-eric:networkID:ES_PISCIIIBB,,,RD,BIOLOGICAL_SAMPLES,1,74.0,rare_disease,,,,4.0,0.0,"MALE,FEMALE",urn:miriam:icd:F79.9,,,YEAR,,"DNA,PERIPHERAL_BLOOD_CELLS,OTHER,BUFFY_COAT,PLASMA,SERUM","temperature-60to-85,temperatureLN",,,,,,,,True,,,,,,directory_catalog,https://ejp-rd-vp.github.io/resource-metadata-schema/license/v1.0.txt,BBMRI-ERIC,English,Unspecified mental retardation - Unspecified mental retardation: Without mention of impairment of behaviour,,,2026-07-23 05:02:06.175575,2026-07-23 05:02:06.175575,
968,bbmri-eric:ID:ES_BioNER-IIER:collection:SPG11,SPG11,,Disease sample;Disease control,https://www.isciii.es/QuienesSomos/CentrosPropios/IIER/Paginas/default.aspx,Madrid,ES,,,bbmri-eric:contactID:ES_Martinez_Delgado,bbmri-eric:contactID:ES_Martinez_Delgado,ES,False,,,bbmri-eric:ID:ES_BioNER-IIER,Rare Diseases National Biobank-Institute of Rare Diseases Research (Institute of Health Carlos III),bbmri-eric:networkID:ES_PISCIIIBB,,,RD,BIOLOGICAL_SAMPLES,1,41.0,"nervous_system,rare_disease",,,,3.0,0.0,"MALE,FEMALE",urn:miriam:icd:G11.4,,,YEAR,,"DNA,PERIPHERAL_BLOOD_CELLS,PLASMA,SERUM","temperature-60to-85,temperatureLN",,,,,,,,True,,,,,,directory_catalog,https://ejp-rd-vp.github.io/resource-metadata-schema/license/v1.0.txt,BBMRI-ERIC,English,Hereditary spastic paraplegia,,,2026-07-23 05:02:06.175575,2026-07-23 05:02:06.175575,
971,bbmri-eric:ID:ES_BioNER-IIER:collection:Paraplejia_espastica_hereditaria_termino_generico,Paraplejía espástica hereditaria (término genérico),,Disease sample;Disease control,https://www.isciii.es/QuienesSomos/CentrosPropios/IIER/Paginas/default.aspx,Madrid,ES,,,bbmri-eric:contactID:ES_Martinez_Delgado,bbmri-eric:contactID:ES_Martinez_Delgado,ES,False,,,bbmri-eric:ID:ES_BioNER-IIER,Rare Diseases National Biobank-Institute of Rare Diseases Research (Institute of Health Carlos III),bbmri-eric:networkID:ES_PISCIIIBB,,,RD,BIOLOGICAL_SAMPLES,2,958.0,"nervous_system,rare_disease",,,,45.0,1.0,"MALE,FEMALE",urn:miriam:icd:G11.4,,,YEAR,,"DNA,PERIPHERAL_BLOOD_CELLS,OTHER,BUFFY_COAT,PLASMA,SERUM","temperature-60to-85,temperatureLN",,,,,,,,True,,,,,,directory_catalog,https://ejp-rd-vp.github.io/resource-metadata-schema/license/v1.0.txt,BBMRI-ERIC,English,Hereditary spastic paraplegia,,,2026-07-23 05:02:06.175575,2026-07-23 05:02:06.175575,
973,bbmri-eric:ID:ES_BioNER-IIER:collection:Discapacidad_intelectual_autosomica_dominante_6_GRIN2B,"Discapacidad intelectual autosómica dominante 6, GRIN2B",,Disease sample;Disease control,https://www.isciii.es/QuienesSomos/CentrosPropios/IIER/Paginas/default.aspx,Madrid,ES,,,bbmri-eric:contactID:ES_Martinez_Delgado,bbmri-eric:contactID:ES_Martinez_Delgado,ES,False,,,bbmri-eric:ID:ES_BioNER-IIER,Rare Diseases National Biobank-Institute of Rare Diseases Research (Institute of Health Carlos III),bbmri-eric:networkID:ES_PISCIIIBB,,,RD,BIOLOGICAL_SAMPLES,1,48.0,rare_disease,,,,3.0,0.0,"MALE,FEMALE",urn:miriam:icd:F79.9,,,YEAR,,"DNA,PERIPHERAL_BLOOD_CELLS,OTHER,BUFFY_COAT,PLASMA,SERUM","temperature-60to-85,temperatureLN",,,,,,,,True,,,,,,directory_catalog,https://ejp-rd-vp.github.io/resource-metadata-schema/license/v1.0.txt,BBMRI-ERIC,English,Unspecified mental retardation - Unspecified mental retardation: Without mention of impairment of behaviour,,,2026-07-23 05:02:06.175575,2026-07-23 05:02:06.175575,
974,bbmri-eric:ID:ES_BioNER-IIER:collection:Ataxia_espinocerebelosa_autosomica_dominante_tipo_7,"Ataxia espinocerebelosa, autosómica dominante, tipo 7",,Disease sample,https://www.isciii.es/QuienesSomos/CentrosPropios/IIER/Paginas/default.aspx,Madrid,ES,,,bbmri-eric:contactID:ES_Martinez_Delgado,bbmri-eric:contactID:ES_Martinez_Delgado,ES,False,,,bbmri-eric:ID:ES_BioNER-IIER,Rare Diseases National Biobank-Institute of Rare Diseases Research (Institute of Health Carlos III),bbmri-eric:networkID:ES_PISCIIIBB,,,RD,BIOLOGICAL_SAMPLES,1,78.0,"nervous_system,rare_disease",,,,4.0,0.0,"MALE,FEMALE",urn:miriam:icd:G11.8,,,YEAR,,"DNA,PERIPHERAL_BLOOD_CELLS,PLASMA,SERUM","temperature-60to-85,temperatureLN",,,,,,,,True,,,,,,directory_catalog,https://ejp-rd-vp.github.io/resource-metadata-schema/license/v1.0.txt,BBMRI-ERIC,English,Other hereditary ataxias,,,2026-07-23 05:02:06.175575,2026-07-23 05:02:06.175575,
977,bbmri-eric:ID:ES_BioNER-IIER:collection:Trastorno_del_Desarrollo_Intelectual_Autosomico_Dominante-38-_EEF1A2,"Trastorno del Desarrollo Intelectual, Autosómico Dominante-38- EEF1A2",,Disease sample;Disease control,https://www.isciii.es/QuienesSomos/CentrosPropios/IIER/Paginas/default.aspx,Madrid,ES,,,bbmri-eric:contactID:ES_Martinez_Delgado,bbmri-eric:contactID:ES_Martinez_Delgado,ES,False,,,bbmri-eric:ID:ES_BioNER-IIER,Rare Diseases National Biobank-Institute of Rare Diseases Research (Institute of Health Carlos III),bbmri-eric:networkID:ES_PISCIIIBB,,,RD,BIOLOGICAL_SAMPLES,1,48.0,rare_disease,,,,3.0,0.0,"MALE,FEMALE",urn:miriam:icd:F79.9,,,YEAR,,"DNA,PERIPHERAL_BLOOD_CELLS,OTHER,BUFFY_COAT,PLASMA,SERUM","temperature-60to-85,temperatureLN",,,,,,,,True,,,,,,directory_catalog,https://ejp-rd-vp.github.io/resource-metadata-schema/license/v1.0.txt,BBMRI-ERIC,English,Unspecified mental retardation - Unspecified mental retardation: Without mention of impairment of behaviour,,,2026-07-23 05:02:06.175575,2026-07-23 05:02:06.175575,
985,bbmri-eric:ID:ES_BioNER-IIER:collection:Discapacidad_intelectual_autosomica_dominante_35_PPP2R5D,"Discapacidad intelectual autosómica dominante 35, PPP2R5D",,Disease sample;Disease control,https://www.isciii.es/QuienesSomos/CentrosPropios/IIER/Paginas/default.aspx,Madrid,ES,,,bbmri-eric:contactID:ES_Martinez_Delgado,bbmri-eric:contactID:ES_Martinez_Delgado,ES,False,,,bbmri-eric:ID:ES_BioNER-IIER,Rare Diseases National Biobank-Institute of Rare Diseases Research (Institute of Health Carlos III),bbmri-eric:networkID:ES_PISCIIIBB,,,RD,BIOLOGICAL_SAMPLES,1,39.0,rare_disease,,,,3.0,0.0,"MALE,FEMALE",urn:miriam:icd:F79.9,,,YEAR,,"DNA,PERIPHERAL_BLOOD_CELLS,OTHER,BUFFY_COAT,PLASMA,SERUM","temperature-60to-85,temperatureLN",,,,,,,,True,,,,,,directory_catalog,https://ejp-rd-vp.github.io/resource-metadata-schema/license/v1.0.txt,BBMRI-ERIC,English,Unspecified mental retardation - Unspecified mental retardation: Without mention of impairment of behaviour,,,2026-07-23 05:02:06.175575,2026-07-23 05:02:06.175575,
986,bbmri-eric:ID:ES_BioNER-IIER:collection:Ataxia_espino-cerebelosa_autosomica_dominante,Ataxia espino-cerebelosa autosómica dominante,,Disease sample,https://www.isciii.es/QuienesSomos/CentrosPropios/IIER/Paginas/default.aspx,Madrid,ES,,,bbmri-eric:contactID:ES_Martinez_Delgado,bbmri-eric:contactID:ES_Martinez_Delgado,ES,False,,,bbmri-eric:ID:ES_BioNER-IIER,Rare Diseases National Biobank-Institute of Rare Diseases Research (Institute of Health Carlos III),bbmri-eric:networkID:ES_PISCIIIBB,,,RD,BIOLOGICAL_SAMPLES,1,21.0,"nervous_system,rare_disease",,,,1.0,0.0,MALE,urn:miriam:icd:G11.8,,,YEAR,,"DNA,PERIPHERAL_BLOOD_CELLS,PLASMA,SERUM","temperature-60to-85,temperatureLN",,,,,,,,True,,,,,,directory_catalog,https://ejp-rd-vp.github.io/resource-metadata-schema/license/v1.0.txt,BBMRI-ERIC,English,Other hereditary ataxias,,,2026-07-23 05:02:06.175575,2026-07-23 05:02:06.175575,
996,bbmri-eric:ID:ES_BioNER-IIER:collection:Discapacidad_intelectual_autosomica_dominante_42_GNB1,"Discapacidad intelectual autosómica dominante 42, GNB1",,Disease sample;Disease control,https://www.isciii.es/QuienesSomos/CentrosPropios/IIER/Paginas/default.aspx,Madrid,ES,,,bbmri-eric:contactID:ES_Martinez_Delgado,bbmri-eric:contactID:ES_Martinez_Delgado,ES,False,,,bbmri-eric:ID:ES_BioNER-IIER,Rare Diseases National Biobank-Institute of Rare Diseases Research (Institute of Health Carlos III),bbmri-eric:networkID:ES_PISCIIIBB,,,RD,BIOLOGICAL_SAMPLES,1,56.0,rare_disease,,,,3.0,0.0,"MALE,FEMALE",urn:miriam:icd:F79.9,,,YEAR,,"DNA,PERIPHERAL_BLOOD_CELLS,OTHER,BUFFY_COAT,PLASMA,SERUM","temperature-60to-85,temperatureLN",,,,,,,,True,,,,,,directory_catalog,https://ejp-rd-vp.github.io/resource-metadata-schema/license/v1.0.txt,BBMRI-ERIC,English,Unspecified mental retardation - Unspecified mental retardation: Without mention of impairment of behaviour,,,2026-07-23 05:02:06.175575,2026-07-23 05:02:06.175575,
1001,bbmri-eric:ID:ES_BioNER-IIER:collection:Sindrome_de_discapacidad_intelectual_asociada_al_gen_TBCK,Síndrome de discapacidad intelectual asociada al gen TBCK,,Disease sample;Disease control,https://www.isciii.es/QuienesSomos/CentrosPropios/IIER/Paginas/default.aspx,Madrid,ES,,,bbmri-eric:contactID:ES_Martinez_Delgado,bbmri-eric:contactID:ES_Martinez_Delgado,ES,False,,,bbmri-eric:ID:ES_BioNER-IIER,Rare Diseases National Biobank-Institute of Rare Diseases Research (Institute of Health Carlos III),bbmri-eric:networkID:ES_PISCIIIBB,,,RD,BIOLOGICAL_SAMPLES,1,47.0,rare_disease,,,,3.0,0.0,"MALE,FEMALE",urn:miriam:icd:F79.9,,,YEAR,,"DNA,PERIPHERAL_BLOOD_CELLS,OTHER,BUFFY_COAT,PLASMA,SERUM","temperature-60to-85,temperatureLN",,,,,,,,True,,,,,,directory_catalog,https://ejp-rd-vp.github.io/resource-metadata-schema/license/v1.0.txt,BBMRI-ERIC,English,Unspecified mental retardation - Unspecified mental retardation: Without mention of impairment of behaviour,,,2026-07-23 05:02:06.175575,2026-07-23 05:02:06.175575,
1003,bbmri-eric:ID:ES_BioNER-IIER:collection:Discapacidad_intelectual_autosomica_dominante_5_SYNGAP1,"Discapacidad intelectual autosómica dominante 5, SYNGAP1",,Disease sample;Disease control,https://www.isciii.es/QuienesSomos/CentrosPropios/IIER/Paginas/default.aspx,Madrid,ES,,,bbmri-eric:contactID:ES_Martinez_Delgado,bbmri-eric:contactID:ES_Martinez_Delgado,ES,False,,,bbmri-eric:ID:ES_BioNER-IIER,Rare Diseases National Biobank-Institute of Rare Diseases Research (Institute of Health Carlos III),bbmri-eric:networkID:ES_PISCIIIBB,,,RD,BIOLOGICAL_SAMPLES,2,105.0,rare_disease,,,,6.0,0.0,"MALE,FEMALE",urn:miriam:icd:F79.9,,,YEAR,,"DNA,PERIPHERAL_BLOOD_CELLS,OTHER,BUFFY_COAT,PLASMA,SERUM","temperature-60to-85,temperatureLN",,,,,,,,True,,,,,,directory_catalog,https://ejp-rd-vp.github.io/resource-metadata-schema/license/v1.0.txt,BBMRI-ERIC,English,Unspecified mental retardation - Unspecified mental retardation: Without mention of impairment of behaviour,,,2026-07-23 05:02:06.175575,2026-07-23 05:02:06.175575,
1004,bbmri-eric:ID:ES_BioNER-IIER:collection:Distrofia_Muscular_tipo_Limb-Girdle_autosomica_recesiva_18_conocida_con_anterioridad_como_fenotipo_LGMD2S_2S,"Distrofia Muscular, tipo Limb-Girdle, autosómica recesiva 18 (conocida con anterioridad como fenotipo LGMD2S 2S)",,Disease sample;Disease control,https://www.isciii.es/QuienesSomos/CentrosPropios/IIER/Paginas/default.aspx,Madrid,ES,,,bbmri-eric:contactID:ES_Martinez_Delgado,bbmri-eric:contactID:ES_Martinez_Delgado,ES,False,,,bbmri-eric:ID:ES_BioNER-IIER,Rare Diseases National Biobank-Institute of Rare Diseases Research (Institute of Health Carlos III),bbmri-eric:networkID:ES_PISCIIIBB,,,RD,BIOLOGICAL_SAMPLES,1,48.0,"nervous_system,rare_disease",,,,3.0,0.0,"MALE,FEMALE",urn:miriam:icd:G71.0,,,YEAR,,"DNA,PERIPHERAL_BLOOD_CELLS,OTHER,BUFFY_COAT,PLASMA,SERUM","temperature-60to-85,temperatureLN",,,,,,,,True,,,,,,directory_catalog,https://ejp-rd-vp.github.io/resource-metadata-schema/license/v1.0.txt,BBMRI-ERIC,English,Primary disorders of muscles - Muscular dystrophy,,,2026-07-23 05:02:06.556069,2026-07-23 05:02:06.556069,
1011,bbmri-eric:ID:ES_BioNER-IIER:collection:Oftalmoplejia_externa_progresiva_con_deleciones_de_DNA_mitocondrial_autosomica_dominante_1_POLG,"Oftalmoplejía externa progresiva con deleciones de DNA mitocondrial autosómica dominante 1, POLG",,Disease sample;Disease control,https://www.isciii.es/QuienesSomos/CentrosPropios/IIER/Paginas/default.aspx,Madrid,ES,,,bbmri-eric:contactID:ES_Martinez_Delgado,bbmri-eric:contactID:ES_Martinez_Delgado,ES,False,,,bbmri-eric:ID:ES_BioNER-IIER,Rare Diseases National Biobank-Institute of Rare Diseases Research (Institute of Health Carlos III),bbmri-eric:networkID:ES_PISCIIIBB,,,RD,BIOLOGICAL_SAMPLES,1,39.0,rare_disease,,,,3.0,0.0,"MALE,FEMALE",urn:miriam:icd:H49.4,,,YEAR,,"DNA,PERIPHERAL_BLOOD_CELLS,OTHER,BUFFY_COAT,PLASMA,SERUM","temperature-60to-85,temperatureLN",,,,,,,,True,,,,,,directory_catalog,https://ejp-rd-vp.github.io/resource-metadata-schema/license/v1.0.txt,BBMRI-ERIC,English,Paralytic strabismus - Progressive external ophthalmoplegia,,,2026-07-23 05:02:06.556069,2026-07-23 05:02:06.556069,
1018,bbmri-eric:ID:ES_BioNER-IIER:collection:Complejo_3_de_la_cadena_respiratoria_mitocondrial_deficit_de,Complejo 3 de la cadena respiratoria mitocondrial déficit de,,Disease sample;Disease control,https://www.isciii.es/QuienesSomos/CentrosPropios/IIER/Paginas/default.aspx,Madrid,ES,,,bbmri-eric:contactID:ES_Martinez_Delgado,bbmri-eric:contactID:ES_Martinez_Delgado,ES,False,,,bbmri-eric:ID:ES_BioNER-IIER,Rare Diseases National Biobank-Institute of Rare Diseases Research (Institute of Health Carlos III),bbmri-eric:networkID:ES_PISCIIIBB,,,RD,BIOLOGICAL_SAMPLES,2,103.0,"nervous_system,rare_disease",,,,7.0,0.0,"MALE,FEMALE",urn:miriam:icd:G71.3,,,YEAR,,"DNA,PERIPHERAL_BLOOD_CELLS,PLASMA,SERUM","temperature-60to-85,temperatureLN",,,,,,,,True,,,,,,directory_catalog,https://ejp-rd-vp.github.io/resource-metadata-schema/license/v1.0.txt,BBMRI-ERIC,English,"Primary disorders of muscles - Mitochondrial myopathy,not elsewhere classified",,,2026-07-23 05:02:06.556069,2026-07-23 05:02:06.556069,
1020,bbmri-eric:ID:ES_BioNER-IIER:collection:Sindrome_Basel-Vanagaite-Smirin-Yosef_BVSYS_MED25,Síndrome Basel-Vanagaite-Smirin-Yosef (BVSYS). MED25,,Disease sample;Disease control,https://www.isciii.es/QuienesSomos/CentrosPropios/IIER/Paginas/default.aspx,Madrid,ES,,,bbmri-eric:contactID:ES_Martinez_Delgado,bbmri-eric:contactID:ES_Martinez_Delgado,ES,False,,,bbmri-eric:ID:ES_BioNER-IIER,Rare Diseases National Biobank-Institute of Rare Diseases Research (Institute of Health Carlos III),bbmri-eric:networkID:ES_PISCIIIBB,,,RD,BIOLOGICAL_SAMPLES,1,41.0,rare_disease,,,,3.0,0.0,"MALE,FEMALE",urn:miriam:icd:F79.9,,,YEAR,,"DNA,PERIPHERAL_BLOOD_CELLS,OTHER,BUFFY_COAT,PLASMA,SERUM","temperature-60to-85,temperatureLN",,,,,,,,True,,,,,,directory_catalog,https://ejp-rd-vp.github.io/resource-metadata-schema/license/v1.0.txt,BBMRI-ERIC,English,Unspecified mental retardation - Unspecified mental retardation: Without mention of impairment of behaviour,,,2026-07-23 05:02:06.175575,2026-07-23 05:02:06.175575,
1021,bbmri-eric:ID:ES_BioNER-IIER:collection:Discapacidad_intelectual_no_sindromica_ligada_al_cromosoma_X-RLIM,Discapacidad intelectual no sindrómica ligada al cromosoma X – RLIM,,Disease sample;Disease control,https://www.isciii.es/QuienesSomos/CentrosPropios/IIER/Paginas/default.aspx,Madrid,ES,,,bbmri-eric:contactID:ES_Martinez_Delgado,bbmri-eric:contactID:ES_Martinez_Delgado,ES,False,,,bbmri-eric:ID:ES_BioNER-IIER,Rare Diseases National Biobank-Institute of Rare Diseases Research (Institute of Health Carlos III),bbmri-eric:networkID:ES_PISCIIIBB,,,RD,BIOLOGICAL_SAMPLES,1,46.0,rare_disease,,,,3.0,0.0,"MALE,FEMALE",urn:miriam:icd:F79.9,,,YEAR,,"DNA,PERIPHERAL_BLOOD_CELLS,OTHER,BUFFY_COAT,PLASMA,SERUM","temperature-60to-85,temperatureLN",,,,,,,,True,,,,,,directory_catalog,https://ejp-rd-vp.github.io/resource-metadata-schema/license/v1.0.txt,BBMRI-ERIC,English,Unspecified mental retardation - Unspecified mental retardation: Without mention of impairment of behaviour,,,2026-07-23 05:02:06.175575,2026-07-23 05:02:06.175575,
1025,bbmri-eric:ID:ES_BioNER-IIER:collection:Ataxia_cerebelosa_autosomica_recesiva,Ataxia cerebelosa autosómica recesiva,,Disease sample,https://www.isciii.es/QuienesSomos/CentrosPropios/IIER/Paginas/default.aspx,Madrid,ES,,,bbmri-eric:contactID:ES_Martinez_Delgado,bbmri-eric:contactID:ES_Martinez_Delgado,ES,False,,,bbmri-eric:ID:ES_BioNER-IIER,Rare Diseases National Biobank-Institute of Rare Diseases Research (Institute of Health Carlos III),bbmri-eric:networkID:ES_PISCIIIBB,,,RD,BIOLOGICAL_SAMPLES,1,57.0,"nervous_system,rare_disease",,,,2.0,0.0,"FEMALE,NAV",urn:miriam:icd:G11.9,,,YEAR,,"DNA,PERIPHERAL_BLOOD_CELLS,PLASMA,SERUM","temperature-60to-85,temperatureLN",,,,,,,,True,,,,,,directory_catalog,https://ejp-rd-vp.github.io/resource-metadata-schema/license/v1.0.txt,BBMRI-ERIC,English,"Hereditary ataxia,unspecified",,,2026-07-23 05:02:06.175575,2026-07-23 05:02:06.175575,
1027,bbmri-eric:ID:ES_BioNER-IIER:collection:Hipotonia_infantil_con_retraso_psicomotor_y_facies_caracteristicas_3_-IHPRF3,Hipotonía infantil con retraso psicomotor y facies características 3 -IHPRF3,,Disease sample;Disease control,https://www.isciii.es/QuienesSomos/CentrosPropios/IIER/Paginas/default.aspx,Madrid,ES,,,bbmri-eric:contactID:ES_Martinez_Delgado,bbmri-eric:contactID:ES_Martinez_Delgado,ES,False,,,bbmri-eric:ID:ES_BioNER-IIER,Rare Diseases National Biobank-Institute of Rare Diseases Research (Institute of Health Carlos III),bbmri-eric:networkID:ES_PISCIIIBB,,,RD,BIOLOGICAL_SAMPLES,1,39.0,rare_disease,,,,3.0,0.0,"MALE,FEMALE",urn:miriam:icd:F79.9,,,YEAR,,"DNA,PERIPHERAL_BLOOD_CELLS,OTHER,BUFFY_COAT,PLASMA,SERUM","temperature-60to-85,temperatureLN",,,,,,,,True,,,,,,directory_catalog,https://ejp-rd-vp.github.io/resource-metadata-schema/license/v1.0.txt,BBMRI-ERIC,English,Unspecified mental retardation - Unspecified mental retardation: Without mention of impairment of behaviour,,,2026-07-23 05:02:06.175575,2026-07-23 05:02:06.175575,
1028,bbmri-eric:ID:ES_BioNER-IIER:collection:ATAXIA_HEREDITARIA,ATAXIA HEREDITARIA,,Disease sample;Disease control,https://www.isciii.es/QuienesSomos/CentrosPropios/IIER/Paginas/default.aspx,Madrid,ES,,,bbmri-eric:contactID:ES_Martinez_Delgado,bbmri-eric:contactID:ES_Martinez_Delgado,ES,False,,,bbmri-eric:ID:ES_BioNER-IIER,Rare Diseases National Biobank-Institute of Rare Diseases Research (Institute of Health Carlos III),bbmri-eric:networkID:ES_PISCIIIBB,,,RD,BIOLOGICAL_SAMPLES,2,673.0,"nervous_system,rare_disease",,,,29.0,1.0,"MALE,FEMALE",urn:miriam:icd:G11,,,YEAR,,"DNA,PERIPHERAL_BLOOD_CELLS,PLASMA,SERUM","temperature-60to-85,temperatureLN",,,,,,,,True,,,,,,directory_catalog,https://ejp-rd-vp.github.io/resource-metadata-schema/license/v1.0.txt,BBMRI-ERIC,English,Hereditary ataxia,,,2026-07-23 05:02:06.175575,2026-07-23 05:02:06.175575,
1032,bbmri-eric:ID:ES_BioNER-IIER:collection:Torticolis_espasmodica,Tortícolis espasmódica,,Disease sample,https://www.isciii.es/QuienesSomos/CentrosPropios/IIER/Paginas/default.aspx,Madrid,ES,,,bbmri-eric:contactID:ES_Martinez_Delgado,bbmri-eric:contactID:ES_Martinez_Delgado,ES,False,,,bbmri-eric:ID:ES_BioNER-IIER,Rare Diseases National Biobank-Institute of Rare Diseases Research (Institute of Health Carlos III),bbmri-eric:networkID:ES_PISCIIIBB,,,RD,BIOLOGICAL_SAMPLES,1,18.0,"nervous_system,rare_disease",,,,2.0,0.0,FEMALE,urn:miriam:icd:G24.3,,,YEAR,,"DNA,PERIPHERAL_BLOOD_CELLS,PLASMA,SALIVA,SERUM","temperature-60to-85,temperatureLN",,,,,,,,True,,,,,,directory_catalog,https://ejp-rd-vp.github.io/resource-metadata-schema/license/v1.0.txt,BBMRI-ERIC,English,Dystonia - Spasmodic torticollis,,,2026-07-23 05:02:06.175575,2026-07-23 05:02:06.175575,
1034,bbmri-eric:ID:ES_BioNER-IIER:collection:Distonia_truncal,Distonía truncal,,Disease sample,https://www.isciii.es/QuienesSomos/CentrosPropios/IIER/Paginas/default.aspx,Madrid,ES,,,bbmri-eric:contactID:ES_Martinez_Delgado,bbmri-eric:contactID:ES_Martinez_Delgado,ES,False,,,bbmri-eric:ID:ES_BioNER-IIER,Rare Diseases National Biobank-Institute of Rare Diseases Research (Institute of Health Carlos III),bbmri-eric:networkID:ES_PISCIIIBB,,,RD,BIOLOGICAL_SAMPLES,1,10.0,"nervous_system,rare_disease",,,,1.0,0.0,MALE,urn:miriam:icd:G24.8,,,YEAR,,"DNA,PERIPHERAL_BLOOD_CELLS,PLASMA,SERUM","temperature-60to-85,temperatureLN",,,,,,,,True,,,,,,directory_catalog,https://ejp-rd-vp.github.io/resource-metadata-schema/license/v1.0.txt,BBMRI-ERIC,English,Other dystonia,,,2026-07-23 05:02:06.175575,2026-07-23 05:02:06.175575,
1035,bbmri-eric:ID:ES_BioNER-IIER:collection:Sindrome_de_la_persona_rigida,Síndrome de la persona rígida,,Disease sample,https://www.isciii.es/QuienesSomos/CentrosPropios/IIER/Paginas/default.aspx,Madrid,ES,,,bbmri-eric:contactID:ES_Martinez_Delgado,bbmri-eric:contactID:ES_Martinez_Delgado,ES,False,,,bbmri-eric:ID:ES_BioNER-IIER,Rare Diseases National Biobank-Institute of Rare Diseases Research (Institute of Health Carlos III),bbmri-eric:networkID:ES_PISCIIIBB,,,RD,BIOLOGICAL_SAMPLES,1,14.0,"nervous_system,rare_disease",,,,1.0,0.0,FEMALE,urn:miriam:icd:G25.8,,,YEAR,,"DNA,PERIPHERAL_BLOOD_CELLS,PLASMA,SERUM","temperature-60to-85,temperatureLN",,,,,,,,True,,,,,,directory_catalog,https://ejp-rd-vp.github.io/resource-metadata-schema/license/v1.0.txt,BBMRI-ERIC,English,Other specified extrapyramidal and movement disorders,,,2026-07-23 05:02:06.175575,2026-07-23 05:02:06.175575,
1037,bbmri-eric:ID:ES_BioNER-IIER:collection:Discapacidad_intelectual_ligada_al_X_104,"Discapacidad intelectual ligada al X, 104",,Disease sample;Disease control,https://www.isciii.es/QuienesSomos/CentrosPropios/IIER/Paginas/default.aspx,Madrid,ES,,,bbmri-eric:contactID:ES_Martinez_Delgado,bbmri-eric:contactID:ES_Martinez_Delgado,ES,False,,,bbmri-eric:ID:ES_BioNER-IIER,Rare Diseases National Biobank-Institute of Rare Diseases Research (Institute of Health Carlos III),bbmri-eric:networkID:ES_PISCIIIBB,,,RD,BIOLOGICAL_SAMPLES,1,51.0,rare_disease,,,,3.0,0.0,"MALE,FEMALE",urn:miriam:icd:F79.9,,,YEAR,,"DNA,PERIPHERAL_BLOOD_CELLS,OTHER,PLASMA,SERUM","temperature-60to-85,temperatureLN",,,,,,,,True,,,,,,directory_catalog,https://ejp-rd-vp.github.io/resource-metadata-schema/license/v1.0.txt,BBMRI-ERIC,English,Unspecified mental retardation - Unspecified mental retardation: Without mention of impairment of behaviour,,,2026-07-23 05:02:06.175575,2026-07-23 05:02:06.175575,
1038,bbmri-eric:ID:ES_BioNER-IIER:collection:Discapacidad_intelectual_autosomica_dominante_31,Discapacidad intelectual autosómica dominante 31,,Disease sample;Disease control,https://www.isciii.es/QuienesSomos/CentrosPropios/IIER/Paginas/default.aspx,Madrid,ES,,,bbmri-eric:contactID:ES_Martinez_Delgado,bbmri-eric:contactID:ES_Martinez_Delgado,ES,False,,,bbmri-eric:ID:ES_BioNER-IIER,Rare Diseases National Biobank-Institute of Rare Diseases Research (Institute of Health Carlos III),bbmri-eric:networkID:ES_PISCIIIBB,,,RD,BIOLOGICAL_SAMPLES,1,39.0,"nervous_system,rare_disease",,,,3.0,0.0,"MALE,FEMALE",urn:miriam:icd:G40.4,,,YEAR,,"DNA,PERIPHERAL_BLOOD_CELLS,OTHER,BUFFY_COAT,PLASMA,SERUM","temperature-60to-85,temperatureLN",,,,,,,,True,,,,,,directory_catalog,https://ejp-rd-vp.github.io/resource-metadata-schema/license/v1.0.txt,BBMRI-ERIC,English,Other generalized epilepsy and epileptic syndromes,,,2026-07-23 05:02:06.556069,2026-07-23 05:02:06.556069,
1040,bbmri-eric:ID:ES_BioNER-IIER:collection:Discapacidad_intelectual_ligada_al_cromosoma_X_-MRX18_MRX78,Discapacidad intelectual ligada al cromosoma X -MRX18/MRX78,,Disease sample;Disease control,https://www.isciii.es/QuienesSomos/CentrosPropios/IIER/Paginas/default.aspx,Madrid,ES,,,bbmri-eric:contactID:ES_Martinez_Delgado,bbmri-eric:contactID:ES_Martinez_Delgado,ES,False,,,bbmri-eric:ID:ES_BioNER-IIER,Rare Diseases National Biobank-Institute of Rare Diseases Research (Institute of Health Carlos III),bbmri-eric:networkID:ES_PISCIIIBB,,,RD,BIOLOGICAL_SAMPLES,1,88.0,rare_disease,,,,6.0,0.0,"MALE,FEMALE",urn:miriam:icd:F79.9,,,YEAR,,"DNA,PERIPHERAL_BLOOD_CELLS,OTHER,PLASMA,SERUM","temperature-60to-85,temperatureLN",,,,,,,,True,,,,,,directory_catalog,https://ejp-rd-vp.github.io/resource-metadata-schema/license/v1.0.txt,BBMRI-ERIC,English,Unspecified mental retardation - Unspecified mental retardation: Without mention of impairment of behaviour,,,2026-07-23 05:02:06.175575,2026-07-23 05:02:06.175575,
1042,bbmri-eric:ID:ES_BioNER-IIER:collection:Discapacidad_intelectual_26_trastorno_del_espectro_autista_por_deficiencia_en_AUTS2,"Discapacidad intelectual 26, trastorno del espectro autista por deficiencia en AUTS2",,Disease sample;Disease control,https://www.isciii.es/QuienesSomos/CentrosPropios/IIER/Paginas/default.aspx,Madrid,ES,,,bbmri-eric:contactID:ES_Martinez_Delgado,bbmri-eric:contactID:ES_Martinez_Delgado,ES,False,,,bbmri-eric:ID:ES_BioNER-IIER,Rare Diseases National Biobank-Institute of Rare Diseases Research (Institute of Health Carlos III),bbmri-eric:networkID:ES_PISCIIIBB,,,RD,BIOLOGICAL_SAMPLES,1,71.0,rare_disease,,,,3.0,0.0,"MALE,FEMALE",urn:miriam:icd:F84.1,,,YEAR,,"DNA,PERIPHERAL_BLOOD_CELLS,OTHER,PLASMA,SERUM","temperature-60to-85,temperatureLN",,,,,,,,True,,,,,,directory_catalog,https://ejp-rd-vp.github.io/resource-metadata-schema/license/v1.0.txt,BBMRI-ERIC,English,Pervasive developmental disorders - Atypical autism,,,2026-07-23 05:02:06.175575,2026-07-23 05:02:06.175575,
1046,bbmri-eric:ID:ES_BioNER-IIER:collection:Sindrome_de_Rett,Síndrome de Rett,,Disease sample;Disease control,https://www.isciii.es/QuienesSomos/CentrosPropios/IIER/Paginas/default.aspx,Madrid,ES,,,bbmri-eric:contactID:ES_Martinez_Delgado,bbmri-eric:contactID:ES_Martinez_Delgado,ES,False,,,bbmri-eric:ID:ES_BioNER-IIER,Rare Diseases National Biobank-Institute of Rare Diseases Research (Institute of Health Carlos III),bbmri-eric:networkID:ES_PISCIIIBB,,,RD,BIOLOGICAL_SAMPLES,2,116.0,rare_disease,,,,25.0,1.0,"MALE,FEMALE",urn:miriam:icd:F84.2,,,YEAR,,"DNA,PERIPHERAL_BLOOD_CELLS,OTHER,BUFFY_COAT,PLASMA,SERUM","temperature-60to-85,temperatureLN",,,,,,,,True,,,,,,directory_catalog,https://ejp-rd-vp.github.io/resource-metadata-schema/license/v1.0.txt,BBMRI-ERIC,English,Pervasive developmental disorders - Rett syndrome,,,2026-07-23 05:02:06.175575,2026-07-23 05:02:06.175575,
1050,bbmri-eric:ID:ES_BioNER-IIER:collection:Ataxia_de_Harding,Ataxia de Harding,,Disease sample,https://www.isciii.es/QuienesSomos/CentrosPropios/IIER/Paginas/default.aspx,Madrid,ES,,,bbmri-eric:contactID:ES_Martinez_Delgado,bbmri-eric:contactID:ES_Martinez_Delgado,ES,False,,,bbmri-eric:ID:ES_BioNER-IIER,Rare Diseases National Biobank-Institute of Rare Diseases Research (Institute of Health Carlos III),bbmri-eric:networkID:ES_PISCIIIBB,,,RD,BIOLOGICAL_SAMPLES,1,21.0,"nervous_system,rare_disease",,,,1.0,0.0,MALE,urn:miriam:icd:G11.1,,,YEAR,,"DNA,PERIPHERAL_BLOOD_CELLS,PLASMA,SERUM","temperature-60to-85,temperatureLN",,,,,,,,True,,,,,,directory_catalog,https://ejp-rd-vp.github.io/resource-metadata-schema/license/v1.0.txt,BBMRI-ERIC,English,Early-onset cerebellar ataxia,,,2026-07-23 05:02:06.175575,2026-07-23 05:02:06.175575,
1051,bbmri-eric:ID:ES_BioNER-IIER:collection:Ataxia_espastica_de_tipo_Charlevoix-Saguenay,Ataxia espástica de tipo Charlevoix-Saguenay,,Disease sample,https://www.isciii.es/QuienesSomos/CentrosPropios/IIER/Paginas/default.aspx,Madrid,ES,,,bbmri-eric:contactID:ES_Martinez_Delgado,bbmri-eric:contactID:ES_Martinez_Delgado,ES,False,,,bbmri-eric:ID:ES_BioNER-IIER,Rare Diseases National Biobank-Institute of Rare Diseases Research (Institute of Health Carlos III),bbmri-eric:networkID:ES_PISCIIIBB,,,RD,BIOLOGICAL_SAMPLES,1,21.0,"nervous_system,rare_disease",,,,1.0,0.0,MALE,urn:miriam:icd:G11.1,,,YEAR,,"DNA,PERIPHERAL_BLOOD_CELLS,PLASMA,SERUM","temperature-60to-85,temperatureLN",,,,,,,,True,,,,,,directory_catalog,https://ejp-rd-vp.github.io/resource-metadata-schema/license/v1.0.txt,BBMRI-ERIC,English,Early-onset cerebellar ataxia,,,2026-07-23 05:02:06.175575,2026-07-23 05:02:06.175575,
1052,bbmri-eric:ID:ES_BioNER-IIER:collection:Ataxia_cerebelosa_progresiva_de_inicio_precoz,Ataxia cerebelosa progresiva de inicio precoz,,Disease sample,https://www.isciii.es/QuienesSomos/CentrosPropios/IIER/Paginas/default.aspx,Madrid,ES,,,bbmri-eric:contactID:ES_Martinez_Delgado,bbmri-eric:contactID:ES_Martinez_Delgado,ES,False,,,bbmri-eric:ID:ES_BioNER-IIER,Rare Diseases National Biobank-Institute of Rare Diseases Research (Institute of Health Carlos III),bbmri-eric:networkID:ES_PISCIIIBB,,,RD,BIOLOGICAL_SAMPLES,1,21.0,"nervous_system,rare_disease",,,,1.0,0.0,MALE,urn:miriam:icd:G11.1,,,YEAR,,"DNA,PERIPHERAL_BLOOD_CELLS,PLASMA,SERUM","temperature-60to-85,temperatureLN",,,,,,,,True,,,,,,directory_catalog,https://ejp-rd-vp.github.io/resource-metadata-schema/license/v1.0.txt,BBMRI-ERIC,English,Early-onset cerebellar ataxia,,,2026-07-23 05:02:06.175575,2026-07-23 05:02:06.175575,
1055,bbmri-eric:ID:ES_BioNER-IIER:collection:Sindrome_de_NARP,Síndrome de NARP,,Disease sample,https://www.isciii.es/QuienesSomos/CentrosPropios/IIER/Paginas/default.aspx,Madrid,ES,,,bbmri-eric:contactID:ES_Martinez_Delgado,bbmri-eric:contactID:ES_Martinez_Delgado,ES,False,,,bbmri-eric:ID:ES_BioNER-IIER,Rare Diseases National Biobank-Institute of Rare Diseases Research (Institute of Health Carlos III),bbmri-eric:networkID:ES_PISCIIIBB,,,RD,BIOLOGICAL_SAMPLES,1,12.0,"nervous_system,rare_disease",,,,1.0,0.0,FEMALE,urn:miriam:icd:G31.8,,,YEAR,,"DNA,PERIPHERAL_BLOOD_CELLS,PLASMA,SERUM","temperature-60to-85,temperatureLN",,,,,,,,True,,,,,,directory_catalog,https://ejp-rd-vp.github.io/resource-metadata-schema/license/v1.0.txt,BBMRI-ERIC,English,Other specified degenerative diseases of nervous system,,,2026-07-23 05:02:06.175575,2026-07-23 05:02:06.175575,
1058,bbmri-eric:ID:ES_BioNER-IIER:collection:Encefalopatia_epileptica_infantil_temprana_4_STXBP1,"Encefalopatía epiléptica infantil temprana 4, STXBP1",,Disease sample;Disease control,https://www.isciii.es/QuienesSomos/CentrosPropios/IIER/Paginas/default.aspx,Madrid,ES,,,bbmri-eric:contactID:ES_Martinez_Delgado,bbmri-eric:contactID:ES_Martinez_Delgado,ES,False,,,bbmri-eric:ID:ES_BioNER-IIER,Rare Diseases National Biobank-Institute of Rare Diseases Research (Institute of Health Carlos III),bbmri-eric:networkID:ES_PISCIIIBB,,,RD,BIOLOGICAL_SAMPLES,1,52.0,"nervous_system,rare_disease",,,,3.0,0.0,"MALE,FEMALE",urn:miriam:icd:G40.3,,,YEAR,,"DNA,PERIPHERAL_BLOOD_CELLS,OTHER,BUFFY_COAT,PLASMA,SERUM","temperature-60to-85,temperatureLN",,,,,,,,True,,,,,,directory_catalog,https://ejp-rd-vp.github.io/resource-metadata-schema/license/v1.0.txt,BBMRI-ERIC,English,Generalized idiopathic epilepsy and epileptic syndromes,,,2026-07-23 05:02:06.175575,2026-07-23 05:02:06.175575,
1060,bbmri-eric:ID:ES_BioNER-IIER:collection:Ataxia_cerebelosa_de_iniciacion_tardia,Ataxia cerebelosa de iniciación tardía,,Disease sample,https://www.isciii.es/QuienesSomos/CentrosPropios/IIER/Paginas/default.aspx,Madrid,ES,,,bbmri-eric:contactID:ES_Martinez_Delgado,bbmri-eric:contactID:ES_Martinez_Delgado,ES,False,,,bbmri-eric:ID:ES_BioNER-IIER,Rare Diseases National Biobank-Institute of Rare Diseases Research (Institute of Health Carlos III),bbmri-eric:networkID:ES_PISCIIIBB,,,RD,BIOLOGICAL_SAMPLES,1,40.0,"nervous_system,rare_disease",,,,1.0,0.0,MALE,urn:miriam:icd:G11.2,,,YEAR,,"DNA,PERIPHERAL_BLOOD_CELLS,PLASMA,SERUM","temperature-60to-85,temperatureLN",,,,,,,,True,,,,,,directory_catalog,https://ejp-rd-vp.github.io/resource-metadata-schema/license/v1.0.txt,BBMRI-ERIC,English,Late-onset cerebellar ataxia,,,2026-07-23 05:02:06.175575,2026-07-23 05:02:06.175575,
1061,bbmri-eric:ID:ES_BioNER-IIER:collection:Ataxia_telangiectasia,Ataxia telangiectasia,,Disease sample,https://www.isciii.es/QuienesSomos/CentrosPropios/IIER/Paginas/default.aspx,Madrid,ES,,,bbmri-eric:contactID:ES_Martinez_Delgado,bbmri-eric:contactID:ES_Martinez_Delgado,ES,False,,,bbmri-eric:ID:ES_BioNER-IIER,Rare Diseases National Biobank-Institute of Rare Diseases Research (Institute of Health Carlos III),bbmri-eric:networkID:ES_PISCIIIBB,,,RD,BIOLOGICAL_SAMPLES,1,61.0,"nervous_system,rare_disease",,,,3.0,0.0,MALE,urn:miriam:icd:G11.3,,,YEAR,,"DNA,PERIPHERAL_BLOOD_CELLS,PLASMA,SERUM","temperature-60to-85,temperatureLN",,,,,,,,True,,,,,,directory_catalog,https://ejp-rd-vp.github.io/resource-metadata-schema/license/v1.0.txt,BBMRI-ERIC,English,Cerebellar ataxia with defective DNA repair,,,2026-07-23 05:02:06.175575,2026-07-23 05:02:06.175575,
1062,bbmri-eric:ID:ES_BioNER-IIER:collection:SPG4,SPG4,,Disease sample;Disease control,https://www.isciii.es/QuienesSomos/CentrosPropios/IIER/Paginas/default.aspx,Madrid,ES,,,bbmri-eric:contactID:ES_Martinez_Delgado,bbmri-eric:contactID:ES_Martinez_Delgado,ES,False,,,bbmri-eric:ID:ES_BioNER-IIER,Rare Diseases National Biobank-Institute of Rare Diseases Research (Institute of Health Carlos III),bbmri-eric:networkID:ES_PISCIIIBB,,,RD,BIOLOGICAL_SAMPLES,1,42.0,"nervous_system,rare_disease",,,,3.0,0.0,"MALE,FEMALE",urn:miriam:icd:G11.4,,,YEAR,,"DNA,PERIPHERAL_BLOOD_CELLS,PLASMA,SERUM","temperature-60to-85,temperatureLN",,,,,,,,True,,,,,,directory_catalog,https://ejp-rd-vp.github.io/resource-metadata-schema/license/v1.0.txt,BBMRI-ERIC,English,Hereditary spastic paraplegia,,,2026-07-23 05:02:06.175575,2026-07-23 05:02:06.175575,
1069,bbmri-eric:ID:ES_BioNER-IIER:collection:Encefalopatia_epileptica_infantil_temprana_11_SCN2A,"Encefalopatía epiléptica infantil temprana 11, SCN2A",,Disease sample;Disease control,https://www.isciii.es/QuienesSomos/CentrosPropios/IIER/Paginas/default.aspx,Madrid,ES,,,bbmri-eric:contactID:ES_Martinez_Delgado,bbmri-eric:contactID:ES_Martinez_Delgado,ES,False,,,bbmri-eric:ID:ES_BioNER-IIER,Rare Diseases National Biobank-Institute of Rare Diseases Research (Institute of Health Carlos III),bbmri-eric:networkID:ES_PISCIIIBB,,,RD,BIOLOGICAL_SAMPLES,1,74.0,"nervous_system,rare_disease",,,,4.0,0.0,"MALE,FEMALE",urn:miriam:icd:G40.4,,,YEAR,,"DNA,PERIPHERAL_BLOOD_CELLS,OTHER,BUFFY_COAT,PLASMA,SERUM","temperature-60to-85,temperatureLN",,,,,,,,True,,,,,,directory_catalog,https://ejp-rd-vp.github.io/resource-metadata-schema/license/v1.0.txt,BBMRI-ERIC,English,Other generalized epilepsy and epileptic syndromes,,,2026-07-23 05:02:06.175575,2026-07-23 05:02:06.175575,
1072,bbmri-eric:ID:ES_BioNER-IIER:collection:Sindrome_de_Dravet,Síndrome de Dravet,,Disease sample,https://www.isciii.es/QuienesSomos/CentrosPropios/IIER/Paginas/default.aspx,Madrid,ES,,,bbmri-eric:contactID:ES_Martinez_Delgado,bbmri-eric:contactID:ES_Martinez_Delgado,ES,False,,,bbmri-eric:ID:ES_BioNER-IIER,Rare Diseases National Biobank-Institute of Rare Diseases Research (Institute of Health Carlos III),bbmri-eric:networkID:ES_PISCIIIBB,,,RD,BIOLOGICAL_SAMPLES,1,21.0,"nervous_system,rare_disease",,,,1.0,0.0,MALE,urn:miriam:icd:G40.4,,,YEAR,,"DNA,PERIPHERAL_BLOOD_CELLS,PLASMA,SERUM","temperature-60to-85,temperatureLN",,,,,,,,True,,,,,,directory_catalog,https://ejp-rd-vp.github.io/resource-metadata-schema/license/v1.0.txt,BBMRI-ERIC,English,Other generalized epilepsy and epileptic syndromes,,,2026-07-23 05:02:06.556069,2026-07-23 05:02:06.556069,
1077,bbmri-eric:ID:ES_BioNER-IIER:collection:Charcot_Marie_Tooth,Charcot Marie Tooth,,Disease sample,https://www.isciii.es/QuienesSomos/CentrosPropios/IIER/Paginas/default.aspx,Madrid,ES,,,bbmri-eric:contactID:ES_Martinez_Delgado,bbmri-eric:contactID:ES_Martinez_Delgado,ES,False,,,bbmri-eric:ID:ES_BioNER-IIER,Rare Diseases National Biobank-Institute of Rare Diseases Research (Institute of Health Carlos III),bbmri-eric:networkID:ES_PISCIIIBB,,,RD,BIOLOGICAL_SAMPLES,2,137.0,"nervous_system,rare_disease",,,,6.0,0.0,"MALE,FEMALE",urn:miriam:icd:G60.0,,,YEAR,,"DNA,PERIPHERAL_BLOOD_CELLS,PLASMA,SERUM","temperature-60to-85,temperatureLN",,,,,,,,True,,,,,,directory_catalog,https://ejp-rd-vp.github.io/resource-metadata-schema/license/v1.0.txt,BBMRI-ERIC,English,Hereditary motor and sensory neuropathy,,,2026-07-23 05:02:06.556069,2026-07-23 05:02:06.556069,
1085,bbmri-eric:ID:ES_BioNER-IIER:collection:Polineuropatia_axonal_sensitivo_motora,Polineuropatía axonal sensitivo motora,,Disease sample,https://www.isciii.es/QuienesSomos/CentrosPropios/IIER/Paginas/default.aspx,Madrid,ES,,,bbmri-eric:contactID:ES_Martinez_Delgado,bbmri-eric:contactID:ES_Martinez_Delgado,ES,False,,,bbmri-eric:ID:ES_BioNER-IIER,Rare Diseases National Biobank-Institute of Rare Diseases Research (Institute of Health Carlos III),bbmri-eric:networkID:ES_PISCIIIBB,,,RD,BIOLOGICAL_SAMPLES,1,21.0,"nervous_system,rare_disease",,,,1.0,0.0,FEMALE,urn:miriam:icd:G60.0,,,YEAR,,"DNA,PERIPHERAL_BLOOD_CELLS,PLASMA,SERUM","temperature-60to-85,temperatureLN",,,,,,,,True,,,,,,directory_catalog,https://ejp-rd-vp.github.io/resource-metadata-schema/license/v1.0.txt,BBMRI-ERIC,English,Hereditary motor and sensory neuropathy,,,2026-07-23 05:02:06.556069,2026-07-23 05:02:06.556069,
1086,bbmri-eric:ID:ES_BioNER-IIER:collection:Sindrome_de_Guillain-Barre,Síndrome de Guillain-Barré,,Disease sample,https://www.isciii.es/QuienesSomos/CentrosPropios/IIER/Paginas/default.aspx,Madrid,ES,,,bbmri-eric:contactID:ES_Martinez_Delgado,bbmri-eric:contactID:ES_Martinez_Delgado,ES,False,,,bbmri-eric:ID:ES_BioNER-IIER,Rare Diseases National Biobank-Institute of Rare Diseases Research (Institute of Health Carlos III),bbmri-eric:networkID:ES_PISCIIIBB,,,RD,BIOLOGICAL_SAMPLES,1,13.0,"nervous_system,rare_disease",,,,1.0,0.0,FEMALE,urn:miriam:icd:G61.0,,,YEAR,,"DNA,PERIPHERAL_BLOOD_CELLS,PLASMA,SERUM","temperature-60to-85,temperatureLN",,,,,,,,True,,,,,,directory_catalog,https://ejp-rd-vp.github.io/resource-metadata-schema/license/v1.0.txt,BBMRI-ERIC,English,Inflammatory polyneuropathy - Guillain-Barré syndrome,,,2026-07-23 05:02:06.556069,2026-07-23 05:02:06.556069,
1096,bbmri-eric:ID:ES_BioNER-IIER:collection:Discapacidad_intelectual_ligada_al_X_tipo_Christianson_SLC9A6,"Discapacidad intelectual ligada al X tipo Christianson, SLC9A6",,Disease sample;Disease control,https://www.isciii.es/QuienesSomos/CentrosPropios/IIER/Paginas/default.aspx,Madrid,ES,,,bbmri-eric:contactID:ES_Martinez_Delgado,bbmri-eric:contactID:ES_Martinez_Delgado,ES,False,,,bbmri-eric:ID:ES_BioNER-IIER,Rare Diseases National Biobank-Institute of Rare Diseases Research (Institute of Health Carlos III),bbmri-eric:networkID:ES_PISCIIIBB,,,RD,BIOLOGICAL_SAMPLES,1,37.0,"nervous_system,rare_disease",,,,2.0,0.0,"MALE,FEMALE",urn:miriam:icd:G11.8,,,YEAR,,"DNA,PERIPHERAL_BLOOD_CELLS,OTHER,BUFFY_COAT,PLASMA,SERUM","temperature-60to-85,temperatureLN",,,,,,,,True,,,,,,directory_catalog,https://ejp-rd-vp.github.io/resource-metadata-schema/license/v1.0.txt,BBMRI-ERIC,English,Other hereditary ataxias,,,2026-07-23 05:02:06.175575,2026-07-23 05:02:06.175575,
1097,bbmri-eric:ID:ES_BioNER-IIER:collection:Sindrome_Aceite_Toxico,Síndrome Aceite Tóxico,,Disease sample,https://www.isciii.es/QuienesSomos/CentrosPropios/IIER/Paginas/default.aspx,Madrid,ES,,,bbmri-eric:contactID:ES_Martinez_Delgado,bbmri-eric:contactID:ES_Martinez_Delgado,ES,False,,,bbmri-eric:ID:ES_BioNER-IIER,Rare Diseases National Biobank-Institute of Rare Diseases Research (Institute of Health Carlos III),bbmri-eric:networkID:ES_PISCIIIBB,,,RD,BIOLOGICAL_SAMPLES,4,60023.0,rare_disease,,,,3025.0,3.0,"MALE,FEMALE,NAV",urn:miriam:icd:X49,,,YEAR,,"DNA,PERIPHERAL_BLOOD_CELLS,PLASMA,SERUM","temperature-60to-85,temperatureLN",,,,,,,,True,,,,,,directory_catalog,https://ejp-rd-vp.github.io/resource-metadata-schema/license/v1.0.txt,BBMRI-ERIC,English,Accidental poisoning by and exposure to other and unspecified chemicals and noxious substances,,,2026-07-23 05:02:06.831702,2026-07-23 05:02:06.831702,
1103,bbmri-eric:ID:ES_BioNER-IIER:collection:Ataxia_espinocerebelosa_autosomica_dominante_tipo_3,"Ataxia espinocerebelosa, autosómica dominante, tipo 3",,Disease sample,https://www.isciii.es/QuienesSomos/CentrosPropios/IIER/Paginas/default.aspx,Madrid,ES,,,bbmri-eric:contactID:ES_Martinez_Delgado,bbmri-eric:contactID:ES_Martinez_Delgado,ES,False,,,bbmri-eric:ID:ES_BioNER-IIER,Rare Diseases National Biobank-Institute of Rare Diseases Research (Institute of Health Carlos III),bbmri-eric:networkID:ES_PISCIIIBB,,,RD,BIOLOGICAL_SAMPLES,2,182.0,"nervous_system,rare_disease",,,,11.0,1.0,"MALE,FEMALE",urn:miriam:icd:G11.8,,,YEAR,,"DNA,PERIPHERAL_BLOOD_CELLS,OTHER,PLASMA,SALIVA,SERUM","temperature-60to-85,temperatureLN",,,,,,,,True,,,,,,directory_catalog,https://ejp-rd-vp.github.io/resource-metadata-schema/license/v1.0.txt,BBMRI-ERIC,English,Other hereditary ataxias,,,2026-07-23 05:02:06.175575,2026-07-23 05:02:06.175575,
1104,bbmri-eric:ID:ES_BioNER-IIER:collection:Sindrome_de_discapacidad_intelectual_grave-diplejia_espastica_progresiva_-CTNNB1,Síndrome de discapacidad intelectual grave-diplejía espástica progresiva -CTNNB1,,Disease sample;Disease control,https://www.isciii.es/QuienesSomos/CentrosPropios/IIER/Paginas/default.aspx,Madrid,ES,,,bbmri-eric:contactID:ES_Martinez_Delgado,bbmri-eric:contactID:ES_Martinez_Delgado,ES,False,,,bbmri-eric:ID:ES_BioNER-IIER,Rare Diseases National Biobank-Institute of Rare Diseases Research (Institute of Health Carlos III),bbmri-eric:networkID:ES_PISCIIIBB,,,RD,BIOLOGICAL_SAMPLES,1,58.0,"nervous_system,rare_disease",,,,4.0,0.0,"MALE,FEMALE",urn:miriam:icd:G80.1,,,YEAR,,"DNA,OTHER,PLASMA,SERUM",temperature-60to-85,,,,,,,,True,,,,,,directory_catalog,https://ejp-rd-vp.github.io/resource-metadata-schema/license/v1.0.txt,BBMRI-ERIC,English,Spastic diplegic cerebral palsy,,,2026-07-23 05:02:06.556069,2026-07-23 05:02:06.556069,
1107,bbmri-eric:ID:ES_BioNER-IIER:collection:Sindrome_POEMS,Síndrome POEMS,,Disease sample,https://www.isciii.es/QuienesSomos/CentrosPropios/IIER/Paginas/default.aspx,Madrid,ES,,,bbmri-eric:contactID:ES_Martinez_Delgado,bbmri-eric:contactID:ES_Martinez_Delgado,ES,False,,,bbmri-eric:ID:ES_BioNER-IIER,Rare Diseases National Biobank-Institute of Rare Diseases Research (Institute of Health Carlos III),bbmri-eric:networkID:ES_PISCIIIBB,,,RD,BIOLOGICAL_SAMPLES,1,21.0,"nervous_system,rare_disease",,,,1.0,0.0,FEMALE,urn:miriam:icd:G62.9,,,YEAR,,"DNA,PERIPHERAL_BLOOD_CELLS,PLASMA,SERUM","temperature-60to-85,temperatureLN",,,,,,,,True,,,,,,directory_catalog,https://ejp-rd-vp.github.io/resource-metadata-schema/license/v1.0.txt,BBMRI-ERIC,English,"Other polyneuropathies - Polyneuropathy,unspecified",,,2026-07-23 05:02:06.556069,2026-07-23 05:02:06.556069,
1109,bbmri-eric:ID:ES_BioNER-IIER:collection:Atrofia_olivopontocerebelosa,Atrofia olivopontocerebelosa,,Disease sample;Disease control,https://www.isciii.es/QuienesSomos/CentrosPropios/IIER/Paginas/default.aspx,Madrid,ES,,,bbmri-eric:contactID:ES_Martinez_Delgado,bbmri-eric:contactID:ES_Martinez_Delgado,ES,False,,,bbmri-eric:ID:ES_BioNER-IIER,Rare Diseases National Biobank-Institute of Rare Diseases Research (Institute of Health Carlos III),bbmri-eric:networkID:ES_PISCIIIBB,,,RD,BIOLOGICAL_SAMPLES,2,165.0,"nervous_system,rare_disease",,,,8.0,0.0,"MALE,FEMALE",urn:miriam:icd:G23.8,,,YEAR,,"DNA,PERIPHERAL_BLOOD_CELLS,PLASMA,SERUM","temperature-60to-85,temperatureLN",,,,,,,,True,,,,,,directory_catalog,https://ejp-rd-vp.github.io/resource-metadata-schema/license/v1.0.txt,BBMRI-ERIC,English,Other specified degenerative diseases of basal ganglia,,,2026-07-23 05:02:06.175575,2026-07-23 05:02:06.175575,
1110,bbmri-eric:ID:ES_BioNER-IIER:collection:Miastenia_gravis,Miastenia gravis,,Disease sample,https://www.isciii.es/QuienesSomos/CentrosPropios/IIER/Paginas/default.aspx,Madrid,ES,,,bbmri-eric:contactID:ES_Martinez_Delgado,bbmri-eric:contactID:ES_Martinez_Delgado,ES,False,,,bbmri-eric:ID:ES_BioNER-IIER,Rare Diseases National Biobank-Institute of Rare Diseases Research (Institute of Health Carlos III),bbmri-eric:networkID:ES_PISCIIIBB,,,RD,BIOLOGICAL_SAMPLES,2,685.0,"nervous_system,rare_disease",,,,36.0,1.0,"MALE,FEMALE,NAV",urn:miriam:icd:G70.0,,,YEAR,,"DNA,PERIPHERAL_BLOOD_CELLS,PLASMA,SERUM","temperature-60to-85,temperatureLN",,,,,,,,True,,,,,,directory_catalog,https://ejp-rd-vp.github.io/resource-metadata-schema/license/v1.0.txt,BBMRI-ERIC,English,Myasthenia gravis,,,2026-07-23 05:02:06.556069,2026-07-23 05:02:06.556069,
1115,bbmri-eric:ID:ES_BioNER-IIER:collection:Distrofia_muscular_de_Duchenne,Distrofia muscular de Duchenne,,Disease sample;Disease control,https://www.isciii.es/QuienesSomos/CentrosPropios/IIER/Paginas/default.aspx,Madrid,ES,,,bbmri-eric:contactID:ES_Martinez_Delgado,bbmri-eric:contactID:ES_Martinez_Delgado,ES,False,,,bbmri-eric:ID:ES_BioNER-IIER,Rare Diseases National Biobank-Institute of Rare Diseases Research (Institute of Health Carlos III),bbmri-eric:networkID:ES_PISCIIIBB,,,RD,BIOLOGICAL_SAMPLES,1,26.0,"nervous_system,rare_disease",,,,2.0,0.0,"MALE,FEMALE",urn:miriam:icd:G71.0,,,YEAR,,"DNA,PERIPHERAL_BLOOD_CELLS,PLASMA,SERUM","temperature-60to-85,temperatureLN",,,,,,,,True,,,,,,directory_catalog,https://ejp-rd-vp.github.io/resource-metadata-schema/license/v1.0.txt,BBMRI-ERIC,English,Primary disorders of muscles - Muscular dystrophy,,,2026-07-23 05:02:06.556069,2026-07-23 05:02:06.556069,
1118,bbmri-eric:ID:ES_BioNER-IIER:collection:Siringomielia_y_siringobulbia,Siringomielia y siringobulbia,,Disease sample,https://www.isciii.es/QuienesSomos/CentrosPropios/IIER/Paginas/default.aspx,Madrid,ES,,,bbmri-eric:contactID:ES_Martinez_Delgado,bbmri-eric:contactID:ES_Martinez_Delgado,ES,False,,,bbmri-eric:ID:ES_BioNER-IIER,Rare Diseases National Biobank-Institute of Rare Diseases Research (Institute of Health Carlos III),bbmri-eric:networkID:ES_PISCIIIBB,,,RD,BIOLOGICAL_SAMPLES,2,366.0,"nervous_system,rare_disease",,,,22.0,1.0,"MALE,FEMALE",urn:miriam:icd:G95.0,,,YEAR,,"DNA,PERIPHERAL_BLOOD_CELLS,PLASMA,SALIVA,SERUM","temperature-60to-85,temperatureLN",,,,,,,,True,,,,,,directory_catalog,https://ejp-rd-vp.github.io/resource-metadata-schema/license/v1.0.txt,BBMRI-ERIC,English,Other diseases of spinal cord - Syringomyelia and syringobulbia,,,2026-07-23 05:02:06.556069,2026-07-23 05:02:06.556069,
1125,bbmri-eric:ID:ES_BioNER-IIER:collection:ATAXIA_ESPINOCEREBELOSA_TIPO_6,ATAXIA ESPINOCEREBELOSA TIPO 6,,Disease sample,https://www.isciii.es/QuienesSomos/CentrosPropios/IIER/Paginas/default.aspx,Madrid,ES,,,bbmri-eric:contactID:ES_Martinez_Delgado,bbmri-eric:contactID:ES_Martinez_Delgado,ES,False,,,bbmri-eric:ID:ES_BioNER-IIER,Rare Diseases National Biobank-Institute of Rare Diseases Research (Institute of Health Carlos III),bbmri-eric:networkID:ES_PISCIIIBB,,,RD,BIOLOGICAL_SAMPLES,2,267.0,"nervous_system,rare_disease",,,,9.0,0.0,"MALE,FEMALE",urn:miriam:icd:G11.8,,,YEAR,,"DNA,PERIPHERAL_BLOOD_CELLS,PLASMA,SERUM","temperature-60to-85,temperatureLN",,,,,,,,True,,,,,,directory_catalog,https://ejp-rd-vp.github.io/resource-metadata-schema/license/v1.0.txt,BBMRI-ERIC,English,Other hereditary ataxias,,,2026-07-23 05:02:06.175575,2026-07-23 05:02:06.175575,
1126,bbmri-eric:ID:ES_BioNER-IIER:collection:Distrofia_muscular_facioescapulohumeral,Distrofia muscular facioescapulohumeral,,Disease sample,https://www.isciii.es/QuienesSomos/CentrosPropios/IIER/Paginas/default.aspx,Madrid,ES,,,bbmri-eric:contactID:ES_Martinez_Delgado,bbmri-eric:contactID:ES_Martinez_Delgado,ES,False,,,bbmri-eric:ID:ES_BioNER-IIER,Rare Diseases National Biobank-Institute of Rare Diseases Research (Institute of Health Carlos III),bbmri-eric:networkID:ES_PISCIIIBB,,,RD,BIOLOGICAL_SAMPLES,1,77.0,"nervous_system,rare_disease",,,,4.0,0.0,MALE,urn:miriam:icd:G71.0,,,YEAR,,"DNA,PERIPHERAL_BLOOD_CELLS,PLASMA,SERUM","temperature-60to-85,temperatureLN",,,,,,,,True,,,,,,directory_catalog,https://ejp-rd-vp.github.io/resource-metadata-schema/license/v1.0.txt,BBMRI-ERIC,English,Primary disorders of muscles - Muscular dystrophy,,,2026-07-23 05:02:06.556069,2026-07-23 05:02:06.556069,
1130,bbmri-eric:ID:ES_BioNER-IIER:collection:Atrofia_muscular_espinal_juvenil_tipo_3_Enfermedad_de_Kugelberg-Welander,Atrofia muscular espinal juvenil tipo 3 (Enfermedad de Kugelberg-Welander),,Disease sample,https://www.isciii.es/QuienesSomos/CentrosPropios/IIER/Paginas/default.aspx,Madrid,ES,,,bbmri-eric:contactID:ES_Martinez_Delgado,bbmri-eric:contactID:ES_Martinez_Delgado,ES,False,,,bbmri-eric:ID:ES_BioNER-IIER,Rare Diseases National Biobank-Institute of Rare Diseases Research (Institute of Health Carlos III),bbmri-eric:networkID:ES_PISCIIIBB,,,RD,BIOLOGICAL_SAMPLES,1,21.0,"nervous_system,rare_disease",,,,1.0,0.0,MALE,urn:miriam:icd:G12.1,,,YEAR,,"DNA,PERIPHERAL_BLOOD_CELLS,OTHER,BUFFY_COAT,PLASMA,SERUM","temperature-60to-85,temperatureLN",,,,,,,,True,,,,,,directory_catalog,https://ejp-rd-vp.github.io/resource-metadata-schema/license/v1.0.txt,BBMRI-ERIC,English,Other inherited spinal muscular atrophy,,,2026-07-23 05:02:06.175575,2026-07-23 05:02:06.175575,
1131,bbmri-eric:ID:ES_BioNER-IIER:collection:DISTROFIA_MUSCULAR_DE_BECKER,DISTROFIA MUSCULAR DE BECKER,,Disease sample,https://www.isciii.es/QuienesSomos/CentrosPropios/IIER/Paginas/default.aspx,Madrid,ES,,,bbmri-eric:contactID:ES_Martinez_Delgado,bbmri-eric:contactID:ES_Martinez_Delgado,ES,False,,,bbmri-eric:ID:ES_BioNER-IIER,Rare Diseases National Biobank-Institute of Rare Diseases Research (Institute of Health Carlos III),bbmri-eric:networkID:ES_PISCIIIBB,,,RD,BIOLOGICAL_SAMPLES,1,42.0,"nervous_system,rare_disease",,,,2.0,0.0,MALE,urn:miriam:icd:G71.0,,,YEAR,,"DNA,PERIPHERAL_BLOOD_CELLS,PLASMA,SERUM","temperature-60to-85,temperatureLN",,,,,,,,True,,,,,,directory_catalog,https://ejp-rd-vp.github.io/resource-metadata-schema/license/v1.0.txt,BBMRI-ERIC,English,Primary disorders of muscles - Muscular dystrophy,,,2026-07-23 05:02:06.556069,2026-07-23 05:02:06.556069,
1133,bbmri-eric:ID:ES_BioNER-IIER:collection:Enfermedad_de_Parkinson_de_inicio_precoz,Enfermedad de Parkinson de inicio precoz,,Disease sample;Disease control,https://www.isciii.es/QuienesSomos/CentrosPropios/IIER/Paginas/default.aspx,Madrid,ES,,,bbmri-eric:contactID:ES_Martinez_Delgado,bbmri-eric:contactID:ES_Martinez_Delgado,ES,False,,,bbmri-eric:ID:ES_BioNER-IIER,Rare Diseases National Biobank-Institute of Rare Diseases Research (Institute of Health Carlos III),bbmri-eric:networkID:ES_PISCIIIBB,,,RD,BIOLOGICAL_SAMPLES,1,48.0,"nervous_system,rare_disease",,,,3.0,0.0,"MALE,FEMALE",urn:miriam:icd:G20,,,YEAR,,"DNA,PERIPHERAL_BLOOD_CELLS,OTHER,BUFFY_COAT,PLASMA,SERUM","temperature-60to-85,temperatureLN",,,,,,,,True,,,,,,directory_catalog,https://ejp-rd-vp.github.io/resource-metadata-schema/license/v1.0.txt,BBMRI-ERIC,English,Parkinson disease,,,2026-07-23 05:02:06.175575,2026-07-23 05:02:06.175575,
1134,bbmri-eric:ID:ES_BioNER-IIER:collection:Sindrome_de_Noonan,Síndrome de Noonan,,Disease sample;Disease control,https://www.isciii.es/QuienesSomos/CentrosPropios/IIER/Paginas/default.aspx,Madrid,ES,,,bbmri-eric:contactID:ES_Martinez_Delgado,bbmri-eric:contactID:ES_Martinez_Delgado,ES,False,,,bbmri-eric:ID:ES_BioNER-IIER,Rare Diseases National Biobank-Institute of Rare Diseases Research (Institute of Health Carlos III),bbmri-eric:networkID:ES_PISCIIIBB,,,RD,BIOLOGICAL_SAMPLES,1,44.0,rare_disease,,,,3.0,0.0,"MALE,FEMALE",urn:miriam:icd:Q87.1,,,YEAR,,"DNA,PERIPHERAL_BLOOD_CELLS,OTHER,BUFFY_COAT,PLASMA,SERUM","temperature-60to-85,temperatureLN",,,,,,,,True,,,,,,directory_catalog,https://ejp-rd-vp.github.io/resource-metadata-schema/license/v1.0.txt,BBMRI-ERIC,English,Congenital malformation syndromes predominantly associated with short stature,,,2026-07-23 05:02:06.831702,2026-07-23 05:02:06.831702,
1135,bbmri-eric:ID:ES_BioNER-IIER:collection:Distonia_de_torsion_primaria,Distonía de torsión primaria,,Disease sample,https://www.isciii.es/QuienesSomos/CentrosPropios/IIER/Paginas/default.aspx,Madrid,ES,,,bbmri-eric:contactID:ES_Martinez_Delgado,bbmri-eric:contactID:ES_Martinez_Delgado,ES,False,,,bbmri-eric:ID:ES_BioNER-IIER,Rare Diseases National Biobank-Institute of Rare Diseases Research (Institute of Health Carlos III),bbmri-eric:networkID:ES_PISCIIIBB,,,RD,BIOLOGICAL_SAMPLES,1,21.0,"nervous_system,rare_disease",,,,1.0,0.0,MALE,urn:miriam:icd:G24.1,,,YEAR,,"DNA,PERIPHERAL_BLOOD_CELLS,PLASMA,SERUM","temperature-60to-85,temperatureLN",,,,,,,,True,,,,,,directory_catalog,https://ejp-rd-vp.github.io/resource-metadata-schema/license/v1.0.txt,BBMRI-ERIC,English,Idiopathic familial dystonia,,,2026-07-23 05:02:06.175575,2026-07-23 05:02:06.175575,
1136,bbmri-eric:ID:ES_BioNER-IIER:collection:Enfermedad_de_Alexander,Enfermedad de Alexander,,Disease sample;Disease control,https://www.isciii.es/QuienesSomos/CentrosPropios/IIER/Paginas/default.aspx,Madrid,ES,,,bbmri-eric:contactID:ES_Martinez_Delgado,bbmri-eric:contactID:ES_Martinez_Delgado,ES,False,,,bbmri-eric:ID:ES_BioNER-IIER,Rare Diseases National Biobank-Institute of Rare Diseases Research (Institute of Health Carlos III),bbmri-eric:networkID:ES_PISCIIIBB,,,RD,BIOLOGICAL_SAMPLES,1,63.0,"nervous_system,rare_disease",,,,3.0,0.0,"MALE,FEMALE",urn:miriam:icd:G37.8,,,YEAR,,"DNA,PERIPHERAL_BLOOD_CELLS,PLASMA,SERUM","temperature-60to-85,temperatureLN",,,,,,,,True,,,,,,directory_catalog,https://ejp-rd-vp.github.io/resource-metadata-schema/license/v1.0.txt,BBMRI-ERIC,English,Other specified demyelinating diseases of central nervous system,,,2026-07-23 05:02:06.175575,2026-07-23 05:02:06.175575,
1141,bbmri-eric:ID:ES_BioNER-IIER:collection:DISTROFIA_MIOToNICA_DE_STEINERT,DISTROFIA MIOTÓNICA DE STEINERT,,Disease sample,https://www.isciii.es/QuienesSomos/CentrosPropios/IIER/Paginas/default.aspx,Madrid,ES,,,bbmri-eric:contactID:ES_Martinez_Delgado,bbmri-eric:contactID:ES_Martinez_Delgado,ES,False,,,bbmri-eric:ID:ES_BioNER-IIER,Rare Diseases National Biobank-Institute of Rare Diseases Research (Institute of Health Carlos III),bbmri-eric:networkID:ES_PISCIIIBB,,,RD,BIOLOGICAL_SAMPLES,2,308.0,"nervous_system,rare_disease",,,,15.0,1.0,"MALE,FEMALE",urn:miriam:icd:G71.1,,,YEAR,,"DNA,PERIPHERAL_BLOOD_CELLS,PLASMA,SERUM","temperature-60to-85,temperatureLN",,,,,,,,True,,,,,,directory_catalog,https://ejp-rd-vp.github.io/resource-metadata-schema/license/v1.0.txt,BBMRI-ERIC,English,Myotonic disorders,,,2026-07-23 05:02:06.556069,2026-07-23 05:02:06.556069,
1144,bbmri-eric:ID:ES_BioNER-IIER:collection:Atrofia_multisistemica,Atrofia multisistémica,,Disease sample,https://www.isciii.es/QuienesSomos/CentrosPropios/IIER/Paginas/default.aspx,Madrid,ES,,,bbmri-eric:contactID:ES_Martinez_Delgado,bbmri-eric:contactID:ES_Martinez_Delgado,ES,False,,,bbmri-eric:ID:ES_BioNER-IIER,Rare Diseases National Biobank-Institute of Rare Diseases Research (Institute of Health Carlos III),bbmri-eric:networkID:ES_PISCIIIBB,,,RD,BIOLOGICAL_SAMPLES,1,40.0,"nervous_system,rare_disease",,,,2.0,0.0,"MALE,FEMALE",urn:miriam:icd:G90.3,,,YEAR,,"DNA,PERIPHERAL_BLOOD_CELLS,PLASMA,SERUM","temperature-60to-85,temperatureLN",,,,,,,,True,,,,,,directory_catalog,https://ejp-rd-vp.github.io/resource-metadata-schema/license/v1.0.txt,BBMRI-ERIC,English,Multi-system degeneration,,,2026-07-23 05:02:06.556069,2026-07-23 05:02:06.556069,
1151,bbmri-eric:ID:ES_BioNER-IIER:collection:H355-pendiente-Distrofia_macular,H355-pendiente-Distrofia macular,,Disease sample;Disease control,https://www.isciii.es/QuienesSomos/CentrosPropios/IIER/Paginas/default.aspx,Madrid,ES,,,bbmri-eric:contactID:ES_Martinez_Delgado,bbmri-eric:contactID:ES_Martinez_Delgado,ES,False,,,bbmri-eric:ID:ES_BioNER-IIER,Rare Diseases National Biobank-Institute of Rare Diseases Research (Institute of Health Carlos III),bbmri-eric:networkID:ES_PISCIIIBB,,,RD,BIOLOGICAL_SAMPLES,0,6.0,rare_disease,,,,6.0,0.0,"MALE,FEMALE",urn:miriam:icd:H35.5,,,YEAR,,DNA,temperature-60to-85,,,,,,,,True,,,,,,directory_catalog,https://ejp-rd-vp.github.io/resource-metadata-schema/license/v1.0.txt,BBMRI-ERIC,English,Hereditary retinal dystrophy,,,2026-07-23 05:02:06.556069,2026-07-23 05:02:06.556069,
1161,bbmri-eric:ID:ES_BioNER-IIER:collection:Cardiomiopatia_hipertrofica_obstructiva,Cardiomiopatía hipertrófica obstructiva,,Disease sample,https://www.isciii.es/QuienesSomos/CentrosPropios/IIER/Paginas/default.aspx,Madrid,ES,,,bbmri-eric:contactID:ES_Martinez_Delgado,bbmri-eric:contactID:ES_Martinez_Delgado,ES,False,,,bbmri-eric:ID:ES_BioNER-IIER,Rare Diseases National Biobank-Institute of Rare Diseases Research (Institute of Health Carlos III),bbmri-eric:networkID:ES_PISCIIIBB,,,RD,BIOLOGICAL_SAMPLES,0,8.0,"cardiovascular,rare_disease",,,,3.0,0.0,MALE,urn:miriam:icd:I42.1,,,YEAR,,DNA,temperature-60to-85,,,,,,,,True,,,,,,directory_catalog,https://ejp-rd-vp.github.io/resource-metadata-schema/license/v1.0.txt,BBMRI-ERIC,English,Obstructive hypertrophic cardiomyopathy,,,2026-07-23 05:02:06.556069,2026-07-23 05:02:06.556069,
1166,bbmri-eric:ID:ES_BioNER-IIER:collection:Linfangioleiomiomatosis,Linfangioleiomiomatosis,,Disease sample,https://www.isciii.es/QuienesSomos/CentrosPropios/IIER/Paginas/default.aspx,Madrid,ES,,,bbmri-eric:contactID:ES_Martinez_Delgado,bbmri-eric:contactID:ES_Martinez_Delgado,ES,False,,,bbmri-eric:ID:ES_BioNER-IIER,Rare Diseases National Biobank-Institute of Rare Diseases Research (Institute of Health Carlos III),bbmri-eric:networkID:ES_PISCIIIBB,,,RD,BIOLOGICAL_SAMPLES,2,151.0,"cardiovascular,rare_disease",,,,9.0,0.0,FEMALE,urn:miriam:icd:I89.8,,,YEAR,,"DNA,PERIPHERAL_BLOOD_CELLS,OTHER,BUFFY_COAT,PLASMA,SALIVA,SERUM","temperature-60to-85,temperatureLN",,,,,,,,True,,,,,,directory_catalog,https://ejp-rd-vp.github.io/resource-metadata-schema/license/v1.0.txt,BBMRI-ERIC,English,Other specified noninfective disorders of lymphatic vessels and lymph nodes,,,2026-07-23 05:02:06.556069,2026-07-23 05:02:06.556069,
1171,bbmri-eric:ID:ES_BioNER-IIER:collection:Encefalopatia_epileptica_infantil_temprana-64_EIEE64,Encefalopatía epiléptica infantil temprana-64 (EIEE64),,Disease sample;Disease control,https://www.isciii.es/QuienesSomos/CentrosPropios/IIER/Paginas/default.aspx,Madrid,ES,,,bbmri-eric:contactID:ES_Martinez_Delgado,bbmri-eric:contactID:ES_Martinez_Delgado,ES,False,,,bbmri-eric:ID:ES_BioNER-IIER,Rare Diseases National Biobank-Institute of Rare Diseases Research (Institute of Health Carlos III),bbmri-eric:networkID:ES_PISCIIIBB,,,RD,BIOLOGICAL_SAMPLES,1,57.0,"nervous_system,rare_disease",,,,3.0,0.0,"MALE,FEMALE",urn:miriam:icd:G40.4,,,YEAR,,"PERIPHERAL_BLOOD_CELLS,OTHER,BUFFY_COAT,PLASMA,SERUM","temperature-60to-85,temperatureLN",,,,,,,,True,,,,,,directory_catalog,https://ejp-rd-vp.github.io/resource-metadata-schema/license/v1.0.txt,BBMRI-ERIC,English,Other generalized epilepsy and epileptic syndromes,,,2026-07-23 05:02:06.175575,2026-07-23 05:02:06.175575,
1172,bbmri-eric:ID:ES_BioNER-IIER:collection:Encefalopatia_epileptica_asociada_al_gen_KCNH5,Encefalopatía epiléptica asociada al gen KCNH5,,Disease sample;Disease control,https://www.isciii.es/QuienesSomos/CentrosPropios/IIER/Paginas/default.aspx,Madrid,ES,,,bbmri-eric:contactID:ES_Martinez_Delgado,bbmri-eric:contactID:ES_Martinez_Delgado,ES,False,,,bbmri-eric:ID:ES_BioNER-IIER,Rare Diseases National Biobank-Institute of Rare Diseases Research (Institute of Health Carlos III),bbmri-eric:networkID:ES_PISCIIIBB,,,RD,BIOLOGICAL_SAMPLES,1,44.0,"nervous_system,rare_disease",,,,3.0,0.0,"MALE,FEMALE",urn:miriam:icd:G40.4,,,YEAR,,"DNA,PERIPHERAL_BLOOD_CELLS,OTHER,BUFFY_COAT,PLASMA,SERUM","temperature-60to-85,temperatureLN",,,,,,,,True,,,,,,directory_catalog,https://ejp-rd-vp.github.io/resource-metadata-schema/license/v1.0.txt,BBMRI-ERIC,English,Other generalized epilepsy and epileptic syndromes,,,2026-07-23 05:02:06.175575,2026-07-23 05:02:06.175575,
1173,bbmri-eric:ID:ES_BioNER-IIER:collection:Miocardiopatia_arritmogenica_izquierda,Miocardiopatia arritmogénica izquierda,,Disease sample,https://www.isciii.es/QuienesSomos/CentrosPropios/IIER/Paginas/default.aspx,Madrid,ES,,,bbmri-eric:contactID:ES_Martinez_Delgado,bbmri-eric:contactID:ES_Martinez_Delgado,ES,False,,,bbmri-eric:ID:ES_BioNER-IIER,Rare Diseases National Biobank-Institute of Rare Diseases Research (Institute of Health Carlos III),bbmri-eric:networkID:ES_PISCIIIBB,,,RD,BIOLOGICAL_SAMPLES,0,1.0,"cardiovascular,rare_disease",,,,1.0,0.0,FEMALE,urn:miriam:icd:I42.8,,,YEAR,,DNA,temperature-60to-85,,,,,,,,True,,,,,,directory_catalog,https://ejp-rd-vp.github.io/resource-metadata-schema/license/v1.0.txt,BBMRI-ERIC,English,Cardiomyopathy - Other cardiomyopathies,,,2026-07-23 05:02:06.556069,2026-07-23 05:02:06.556069,
1177,bbmri-eric:ID:ES_BioNER-IIER:collection:Sindrome_de_Doose_Epilepsia_mioclonica_astatica,Síndrome de Doose (Epilepsia mioclónica astática),,Disease sample;Disease control,https://www.isciii.es/QuienesSomos/CentrosPropios/IIER/Paginas/default.aspx,Madrid,ES,,,bbmri-eric:contactID:ES_Martinez_Delgado,bbmri-eric:contactID:ES_Martinez_Delgado,ES,False,,,bbmri-eric:ID:ES_BioNER-IIER,Rare Diseases National Biobank-Institute of Rare Diseases Research (Institute of Health Carlos III),bbmri-eric:networkID:ES_PISCIIIBB,,,RD,BIOLOGICAL_SAMPLES,1,54.0,"nervous_system,rare_disease",,,,3.0,0.0,"MALE,FEMALE",urn:miriam:icd:G40.4,,,YEAR,,"DNA,PERIPHERAL_BLOOD_CELLS,OTHER,BUFFY_COAT,PLASMA,SERUM","temperature-60to-85,temperatureLN",,,,,,,,True,,,,,,directory_catalog,https://ejp-rd-vp.github.io/resource-metadata-schema/license/v1.0.txt,BBMRI-ERIC,English,Other generalized epilepsy and epileptic syndromes,,,2026-07-23 05:02:06.556069,2026-07-23 05:02:06.556069,
1178,bbmri-eric:ID:ES_BioNER-IIER:collection:Enfermedad_de_Whipple,Enfermedad de Whipple,,Disease sample,https://www.isciii.es/QuienesSomos/CentrosPropios/IIER/Paginas/default.aspx,Madrid,ES,,,bbmri-eric:contactID:ES_Martinez_Delgado,bbmri-eric:contactID:ES_Martinez_Delgado,ES,False,,,bbmri-eric:ID:ES_BioNER-IIER,Rare Diseases National Biobank-Institute of Rare Diseases Research (Institute of Health Carlos III),bbmri-eric:networkID:ES_PISCIIIBB,,,RD,BIOLOGICAL_SAMPLES,1,21.0,rare_disease,,,,1.0,0.0,MALE,urn:miriam:icd:K90.8,,,YEAR,,"DNA,PERIPHERAL_BLOOD_CELLS,PLASMA,SERUM","temperature-60to-85,temperatureLN",,,,,,,,True,,,,,,directory_catalog,https://ejp-rd-vp.github.io/resource-metadata-schema/license/v1.0.txt,BBMRI-ERIC,English,Other intestinal malabsorption,,,2026-07-23 05:02:06.556069,2026-07-23 05:02:06.556069,
1183,bbmri-eric:ID:ES_BioNER-IIER:collection:Neurofibromatosis_tipo_2,Neurofibromatosis tipo 2,,Disease sample;Disease control,https://www.isciii.es/QuienesSomos/CentrosPropios/IIER/Paginas/default.aspx,Madrid,ES,,,bbmri-eric:contactID:ES_Martinez_Delgado,bbmri-eric:contactID:ES_Martinez_Delgado,ES,False,,,bbmri-eric:ID:ES_BioNER-IIER,Rare Diseases National Biobank-Institute of Rare Diseases Research (Institute of Health Carlos III),bbmri-eric:networkID:ES_PISCIIIBB,,,RD,BIOLOGICAL_SAMPLES,2,134.0,rare_disease,,,,6.0,0.0,"MALE,FEMALE",urn:miriam:icd:Q85.0,,,YEAR,,"DNA,PERIPHERAL_BLOOD_CELLS,BUFFY_COAT,PLASMA,SERUM","temperature-60to-85,temperatureLN",,,,,,,,True,,,,,,directory_catalog,https://ejp-rd-vp.github.io/resource-metadata-schema/license/v1.0.txt,BBMRI-ERIC,English,"Phakomatoses,not elsewhere classified - Neurofibromatosis (nonmalignant)",,,2026-07-23 05:02:06.831702,2026-07-23 05:02:06.831702,
1185,bbmri-eric:ID:ES_BioNER-IIER:collection:Encefalopatia_epileptica_infantil_temprana_7_KCNQ2,"Encefalopatía epiléptica infantil temprana 7, KCNQ2",,Disease sample;Disease control,https://www.isciii.es/QuienesSomos/CentrosPropios/IIER/Paginas/default.aspx,Madrid,ES,,,bbmri-eric:contactID:ES_Martinez_Delgado,bbmri-eric:contactID:ES_Martinez_Delgado,ES,False,,,bbmri-eric:ID:ES_BioNER-IIER,Rare Diseases National Biobank-Institute of Rare Diseases Research (Institute of Health Carlos III),bbmri-eric:networkID:ES_PISCIIIBB,,,RD,BIOLOGICAL_SAMPLES,1,79.0,"nervous_system,rare_disease",,,,5.0,0.0,"MALE,FEMALE",urn:miriam:icd:G40.4,,,YEAR,,"DNA,PERIPHERAL_BLOOD_CELLS,OTHER,BUFFY_COAT,PLASMA,SERUM","temperature-60to-85,temperatureLN",,,,,,,,True,,,,,,directory_catalog,https://ejp-rd-vp.github.io/resource-metadata-schema/license/v1.0.txt,BBMRI-ERIC,English,Other generalized epilepsy and epileptic syndromes,,,2026-07-23 05:02:06.556069,2026-07-23 05:02:06.556069,
1186,bbmri-eric:ID:ES_BioNER-IIER:collection:Penfigoide_ampolloso,Penfigoide ampolloso,,Disease sample,https://www.isciii.es/QuienesSomos/CentrosPropios/IIER/Paginas/default.aspx,Madrid,ES,,,bbmri-eric:contactID:ES_Martinez_Delgado,bbmri-eric:contactID:ES_Martinez_Delgado,ES,False,,,bbmri-eric:ID:ES_BioNER-IIER,Rare Diseases National Biobank-Institute of Rare Diseases Research (Institute of Health Carlos III),bbmri-eric:networkID:ES_PISCIIIBB,,,RD,BIOLOGICAL_SAMPLES,1,21.0,rare_disease,,,,1.0,0.0,FEMALE,urn:miriam:icd:L12.0,,,YEAR,,"DNA,PERIPHERAL_BLOOD_CELLS,PLASMA,SERUM","temperature-60to-85,temperatureLN",,,,,,,,True,,,,,,directory_catalog,https://ejp-rd-vp.github.io/resource-metadata-schema/license/v1.0.txt,BBMRI-ERIC,English,Bullous pemphigoid,,,2026-07-23 05:02:06.556069,2026-07-23 05:02:06.556069,
1188,bbmri-eric:ID:ES_BioNER-IIER:collection:Encefalopatia_epileptica_infantil_temprana_42_mutacion_CACNA1A,"Encefalopatía epiléptica infantil temprana 42, mutación CACNA1A",,Disease sample;Disease control,https://www.isciii.es/QuienesSomos/CentrosPropios/IIER/Paginas/default.aspx,Madrid,ES,,,bbmri-eric:contactID:ES_Martinez_Delgado,bbmri-eric:contactID:ES_Martinez_Delgado,ES,False,,,bbmri-eric:ID:ES_BioNER-IIER,Rare Diseases National Biobank-Institute of Rare Diseases Research (Institute of Health Carlos III),bbmri-eric:networkID:ES_PISCIIIBB,,,RD,BIOLOGICAL_SAMPLES,1,51.0,"nervous_system,rare_disease",,,,3.0,0.0,"MALE,FEMALE",urn:miriam:icd:G40.4,,,YEAR,,"DNA,PERIPHERAL_BLOOD_CELLS,OTHER,BUFFY_COAT,PLASMA,SERUM","temperature-60to-85,temperatureLN",,,,,,,,True,,,,,,directory_catalog,https://ejp-rd-vp.github.io/resource-metadata-schema/license/v1.0.txt,BBMRI-ERIC,English,Other generalized epilepsy and epileptic syndromes,,,2026-07-23 05:02:06.556069,2026-07-23 05:02:06.556069,
1189,bbmri-eric:ID:ES_BioNER-IIER:collection:Urticaria_colinergica,Urticaria colinérgica,,Disease sample,https://www.isciii.es/QuienesSomos/CentrosPropios/IIER/Paginas/default.aspx,Madrid,ES,,,bbmri-eric:contactID:ES_Martinez_Delgado,bbmri-eric:contactID:ES_Martinez_Delgado,ES,False,,,bbmri-eric:ID:ES_BioNER-IIER,Rare Diseases National Biobank-Institute of Rare Diseases Research (Institute of Health Carlos III),bbmri-eric:networkID:ES_PISCIIIBB,,,RD,BIOLOGICAL_SAMPLES,1,18.0,rare_disease,,,,1.0,0.0,MALE,urn:miriam:icd:L50.5,,,YEAR,,"DNA,PERIPHERAL_BLOOD_CELLS,OTHER,BUFFY_COAT,PLASMA,SERUM","temperature-60to-85,temperatureLN",,,,,,,,True,,,,,,directory_catalog,https://ejp-rd-vp.github.io/resource-metadata-schema/license/v1.0.txt,BBMRI-ERIC,English,Cholinergic urticaria,,,2026-07-23 05:02:06.556069,2026-07-23 05:02:06.556069,
1190,bbmri-eric:ID:ES_BioNER-IIER:collection:Narcolepsia_con_cataplexia,Narcolepsia con cataplexia,,Disease sample,https://www.isciii.es/QuienesSomos/CentrosPropios/IIER/Paginas/default.aspx,Madrid,ES,,,bbmri-eric:contactID:ES_Martinez_Delgado,bbmri-eric:contactID:ES_Martinez_Delgado,ES,False,,,bbmri-eric:ID:ES_BioNER-IIER,Rare Diseases National Biobank-Institute of Rare Diseases Research (Institute of Health Carlos III),bbmri-eric:networkID:ES_PISCIIIBB,,,RD,BIOLOGICAL_SAMPLES,1,17.0,"nervous_system,rare_disease",,,,1.0,0.0,FEMALE,urn:miriam:icd:G47.4,,,YEAR,,"DNA,PERIPHERAL_BLOOD_CELLS,PLASMA,SERUM","temperature-60to-85,temperatureLN",,,,,,,,True,,,,,,directory_catalog,https://ejp-rd-vp.github.io/resource-metadata-schema/license/v1.0.txt,BBMRI-ERIC,English,Sleep disorders - Narcolepsy and cataplexy,,,2026-07-23 05:02:06.556069,2026-07-23 05:02:06.556069,
1191,bbmri-eric:ID:ES_BioNER-IIER:collection:Enfermedad_de_Charcot-Marie-Tooth_tipo_1,Enfermedad de Charcot-Marie-Tooth tipo 1,,Disease sample,https://www.isciii.es/QuienesSomos/CentrosPropios/IIER/Paginas/default.aspx,Madrid,ES,,,bbmri-eric:contactID:ES_Martinez_Delgado,bbmri-eric:contactID:ES_Martinez_Delgado,ES,False,,,bbmri-eric:ID:ES_BioNER-IIER,Rare Diseases National Biobank-Institute of Rare Diseases Research (Institute of Health Carlos III),bbmri-eric:networkID:ES_PISCIIIBB,,,RD,BIOLOGICAL_SAMPLES,1,36.0,"nervous_system,rare_disease",,,,2.0,0.0,MALE,urn:miriam:icd:G60.0,,,YEAR,,"DNA,PERIPHERAL_BLOOD_CELLS,PLASMA,SERUM","temperature-60to-85,temperatureLN",,,,,,,,True,,,,,,directory_catalog,https://ejp-rd-vp.github.io/resource-metadata-schema/license/v1.0.txt,BBMRI-ERIC,English,Hereditary motor and sensory neuropathy,,,2026-07-23 05:02:06.556069,2026-07-23 05:02:06.556069,
1196,bbmri-eric:ID:ES_BioNER-IIER:collection:Morfea,Morfea,,Disease sample,https://www.isciii.es/QuienesSomos/CentrosPropios/IIER/Paginas/default.aspx,Madrid,ES,,,bbmri-eric:contactID:ES_Martinez_Delgado,bbmri-eric:contactID:ES_Martinez_Delgado,ES,False,,,bbmri-eric:ID:ES_BioNER-IIER,Rare Diseases National Biobank-Institute of Rare Diseases Research (Institute of Health Carlos III),bbmri-eric:networkID:ES_PISCIIIBB,,,RD,BIOLOGICAL_SAMPLES,1,61.0,rare_disease,,,,2.0,0.0,FEMALE,urn:miriam:icd:L94.0,,,YEAR,,"DNA,PERIPHERAL_BLOOD_CELLS,PLASMA,SERUM","temperature-60to-85,temperatureLN",,,,,,,,True,,,,,,directory_catalog,https://ejp-rd-vp.github.io/resource-metadata-schema/license/v1.0.txt,BBMRI-ERIC,English,Localized scleroderma [morphea],,,2026-07-23 05:02:06.556069,2026-07-23 05:02:06.556069,
1199,bbmri-eric:ID:ES_BioNER-IIER:collection:DERMATOMIOSITIS,DERMATOMIOSITIS,,Disease sample,https://www.isciii.es/QuienesSomos/CentrosPropios/IIER/Paginas/default.aspx,Madrid,ES,,,bbmri-eric:contactID:ES_Martinez_Delgado,bbmri-eric:contactID:ES_Martinez_Delgado,ES,False,,,bbmri-eric:ID:ES_BioNER-IIER,Rare Diseases National Biobank-Institute of Rare Diseases Research (Institute of Health Carlos III),bbmri-eric:networkID:ES_PISCIIIBB,,,RD,BIOLOGICAL_SAMPLES,1,21.0,rare_disease,,,,1.0,0.0,FEMALE,urn:miriam:icd:M33.1,,,YEAR,,"DNA,PERIPHERAL_BLOOD_CELLS,PLASMA,SERUM","temperature-60to-85,temperatureLN",,,,,,,,True,,,,,,directory_catalog,https://ejp-rd-vp.github.io/resource-metadata-schema/license/v1.0.txt,BBMRI-ERIC,English,Dermatopolymyositis - Other dermatomyositis,,,2026-07-23 05:02:06.556069,2026-07-23 05:02:06.556069,
1207,bbmri-eric:ID:ES_BioNER-IIER:collection:Enfermedad_de_Charcot-Marie-Tooth_ligada_al_X,Enfermedad de Charcot-Marie-Tooth ligada al X,,Disease sample,https://www.isciii.es/QuienesSomos/CentrosPropios/IIER/Paginas/default.aspx,Madrid,ES,,,bbmri-eric:contactID:ES_Martinez_Delgado,bbmri-eric:contactID:ES_Martinez_Delgado,ES,False,,,bbmri-eric:ID:ES_BioNER-IIER,Rare Diseases National Biobank-Institute of Rare Diseases Research (Institute of Health Carlos III),bbmri-eric:networkID:ES_PISCIIIBB,,,RD,BIOLOGICAL_SAMPLES,1,36.0,"nervous_system,rare_disease",,,,2.0,0.0,FEMALE,urn:miriam:icd:G60.0,,,YEAR,,"DNA,PERIPHERAL_BLOOD_CELLS,PLASMA,SERUM","temperature-60to-85,temperatureLN",,,,,,,,True,,,,,,directory_catalog,https://ejp-rd-vp.github.io/resource-metadata-schema/license/v1.0.txt,BBMRI-ERIC,English,Hereditary motor and sensory neuropathy,,,2026-07-23 05:02:06.556069,2026-07-23 05:02:06.556069,
1208,bbmri-eric:ID:ES_BioNER-IIER:collection:ALGODISTROFIA,ALGODISTROFIA,,Disease sample,https://www.isciii.es/QuienesSomos/CentrosPropios/IIER/Paginas/default.aspx,Madrid,ES,,,bbmri-eric:contactID:ES_Martinez_Delgado,bbmri-eric:contactID:ES_Martinez_Delgado,ES,False,,,bbmri-eric:ID:ES_BioNER-IIER,Rare Diseases National Biobank-Institute of Rare Diseases Research (Institute of Health Carlos III),bbmri-eric:networkID:ES_PISCIIIBB,,,RD,BIOLOGICAL_SAMPLES,1,63.0,rare_disease,,,,3.0,0.0,"MALE,FEMALE",urn:miriam:icd:M89.0,,,YEAR,,"DNA,PERIPHERAL_BLOOD_CELLS,PLASMA,SERUM","temperature-60to-85,temperatureLN",,,,,,,,True,,,,,,directory_catalog,https://ejp-rd-vp.github.io/resource-metadata-schema/license/v1.0.txt,BBMRI-ERIC,English,Other disorders of bone - Algoneurodystrophy,,,2026-07-23 05:02:06.556069,2026-07-23 05:02:06.556069,
1211,bbmri-eric:ID:ES_BioNER-IIER:collection:Sindrome_de_Jeune_distrofia_toracica_asfixiante_4,"Síndrome de Jeune, distrofia torácica asfixiante 4",,Disease sample;Disease control,https://www.isciii.es/QuienesSomos/CentrosPropios/IIER/Paginas/default.aspx,Madrid,ES,,,bbmri-eric:contactID:ES_Martinez_Delgado,bbmri-eric:contactID:ES_Martinez_Delgado,ES,False,,,bbmri-eric:ID:ES_BioNER-IIER,Rare Diseases National Biobank-Institute of Rare Diseases Research (Institute of Health Carlos III),bbmri-eric:networkID:ES_PISCIIIBB,,,RD,BIOLOGICAL_SAMPLES,1,71.0,rare_disease,,,,3.0,0.0,"MALE,FEMALE",urn:miriam:icd:Q77.2,,,YEAR,,"DNA,PERIPHERAL_BLOOD_CELLS,OTHER,BUFFY_COAT,PLASMA,SERUM","temperature-60to-85,temperatureLN",,,,,,,,True,,,,,,directory_catalog,https://ejp-rd-vp.github.io/resource-metadata-schema/license/v1.0.txt,BBMRI-ERIC,English,Osteochondrodysplasia with defects of growth of tubular bones and spine - Short rib syndrome,,,2026-07-23 05:02:06.556069,2026-07-23 05:02:06.556069,
1214,bbmri-eric:ID:ES_BioNER-IIER:collection:Heterotopia_periventricular_nodular_8_ARF1,Heterotopia periventricular nodular 8 ARF1,,Disease sample;Disease control,https://www.isciii.es/QuienesSomos/CentrosPropios/IIER/Paginas/default.aspx,Madrid,ES,,,bbmri-eric:contactID:ES_Martinez_Delgado,bbmri-eric:contactID:ES_Martinez_Delgado,ES,False,,,bbmri-eric:ID:ES_BioNER-IIER,Rare Diseases National Biobank-Institute of Rare Diseases Research (Institute of Health Carlos III),bbmri-eric:networkID:ES_PISCIIIBB,,,RD,BIOLOGICAL_SAMPLES,1,47.0,rare_disease,,,,3.0,0.0,"MALE,FEMALE",urn:miriam:icd:Q04,,,YEAR,,"DNA,PERIPHERAL_BLOOD_CELLS,BUFFY_COAT,PLASMA,SERUM","temperature-60to-85,temperatureLN",,,,,,,,True,,,,,,directory_catalog,https://ejp-rd-vp.github.io/resource-metadata-schema/license/v1.0.txt,BBMRI-ERIC,English,Other congenital malformations of brain,,,2026-07-23 05:02:06.556069,2026-07-23 05:02:06.556069,
1220,bbmri-eric:ID:ES_BioNER-IIER:collection:Sindrome_de_Joubert,Síndrome de Joubert,,Disease sample;Disease control,https://www.isciii.es/QuienesSomos/CentrosPropios/IIER/Paginas/default.aspx,Madrid,ES,,,bbmri-eric:contactID:ES_Martinez_Delgado,bbmri-eric:contactID:ES_Martinez_Delgado,ES,False,,,bbmri-eric:ID:ES_BioNER-IIER,Rare Diseases National Biobank-Institute of Rare Diseases Research (Institute of Health Carlos III),bbmri-eric:networkID:ES_PISCIIIBB,,,RD,BIOLOGICAL_SAMPLES,1,57.0,rare_disease,,,,3.0,0.0,"MALE,FEMALE",urn:miriam:icd:Q04,,,YEAR,,"DNA,PERIPHERAL_BLOOD_CELLS,PLASMA,SERUM","temperature-60to-85,temperatureLN",,,,,,,,True,,,,,,directory_catalog,https://ejp-rd-vp.github.io/resource-metadata-schema/license/v1.0.txt,BBMRI-ERIC,English,Other congenital malformations of brain,,,2026-07-23 05:02:06.556069,2026-07-23 05:02:06.556069,
1225,bbmri-eric:ID:ES_BioNER-IIER:collection:SiNDROME_DE_ARNOLD_CHIARI,SÍNDROME DE ARNOLD CHIARI,,Disease sample,https://www.isciii.es/QuienesSomos/CentrosPropios/IIER/Paginas/default.aspx,Madrid,ES,,,bbmri-eric:contactID:ES_Martinez_Delgado,bbmri-eric:contactID:ES_Martinez_Delgado,ES,False,,,bbmri-eric:ID:ES_BioNER-IIER,Rare Diseases National Biobank-Institute of Rare Diseases Research (Institute of Health Carlos III),bbmri-eric:networkID:ES_PISCIIIBB,,,RD,BIOLOGICAL_SAMPLES,2,895.0,rare_disease,,,,48.0,1.0,"MALE,FEMALE,NAV",urn:miriam:icd:Q07,,,YEAR,,"DNA,PERIPHERAL_BLOOD_CELLS,PLASMA,SALIVA,SERUM","temperature-60to-85,temperatureLN",,,,,,,,True,,,,,,directory_catalog,https://ejp-rd-vp.github.io/resource-metadata-schema/license/v1.0.txt,BBMRI-ERIC,English,Other congenital malformations of nervous system,,,2026-07-23 05:02:06.556069,2026-07-23 05:02:06.556069,
1229,bbmri-eric:ID:ES_BioNER-IIER:collection:DISTROFIA_MUSCULAR,DISTROFIA MUSCULAR,,Disease sample,https://www.isciii.es/QuienesSomos/CentrosPropios/IIER/Paginas/default.aspx,Madrid,ES,,,bbmri-eric:contactID:ES_Martinez_Delgado,bbmri-eric:contactID:ES_Martinez_Delgado,ES,False,,,bbmri-eric:ID:ES_BioNER-IIER,Rare Diseases National Biobank-Institute of Rare Diseases Research (Institute of Health Carlos III),bbmri-eric:networkID:ES_PISCIIIBB,,,RD,BIOLOGICAL_SAMPLES,1,21.0,"nervous_system,rare_disease",,,,1.0,0.0,MALE,urn:miriam:icd:G71.0,,,YEAR,,"DNA,PERIPHERAL_BLOOD_CELLS,PLASMA,SERUM","temperature-60to-85,temperatureLN",,,,,,,,True,,,,,,directory_catalog,https://ejp-rd-vp.github.io/resource-metadata-schema/license/v1.0.txt,BBMRI-ERIC,English,Primary disorders of muscles - Muscular dystrophy,,,2026-07-23 05:02:06.556069,2026-07-23 05:02:06.556069,
1232,bbmri-eric:ID:ES_BioNER-IIER:collection:Epispadias,Epispadias,,Disease sample,https://www.isciii.es/QuienesSomos/CentrosPropios/IIER/Paginas/default.aspx,Madrid,ES,,,bbmri-eric:contactID:ES_Martinez_Delgado,bbmri-eric:contactID:ES_Martinez_Delgado,ES,False,,,bbmri-eric:ID:ES_BioNER-IIER,Rare Diseases National Biobank-Institute of Rare Diseases Research (Institute of Health Carlos III),bbmri-eric:networkID:ES_PISCIIIBB,,,RD,BIOLOGICAL_SAMPLES,1,42.0,rare_disease,,,,2.0,0.0,MALE,urn:miriam:icd:Q64.0,,,YEAR,,"DNA,PERIPHERAL_BLOOD_CELLS,PLASMA,SERUM","temperature-60to-85,temperatureLN",,,,,,,,True,,,,,,directory_catalog,https://ejp-rd-vp.github.io/resource-metadata-schema/license/v1.0.txt,BBMRI-ERIC,English,Other congenital malformations of urinary system - Epispadias,,,2026-07-23 05:02:06.556069,2026-07-23 05:02:06.556069,
1237,bbmri-eric:ID:ES_BioNER-IIER:collection:Extrofia_vesical,Extrofia vesical,,Disease sample,https://www.isciii.es/QuienesSomos/CentrosPropios/IIER/Paginas/default.aspx,Madrid,ES,,,bbmri-eric:contactID:ES_Martinez_Delgado,bbmri-eric:contactID:ES_Martinez_Delgado,ES,False,,,bbmri-eric:ID:ES_BioNER-IIER,Rare Diseases National Biobank-Institute of Rare Diseases Research (Institute of Health Carlos III),bbmri-eric:networkID:ES_PISCIIIBB,,,RD,BIOLOGICAL_SAMPLES,2,197.0,rare_disease,,,,11.0,1.0,"MALE,FEMALE",urn:miriam:icd:Q64.1,,,YEAR,,"DNA,PERIPHERAL_BLOOD_CELLS,PLASMA,SERUM","temperature-60to-85,temperatureLN",,,,,,,,True,,,,,,directory_catalog,https://ejp-rd-vp.github.io/resource-metadata-schema/license/v1.0.txt,BBMRI-ERIC,English,Exstrophy of urinary bladder,,,2026-07-23 05:02:06.556069,2026-07-23 05:02:06.556069,
1242,bbmri-eric:ID:ES_BioNER-IIER:collection:Displasia_ectodermica_hipohidrotica,Displasia ectodérmica hipohidrótica,,Disease sample;Disease control,https://www.isciii.es/QuienesSomos/CentrosPropios/IIER/Paginas/default.aspx,Madrid,ES,,,bbmri-eric:contactID:ES_Martinez_Delgado,bbmri-eric:contactID:ES_Martinez_Delgado,ES,False,,,bbmri-eric:ID:ES_BioNER-IIER,Rare Diseases National Biobank-Institute of Rare Diseases Research (Institute of Health Carlos III),bbmri-eric:networkID:ES_PISCIIIBB,,,RD,BIOLOGICAL_SAMPLES,1,63.0,rare_disease,,,,3.0,0.0,"MALE,FEMALE",urn:miriam:icd:Q82.4,,,YEAR,,"DNA,PERIPHERAL_BLOOD_CELLS,PLASMA,SERUM","temperature-60to-85,temperatureLN",,,,,,,,True,,,,,,directory_catalog,https://ejp-rd-vp.github.io/resource-metadata-schema/license/v1.0.txt,BBMRI-ERIC,English,Other congenital malformations of skin - Ectodermal dysplasia (anhidrotic),,,2026-07-23 05:02:06.831702,2026-07-23 05:02:06.831702,
1245,bbmri-eric:ID:ES_BioNER-IIER:collection:Pseudoxantoma_elastico,Pseudoxantoma elástico,,Disease sample;Disease control,https://www.isciii.es/QuienesSomos/CentrosPropios/IIER/Paginas/default.aspx,Madrid,ES,,,bbmri-eric:contactID:ES_Martinez_Delgado,bbmri-eric:contactID:ES_Martinez_Delgado,ES,False,,,bbmri-eric:ID:ES_BioNER-IIER,Rare Diseases National Biobank-Institute of Rare Diseases Research (Institute of Health Carlos III),bbmri-eric:networkID:ES_PISCIIIBB,,,RD,BIOLOGICAL_SAMPLES,1,65.0,rare_disease,,,,5.0,0.0,"MALE,FEMALE",urn:miriam:icd:Q82.8,,,YEAR,,"DNA,PERIPHERAL_BLOOD_CELLS,OTHER,BUFFY_COAT,PLASMA,SALIVA,SERUM","temperature-60to-85,temperatureLN",,,,,,,,True,,,,,,directory_catalog,https://ejp-rd-vp.github.io/resource-metadata-schema/license/v1.0.txt,BBMRI-ERIC,English,Other specified congenital malformations of skin,,,2026-07-23 05:02:06.831702,2026-07-23 05:02:06.831702,
1248,bbmri-eric:ID:ES_IBSP-CV:collection:IBSP-051-BL,LIQUID BIOPSY,BL,The purpose of incorporating the liquid biopsy technique into clinical routine is to monitor the situation in advanced tumors. It allows the identification of tumors in a minimally invasive and dynamic way in addition to having information about the disease in real time.,https://fisabio.san.gva.es/es/apoyo-a-la-investigacion/plataformas-y-servicios-cientifico-tecnicos/biobancos/biobanco-ibsp-cv/,Valencia,ES,,,bbmri-eric:contactID:ES_Martinez_Santamaria,bbmri-eric:contactID:ES_Martinez_Santamaria,ES,False,,,bbmri-eric:ID:ES_IBSP-CV,Biobank for Biomedical Research and Public Health of the Valencian Community,bbmri-eric:networkID:ES_PISCIIIBB,,,DISEASE_SPECIFIC,"BIOLOGICAL_SAMPLES,MEDICAL_RECORDS",1,32.0,,2024-08-16 00:00:00.000,,accredited,32.0,1.0,"FEMALE,MALE",,31.0,87.0,YEAR,,"DNA,BUFFY_COAT",temperature-60to-85,,,,,,,,True,,,,,,directory_catalog,https://ejp-rd-vp.github.io/resource-metadata-schema/license/v1.0.txt,BBMRI-ERIC,English,,,,2026-07-23 05:02:06.831702,2026-07-23 05:02:06.831702,
1255,bbmri-eric:ID:ES_BioNER-IIER:collection:Miotonia_congenita_de_Becker,Miotonía congénita de Becker,,Disease sample;Disease control,https://www.isciii.es/QuienesSomos/CentrosPropios/IIER/Paginas/default.aspx,Madrid,ES,,,bbmri-eric:contactID:ES_Martinez_Delgado,bbmri-eric:contactID:ES_Martinez_Delgado,ES,False,,,bbmri-eric:ID:ES_BioNER-IIER,Rare Diseases National Biobank-Institute of Rare Diseases Research (Institute of Health Carlos III),bbmri-eric:networkID:ES_PISCIIIBB,,,RD,BIOLOGICAL_SAMPLES,1,42.0,"nervous_system,rare_disease",,,,3.0,0.0,"MALE,FEMALE",urn:miriam:icd:G71.1,,,YEAR,,"DNA,PERIPHERAL_BLOOD_CELLS,PLASMA,SERUM","temperature-60to-85,temperatureLN",,,,,,,,True,,,,,,directory_catalog,https://ejp-rd-vp.github.io/resource-metadata-schema/license/v1.0.txt,BBMRI-ERIC,English,Myotonic disorders,,,2026-07-23 05:02:06.556069,2026-07-23 05:02:06.556069,
1256,bbmri-eric:ID:ES_BioNER-IIER:collection:Distrofia_muscular_congenita_con_deficit_de_merosina,Distrofia muscular congénita con déficit de merosina,,Disease sample;Disease control,https://www.isciii.es/QuienesSomos/CentrosPropios/IIER/Paginas/default.aspx,Madrid,ES,,,bbmri-eric:contactID:ES_Martinez_Delgado,bbmri-eric:contactID:ES_Martinez_Delgado,ES,False,,,bbmri-eric:ID:ES_BioNER-IIER,Rare Diseases National Biobank-Institute of Rare Diseases Research (Institute of Health Carlos III),bbmri-eric:networkID:ES_PISCIIIBB,,,RD,BIOLOGICAL_SAMPLES,1,44.0,"nervous_system,rare_disease",,,,3.0,0.0,"MALE,FEMALE",urn:miriam:icd:G71.2,,,YEAR,,"DNA,PERIPHERAL_BLOOD_CELLS,PLASMA,SERUM","temperature-60to-85,temperatureLN",,,,,,,,True,,,,,,directory_catalog,https://ejp-rd-vp.github.io/resource-metadata-schema/license/v1.0.txt,BBMRI-ERIC,English,Primary disorders of muscles - Congenital myopathies,,,2026-07-23 05:02:06.556069,2026-07-23 05:02:06.556069,
1261,bbmri-eric:ID:ES_BioNER-IIER:collection:Deficit_del_Complejo_IV_de_la_cadena_respiratoria_mitocondrial,Déficit del Complejo IV de la cadena respiratoria mitocondrial,,Disease sample;Disease control,https://www.isciii.es/QuienesSomos/CentrosPropios/IIER/Paginas/default.aspx,Madrid,ES,,,bbmri-eric:contactID:ES_Martinez_Delgado,bbmri-eric:contactID:ES_Martinez_Delgado,ES,False,,,bbmri-eric:ID:ES_BioNER-IIER,Rare Diseases National Biobank-Institute of Rare Diseases Research (Institute of Health Carlos III),bbmri-eric:networkID:ES_PISCIIIBB,,,RD,BIOLOGICAL_SAMPLES,1,63.0,"nervous_system,rare_disease",,,,4.0,0.0,"MALE,FEMALE",urn:miriam:icd:G71.3,,,YEAR,,"DNA,PERIPHERAL_BLOOD_CELLS,PLASMA,SERUM","temperature-60to-85,temperatureLN",,,,,,,,True,,,,,,directory_catalog,https://ejp-rd-vp.github.io/resource-metadata-schema/license/v1.0.txt,BBMRI-ERIC,English,"Primary disorders of muscles - Mitochondrial myopathy,not elsewhere classified",,,2026-07-23 05:02:06.556069,2026-07-23 05:02:06.556069,
1268,bbmri-eric:ID:ES_BioNER-IIER:collection:Deficiencia_combinada_de_la_fosforilacion_oxidativa_tipo_13,Deficiencia combinada de la fosforilación oxidativa tipo 13,,Disease sample;Disease control,https://www.isciii.es/QuienesSomos/CentrosPropios/IIER/Paginas/default.aspx,Madrid,ES,,,bbmri-eric:contactID:ES_Martinez_Delgado,bbmri-eric:contactID:ES_Martinez_Delgado,ES,False,,,bbmri-eric:ID:ES_BioNER-IIER,Rare Diseases National Biobank-Institute of Rare Diseases Research (Institute of Health Carlos III),bbmri-eric:networkID:ES_PISCIIIBB,,,RD,BIOLOGICAL_SAMPLES,1,78.0,"nervous_system,rare_disease",,,,4.0,0.0,"MALE,FEMALE",urn:miriam:icd:G71.3,,,YEAR,,"DNA,PERIPHERAL_BLOOD_CELLS,OTHER,BUFFY_COAT,PLASMA,SERUM","temperature-60to-85,temperatureLN",,,,,,,,True,,,,,,directory_catalog,https://ejp-rd-vp.github.io/resource-metadata-schema/license/v1.0.txt,BBMRI-ERIC,English,"Primary disorders of muscles - Mitochondrial myopathy,not elsewhere classified",,,2026-07-23 05:02:06.556069,2026-07-23 05:02:06.556069,
1274,bbmri-eric:ID:ES_BioNER-IIER:collection:Miopatia_hereditaria_con_cuerpos_de_inclusion,Miopatía hereditaria con cuerpos de inclusión,,Disease sample;Disease control,https://www.isciii.es/QuienesSomos/CentrosPropios/IIER/Paginas/default.aspx,Madrid,ES,,,bbmri-eric:contactID:ES_Martinez_Delgado,bbmri-eric:contactID:ES_Martinez_Delgado,ES,False,,,bbmri-eric:ID:ES_BioNER-IIER,Rare Diseases National Biobank-Institute of Rare Diseases Research (Institute of Health Carlos III),bbmri-eric:networkID:ES_PISCIIIBB,,,RD,BIOLOGICAL_SAMPLES,1,27.0,"nervous_system,rare_disease",,,,2.0,0.0,MALE,urn:miriam:icd:G71.8,,,YEAR,,"DNA,PERIPHERAL_BLOOD_CELLS,PLASMA,SALIVA,SERUM","temperature-60to-85,temperatureLN",,,,,,,,True,,,,,,directory_catalog,https://ejp-rd-vp.github.io/resource-metadata-schema/license/v1.0.txt,BBMRI-ERIC,English,Other primary disorders of muscles,,,2026-07-23 05:02:06.556069,2026-07-23 05:02:06.556069,
1275,bbmri-eric:ID:ES_BioNER-IIER:collection:Displasia_espondiloepifisaria_congenita,Displasia espondiloepifisaria congénita,,Disease sample,https://www.isciii.es/QuienesSomos/CentrosPropios/IIER/Paginas/default.aspx,Madrid,ES,,,bbmri-eric:contactID:ES_Martinez_Delgado,bbmri-eric:contactID:ES_Martinez_Delgado,ES,False,,,bbmri-eric:ID:ES_BioNER-IIER,Rare Diseases National Biobank-Institute of Rare Diseases Research (Institute of Health Carlos III),bbmri-eric:networkID:ES_PISCIIIBB,,,RD,BIOLOGICAL_SAMPLES,0,2.0,rare_disease,,,,1.0,0.0,MALE,urn:miriam:icd:Q77.7,,,YEAR,,DNA,temperature-60to-85,,,,,,,,True,,,,,,directory_catalog,https://ejp-rd-vp.github.io/resource-metadata-schema/license/v1.0.txt,BBMRI-ERIC,English,Osteochondrodysplasia with defects of growth of tubular bones and spine - Spondyloepiphyseal dysplasia,,,2026-07-23 05:02:06.556069,2026-07-23 05:02:06.556069,
1279,bbmri-eric:ID:ES_BioNER-IIER:collection:Paraplejia_espastica,Paraplejía espástica,,Disease sample;Disease control,https://www.isciii.es/QuienesSomos/CentrosPropios/IIER/Paginas/default.aspx,Madrid,ES,,,bbmri-eric:contactID:ES_Martinez_Delgado,bbmri-eric:contactID:ES_Martinez_Delgado,ES,False,,,bbmri-eric:ID:ES_BioNER-IIER,Rare Diseases National Biobank-Institute of Rare Diseases Research (Institute of Health Carlos III),bbmri-eric:networkID:ES_PISCIIIBB,,,RD,BIOLOGICAL_SAMPLES,1,48.0,"nervous_system,rare_disease",,,,3.0,0.0,"MALE,FEMALE",urn:miriam:icd:G82.1,,,YEAR,,"DNA,PERIPHERAL_BLOOD_CELLS,PLASMA,SERUM","temperature-60to-85,temperatureLN",,,,,,,,True,,,,,,directory_catalog,https://ejp-rd-vp.github.io/resource-metadata-schema/license/v1.0.txt,BBMRI-ERIC,English,Spastic paraplegia,,,2026-07-23 05:02:06.556069,2026-07-23 05:02:06.556069,
1290,bbmri-eric:ID:ES_BioNER-IIER:collection:Ictiosis_congenita,Ictiosis congénita,,Disease sample;Disease control,https://www.isciii.es/QuienesSomos/CentrosPropios/IIER/Paginas/default.aspx,Madrid,ES,,,bbmri-eric:contactID:ES_Martinez_Delgado,bbmri-eric:contactID:ES_Martinez_Delgado,ES,False,,,bbmri-eric:ID:ES_BioNER-IIER,Rare Diseases National Biobank-Institute of Rare Diseases Research (Institute of Health Carlos III),bbmri-eric:networkID:ES_PISCIIIBB,,,RD,BIOLOGICAL_SAMPLES,2,693.0,rare_disease,,,,35.0,1.0,"MALE,FEMALE",urn:miriam:icd:Q80,,,YEAR,,"DNA,PERIPHERAL_BLOOD_CELLS,PLASMA,SERUM","temperature-60to-85,temperatureLN",,,,,,,,True,,,,,,directory_catalog,https://ejp-rd-vp.github.io/resource-metadata-schema/license/v1.0.txt,BBMRI-ERIC,English,Congenital ichthyosis,,,2026-07-23 05:02:06.831702,2026-07-23 05:02:06.831702,
1291,bbmri-eric:ID:ES_BioNER-IIER:collection:Nevus_gigante_congenito,Nevus gigante congénito,,Disease sample;Disease control,https://www.isciii.es/QuienesSomos/CentrosPropios/IIER/Paginas/default.aspx,Madrid,ES,,,bbmri-eric:contactID:ES_Martinez_Delgado,bbmri-eric:contactID:ES_Martinez_Delgado,ES,False,,,bbmri-eric:ID:ES_BioNER-IIER,Rare Diseases National Biobank-Institute of Rare Diseases Research (Institute of Health Carlos III),bbmri-eric:networkID:ES_PISCIIIBB,,,RD,BIOLOGICAL_SAMPLES,1,34.0,rare_disease,,,,8.0,0.0,"MALE,FEMALE",urn:miriam:icd:Q82.5,,,YEAR,,"DNA,SALIVA",temperature-60to-85,,,,,,,,True,,,,,,directory_catalog,https://ejp-rd-vp.github.io/resource-metadata-schema/license/v1.0.txt,BBMRI-ERIC,English,Congenital non-neoplastic naevus,,,2026-07-23 05:02:06.831702,2026-07-23 05:02:06.831702,
1293,bbmri-eric:ID:ES_BioNER-IIER:collection:Siderosis_superficial_del_Sistema_Nervioso_Central,Siderosis superficial del Sistema Nervioso Central,,Disease sample,https://www.isciii.es/QuienesSomos/CentrosPropios/IIER/Paginas/default.aspx,Madrid,ES,,,bbmri-eric:contactID:ES_Martinez_Delgado,bbmri-eric:contactID:ES_Martinez_Delgado,ES,False,,,bbmri-eric:ID:ES_BioNER-IIER,Rare Diseases National Biobank-Institute of Rare Diseases Research (Institute of Health Carlos III),bbmri-eric:networkID:ES_PISCIIIBB,,,RD,BIOLOGICAL_SAMPLES,1,14.0,"nervous_system,rare_disease",,,,1.0,0.0,FEMALE,urn:miriam:icd:G96.8,,,YEAR,,"DNA,PERIPHERAL_BLOOD_CELLS,PLASMA,SERUM","temperature-60to-85,temperatureLN",,,,,,,,True,,,,,,directory_catalog,https://ejp-rd-vp.github.io/resource-metadata-schema/license/v1.0.txt,BBMRI-ERIC,English,Other specified disorders of central nervous system,,,2026-07-23 05:02:06.556069,2026-07-23 05:02:06.556069,
1296,bbmri-eric:ID:ES_BioNER-IIER:collection:Sindrome_de_Rubinstein-Taybi,Síndrome de Rubinstein-Taybi,,Disease sample,https://www.isciii.es/QuienesSomos/CentrosPropios/IIER/Paginas/default.aspx,Madrid,ES,,,bbmri-eric:contactID:ES_Martinez_Delgado,bbmri-eric:contactID:ES_Martinez_Delgado,ES,False,,,bbmri-eric:ID:ES_BioNER-IIER,Rare Diseases National Biobank-Institute of Rare Diseases Research (Institute of Health Carlos III),bbmri-eric:networkID:ES_PISCIIIBB,,,RD,BIOLOGICAL_SAMPLES,1,17.0,rare_disease,,,,1.0,0.0,FEMALE,urn:miriam:icd:Q87.2,,,YEAR,,"DNA,PERIPHERAL_BLOOD_CELLS,PLASMA,SERUM","temperature-60to-85,temperatureLN",,,,,,,,True,,,,,,directory_catalog,https://ejp-rd-vp.github.io/resource-metadata-schema/license/v1.0.txt,BBMRI-ERIC,English,Congenital malformation syndromes predominantly involving limbs,,,2026-07-23 05:02:06.831702,2026-07-23 05:02:06.831702,
1298,bbmri-eric:ID:ES_BioNER-IIER:collection:AMAUROSIS_CONGeNITA_DE_LEBER,AMAUROSIS CONGÉNITA DE LEBER,,Disease sample,https://www.isciii.es/QuienesSomos/CentrosPropios/IIER/Paginas/default.aspx,Madrid,ES,,,bbmri-eric:contactID:ES_Martinez_Delgado,bbmri-eric:contactID:ES_Martinez_Delgado,ES,False,,,bbmri-eric:ID:ES_BioNER-IIER,Rare Diseases National Biobank-Institute of Rare Diseases Research (Institute of Health Carlos III),bbmri-eric:networkID:ES_PISCIIIBB,,,RD,BIOLOGICAL_SAMPLES,1,21.0,rare_disease,,,,1.0,0.0,FEMALE,urn:miriam:icd:H35.5,,,YEAR,,"DNA,PERIPHERAL_BLOOD_CELLS,PLASMA,SERUM","temperature-60to-85,temperatureLN",,,,,,,,True,,,,,,directory_catalog,https://ejp-rd-vp.github.io/resource-metadata-schema/license/v1.0.txt,BBMRI-ERIC,English,Hereditary retinal dystrophy,,,2026-07-23 05:02:06.556069,2026-07-23 05:02:06.556069,
1300,bbmri-eric:ID:ES_BioNER-IIER:collection:Retinosis_pigmentaria,Retinosis pigmentaria,,Disease sample;Disease control,https://www.isciii.es/QuienesSomos/CentrosPropios/IIER/Paginas/default.aspx,Madrid,ES,,,bbmri-eric:contactID:ES_Martinez_Delgado,bbmri-eric:contactID:ES_Martinez_Delgado,ES,False,,,bbmri-eric:ID:ES_BioNER-IIER,Rare Diseases National Biobank-Institute of Rare Diseases Research (Institute of Health Carlos III),bbmri-eric:networkID:ES_PISCIIIBB,,,RD,BIOLOGICAL_SAMPLES,1,60.0,rare_disease,,,,30.0,1.0,"MALE,FEMALE",urn:miriam:icd:H35.5,,,YEAR,,"DNA,PERIPHERAL_BLOOD_CELLS,PLASMA,SERUM","temperature-60to-85,temperatureLN",,,,,,,,True,,,,,,directory_catalog,https://ejp-rd-vp.github.io/resource-metadata-schema/license/v1.0.txt,BBMRI-ERIC,English,Hereditary retinal dystrophy,,,2026-07-23 05:02:06.556069,2026-07-23 05:02:06.556069,
1301,bbmri-eric:ID:ES_BioNER-IIER:collection:Enfermedad_de_Stargardt,Enfermedad de Stargardt,,Disease sample,https://www.isciii.es/QuienesSomos/CentrosPropios/IIER/Paginas/default.aspx,Madrid,ES,,,bbmri-eric:contactID:ES_Martinez_Delgado,bbmri-eric:contactID:ES_Martinez_Delgado,ES,False,,,bbmri-eric:ID:ES_BioNER-IIER,Rare Diseases National Biobank-Institute of Rare Diseases Research (Institute of Health Carlos III),bbmri-eric:networkID:ES_PISCIIIBB,,,RD,BIOLOGICAL_SAMPLES,0,5.0,rare_disease,,,,1.0,0.0,MALE,urn:miriam:icd:H35.5,,,YEAR,,"DNA,SALIVA",temperature-60to-85,,,,,,,,True,,,,,,directory_catalog,https://ejp-rd-vp.github.io/resource-metadata-schema/license/v1.0.txt,BBMRI-ERIC,English,Hereditary retinal dystrophy,,,2026-07-23 05:02:06.556069,2026-07-23 05:02:06.556069,
1302,bbmri-eric:ID:ES_BioNER-IIER:collection:Oftalmoplejia_externa_progresiva_y_escoliosis,Oftalmoplejía externa progresiva y escoliosis,,Disease sample;Disease control,https://www.isciii.es/QuienesSomos/CentrosPropios/IIER/Paginas/default.aspx,Madrid,ES,,,bbmri-eric:contactID:ES_Martinez_Delgado,bbmri-eric:contactID:ES_Martinez_Delgado,ES,False,,,bbmri-eric:ID:ES_BioNER-IIER,Rare Diseases National Biobank-Institute of Rare Diseases Research (Institute of Health Carlos III),bbmri-eric:networkID:ES_PISCIIIBB,,,RD,BIOLOGICAL_SAMPLES,1,20.0,rare_disease,,,,4.0,0.0,"MALE,FEMALE",urn:miriam:icd:H49.4,,,YEAR,,"DNA,SALIVA",temperature-60to-85,,,,,,,,True,,,,,,directory_catalog,https://ejp-rd-vp.github.io/resource-metadata-schema/license/v1.0.txt,BBMRI-ERIC,English,Paralytic strabismus - Progressive external ophthalmoplegia,,,2026-07-23 05:02:06.556069,2026-07-23 05:02:06.556069,
1308,bbmri-eric:ID:ES_BioNER-IIER:collection:Displasia_ectodermica_hidrotica,Displasia ectodérmica hidrótica,,Disease sample,https://www.isciii.es/QuienesSomos/CentrosPropios/IIER/Paginas/default.aspx,Madrid,ES,,,bbmri-eric:contactID:ES_Martinez_Delgado,bbmri-eric:contactID:ES_Martinez_Delgado,ES,False,,,bbmri-eric:ID:ES_BioNER-IIER,Rare Diseases National Biobank-Institute of Rare Diseases Research (Institute of Health Carlos III),bbmri-eric:networkID:ES_PISCIIIBB,,,RD,BIOLOGICAL_SAMPLES,1,17.0,rare_disease,,,,1.0,0.0,FEMALE,urn:miriam:icd:Q82.8,,,YEAR,,"DNA,PERIPHERAL_BLOOD_CELLS,OTHER,BUFFY_COAT,PLASMA,SERUM","temperature-60to-85,temperatureLN",,,,,,,,True,,,,,,directory_catalog,https://ejp-rd-vp.github.io/resource-metadata-schema/license/v1.0.txt,BBMRI-ERIC,English,Other specified congenital malformations of skin,,,2026-07-23 05:02:06.831702,2026-07-23 05:02:06.831702,
1310,bbmri-eric:ID:ES_BioNER-IIER:collection:Oftalmoplejia_externa_progresiva,Oftalmoplejía externa progresiva,,Disease sample,https://www.isciii.es/QuienesSomos/CentrosPropios/IIER/Paginas/default.aspx,Madrid,ES,,,bbmri-eric:contactID:ES_Martinez_Delgado,bbmri-eric:contactID:ES_Martinez_Delgado,ES,False,,,bbmri-eric:ID:ES_BioNER-IIER,Rare Diseases National Biobank-Institute of Rare Diseases Research (Institute of Health Carlos III),bbmri-eric:networkID:ES_PISCIIIBB,,,RD,BIOLOGICAL_SAMPLES,1,19.0,rare_disease,,,,1.0,0.0,MALE,urn:miriam:icd:H49.4,,,YEAR,,"DNA,PERIPHERAL_BLOOD_CELLS,PLASMA,SERUM","temperature-60to-85,temperatureLN",,,,,,,,True,,,,,,directory_catalog,https://ejp-rd-vp.github.io/resource-metadata-schema/license/v1.0.txt,BBMRI-ERIC,English,Paralytic strabismus - Progressive external ophthalmoplegia,,,2026-07-23 05:02:06.556069,2026-07-23 05:02:06.556069,
1313,bbmri-eric:ID:ES_BioNER-IIER:collection:HIPERTENSION_PULMONAR_PRIMARIA,HIPERTENSION PULMONAR PRIMARIA,,Disease sample,https://www.isciii.es/QuienesSomos/CentrosPropios/IIER/Paginas/default.aspx,Madrid,ES,,,bbmri-eric:contactID:ES_Martinez_Delgado,bbmri-eric:contactID:ES_Martinez_Delgado,ES,False,,,bbmri-eric:ID:ES_BioNER-IIER,Rare Diseases National Biobank-Institute of Rare Diseases Research (Institute of Health Carlos III),bbmri-eric:networkID:ES_PISCIIIBB,,,RD,BIOLOGICAL_SAMPLES,1,21.0,"cardiovascular,rare_disease",,,,1.0,0.0,MALE,urn:miriam:icd:I27.0,,,YEAR,,"DNA,PERIPHERAL_BLOOD_CELLS,PLASMA,SERUM","temperature-60to-85,temperatureLN",,,,,,,,True,,,,,,directory_catalog,https://ejp-rd-vp.github.io/resource-metadata-schema/license/v1.0.txt,BBMRI-ERIC,English,Primary pulmonary hypertension,,,2026-07-23 05:02:06.556069,2026-07-23 05:02:06.556069,
1314,bbmri-eric:ID:ES_BioNER-IIER:collection:Hipertension_arterial_pulmonar_secundaria,Hipertensión arterial pulmonar secundaria,,Disease sample,https://www.isciii.es/QuienesSomos/CentrosPropios/IIER/Paginas/default.aspx,Madrid,ES,,,bbmri-eric:contactID:ES_Martinez_Delgado,bbmri-eric:contactID:ES_Martinez_Delgado,ES,False,,,bbmri-eric:ID:ES_BioNER-IIER,Rare Diseases National Biobank-Institute of Rare Diseases Research (Institute of Health Carlos III),bbmri-eric:networkID:ES_PISCIIIBB,,,RD,BIOLOGICAL_SAMPLES,0,5.0,"cardiovascular,rare_disease",,,,1.0,0.0,FEMALE,urn:miriam:icd:I27.0,,,YEAR,,"DNA,SALIVA",temperature-60to-85,,,,,,,,True,,,,,,directory_catalog,https://ejp-rd-vp.github.io/resource-metadata-schema/license/v1.0.txt,BBMRI-ERIC,English,Primary pulmonary hypertension,,,2026-07-23 05:02:06.556069,2026-07-23 05:02:06.556069,
1315,bbmri-eric:ID:ES_BioNER-IIER:collection:Borderline_long_QT_syndrome,Borderline long QT syndrome,,Disease sample;Disease control,https://www.isciii.es/QuienesSomos/CentrosPropios/IIER/Paginas/default.aspx,Madrid,ES,,,bbmri-eric:contactID:ES_Martinez_Delgado,bbmri-eric:contactID:ES_Martinez_Delgado,ES,False,,,bbmri-eric:ID:ES_BioNER-IIER,Rare Diseases National Biobank-Institute of Rare Diseases Research (Institute of Health Carlos III),bbmri-eric:networkID:ES_PISCIIIBB,,,RD,BIOLOGICAL_SAMPLES,1,10.0,"cardiovascular,rare_disease",,,,3.0,0.0,"MALE,FEMALE",urn:miriam:icd:I45.8,,,YEAR,,DNA,temperature-60to-85,,,,,,,,True,,,,,,directory_catalog,https://ejp-rd-vp.github.io/resource-metadata-schema/license/v1.0.txt,BBMRI-ERIC,English,Other specified conduction disorders,,,2026-07-23 05:02:06.556069,2026-07-23 05:02:06.556069,
1317,bbmri-eric:ID:ES_BioNER-IIER:collection:Sindrome_de_Brugada,Síndrome de Brugada,,Disease sample;Disease control,https://www.isciii.es/QuienesSomos/CentrosPropios/IIER/Paginas/default.aspx,Madrid,ES,,,bbmri-eric:contactID:ES_Martinez_Delgado,bbmri-eric:contactID:ES_Martinez_Delgado,ES,False,,,bbmri-eric:ID:ES_BioNER-IIER,Rare Diseases National Biobank-Institute of Rare Diseases Research (Institute of Health Carlos III),bbmri-eric:networkID:ES_PISCIIIBB,,,RD,BIOLOGICAL_SAMPLES,1,33.0,"cardiovascular,rare_disease",,,,12.0,1.0,"MALE,FEMALE",urn:miriam:icd:I49.0,,,YEAR,,DNA,temperature-60to-85,,,,,,,,True,,,,,,directory_catalog,https://ejp-rd-vp.github.io/resource-metadata-schema/license/v1.0.txt,BBMRI-ERIC,English,Other cardiac arrhythmias - Ventricular fibrillation and flutter,,,2026-07-23 05:02:06.556069,2026-07-23 05:02:06.556069,
1319,bbmri-eric:ID:ES_BioNER-IIER:collection:Fibrosis_pulmonar_idiopatica,Fibrosis pulmonar idiopática,,Disease sample,https://www.isciii.es/QuienesSomos/CentrosPropios/IIER/Paginas/default.aspx,Madrid,ES,,,bbmri-eric:contactID:ES_Martinez_Delgado,bbmri-eric:contactID:ES_Martinez_Delgado,ES,False,,,bbmri-eric:ID:ES_BioNER-IIER,Rare Diseases National Biobank-Institute of Rare Diseases Research (Institute of Health Carlos III),bbmri-eric:networkID:ES_PISCIIIBB,,,RD,BIOLOGICAL_SAMPLES,1,15.0,rare_disease,,,,1.0,0.0,MALE,urn:miriam:icd:J84.1,,,YEAR,,"DNA,PERIPHERAL_BLOOD_CELLS,OTHER,PLASMA,SERUM","temperature-60to-85,temperatureLN",,,,,,,,True,,,,,,directory_catalog,https://ejp-rd-vp.github.io/resource-metadata-schema/license/v1.0.txt,BBMRI-ERIC,English,Other interstitial pulmonary diseases with fibrosis,,,2026-07-23 05:02:06.556069,2026-07-23 05:02:06.556069,
1321,bbmri-eric:ID:ES_BioNER-IIER:collection:Esclerosis_tuberosa,Esclerosis tuberosa,,Disease sample,https://www.isciii.es/QuienesSomos/CentrosPropios/IIER/Paginas/default.aspx,Madrid,ES,,,bbmri-eric:contactID:ES_Martinez_Delgado,bbmri-eric:contactID:ES_Martinez_Delgado,ES,False,,,bbmri-eric:ID:ES_BioNER-IIER,Rare Diseases National Biobank-Institute of Rare Diseases Research (Institute of Health Carlos III),bbmri-eric:networkID:ES_PISCIIIBB,,,RD,BIOLOGICAL_SAMPLES,1,26.0,rare_disease,,,,2.0,0.0,"MALE,FEMALE",urn:miriam:icd:Q85.1,,,YEAR,,"DNA,PERIPHERAL_BLOOD_CELLS,PLASMA,SALIVA,SERUM","temperature-60to-85,temperatureLN",,,,,,,,True,,,,,,directory_catalog,https://ejp-rd-vp.github.io/resource-metadata-schema/license/v1.0.txt,BBMRI-ERIC,English,"Phakomatoses,not elsewhere classified - Tuberous sclerosis",,,2026-07-23 05:02:06.831702,2026-07-23 05:02:06.831702,
1327,bbmri-eric:ID:ES_BioNER-IIER:collection:Colitis_indeterminada,Colitis indeterminada,,Disease sample;Disease control,https://www.isciii.es/QuienesSomos/CentrosPropios/IIER/Paginas/default.aspx,Madrid,ES,,,bbmri-eric:contactID:ES_Martinez_Delgado,bbmri-eric:contactID:ES_Martinez_Delgado,ES,False,,,bbmri-eric:ID:ES_BioNER-IIER,Rare Diseases National Biobank-Institute of Rare Diseases Research (Institute of Health Carlos III),bbmri-eric:networkID:ES_PISCIIIBB,,,RD,BIOLOGICAL_SAMPLES,1,46.0,rare_disease,,,,3.0,0.0,"MALE,FEMALE",urn:miriam:icd:K52.3,,,YEAR,,"DNA,PERIPHERAL_BLOOD_CELLS,OTHER,PLASMA,SERUM","temperature-60to-85,temperatureLN",,,,,,,,True,,,,,,directory_catalog,https://ejp-rd-vp.github.io/resource-metadata-schema/license/v1.0.txt,BBMRI-ERIC,English,Indeterminate colitis,,,2026-07-23 05:02:06.556069,2026-07-23 05:02:06.556069,
1331,bbmri-eric:ID:ES_BioNER-IIER:collection:Diarrea_congenita_7_de_tipo_enteropatia_pierde-proteinas_DIAR7,"Diarrea congénita 7, de tipo enteropatía pierde-proteínas (DIAR7)",,Disease sample;Disease control,https://www.isciii.es/QuienesSomos/CentrosPropios/IIER/Paginas/default.aspx,Madrid,ES,,,bbmri-eric:contactID:ES_Martinez_Delgado,bbmri-eric:contactID:ES_Martinez_Delgado,ES,False,,,bbmri-eric:ID:ES_BioNER-IIER,Rare Diseases National Biobank-Institute of Rare Diseases Research (Institute of Health Carlos III),bbmri-eric:networkID:ES_PISCIIIBB,,,RD,BIOLOGICAL_SAMPLES,2,146.0,rare_disease,,,,11.0,1.0,"MALE,FEMALE",urn:miriam:icd:K52.9,,,YEAR,,"DNA,PERIPHERAL_BLOOD_CELLS,OTHER,BUFFY_COAT,PLASMA,SERUM","temperature-60to-85,temperatureLN",,,,,,,,True,,,,,,directory_catalog,https://ejp-rd-vp.github.io/resource-metadata-schema/license/v1.0.txt,BBMRI-ERIC,English,"Noninfective gastroenteritis and colitis,unspecified",,,2026-07-23 05:02:06.556069,2026-07-23 05:02:06.556069,
1333,bbmri-eric:ID:ES_BioNER-IIER:collection:Pseudo-obstruccion_intestinal_cronica_primaria,Pseudo-obstrucción intestinal crónica primaria,,Disease sample,https://www.isciii.es/QuienesSomos/CentrosPropios/IIER/Paginas/default.aspx,Madrid,ES,,,bbmri-eric:contactID:ES_Martinez_Delgado,bbmri-eric:contactID:ES_Martinez_Delgado,ES,False,,,bbmri-eric:ID:ES_BioNER-IIER,Rare Diseases National Biobank-Institute of Rare Diseases Research (Institute of Health Carlos III),bbmri-eric:networkID:ES_PISCIIIBB,,,RD,BIOLOGICAL_SAMPLES,1,21.0,rare_disease,,,,1.0,0.0,FEMALE,urn:miriam:icd:K59.8,,,YEAR,,"DNA,PERIPHERAL_BLOOD_CELLS,PLASMA,SERUM","temperature-60to-85,temperatureLN",,,,,,,,True,,,,,,directory_catalog,https://ejp-rd-vp.github.io/resource-metadata-schema/license/v1.0.txt,BBMRI-ERIC,English,Other specified functional intestinal disorders,,,2026-07-23 05:02:06.556069,2026-07-23 05:02:06.556069,
1337,bbmri-eric:ID:ES_BioNER-IIER:collection:HEMOGLOBINURIA_PAROXiSTICA_NOCTURNA,HEMOGLOBINURIA PAROXÍSTICA NOCTURNA,,Disease sample,https://www.isciii.es/QuienesSomos/CentrosPropios/IIER/Paginas/default.aspx,Madrid,ES,,,bbmri-eric:contactID:ES_Martinez_Delgado,bbmri-eric:contactID:ES_Martinez_Delgado,ES,False,,,bbmri-eric:ID:ES_BioNER-IIER,Rare Diseases National Biobank-Institute of Rare Diseases Research (Institute of Health Carlos III),bbmri-eric:networkID:ES_PISCIIIBB,,,RD,BIOLOGICAL_SAMPLES,1,21.0,"autoimmune,rare_disease",,,,1.0,0.0,FEMALE,urn:miriam:icd:D59.5,,,YEAR,,"DNA,PERIPHERAL_BLOOD_CELLS,PLASMA,SERUM","temperature-60to-85,temperatureLN",,,,,,,,True,,,,,,directory_catalog,https://ejp-rd-vp.github.io/resource-metadata-schema/license/v1.0.txt,BBMRI-ERIC,English,Acquired haemolytic anaemia - Paroxysmal nocturnal haemoglobinuria [Marchiafava-Micheli],,,2026-07-23 05:02:06.175575,2026-07-23 05:02:06.175575,
1338,bbmri-eric:ID:ES_BioNER-IIER:collection:Hepatitis_autoinmune,Hepatitis autoinmune,,Disease sample;Disease control,https://www.isciii.es/QuienesSomos/CentrosPropios/IIER/Paginas/default.aspx,Madrid,ES,,,bbmri-eric:contactID:ES_Martinez_Delgado,bbmri-eric:contactID:ES_Martinez_Delgado,ES,False,,,bbmri-eric:ID:ES_BioNER-IIER,Rare Diseases National Biobank-Institute of Rare Diseases Research (Institute of Health Carlos III),bbmri-eric:networkID:ES_PISCIIIBB,,,RD,BIOLOGICAL_SAMPLES,1,50.0,"autoimmune,rare_disease",,,,4.0,0.0,"MALE,FEMALE",urn:miriam:icd:K75.4,,,YEAR,,"DNA,PERIPHERAL_BLOOD_CELLS,OTHER,BUFFY_COAT,PLASMA,SERUM","temperature-60to-85,temperatureLN",,,,,,,,True,,,,,,directory_catalog,https://ejp-rd-vp.github.io/resource-metadata-schema/license/v1.0.txt,BBMRI-ERIC,English,Other inflammatory liver diseases - Autoimmune hepatitis,,,2026-07-23 05:02:06.556069,2026-07-23 05:02:06.556069,
1342,bbmri-eric:ID:ES_BioNER-IIER:collection:Sindrome_de_Klippel-Trenaunay,Síndrome de Klippel-Trenaunay,,Disease sample,https://www.isciii.es/QuienesSomos/CentrosPropios/IIER/Paginas/default.aspx,Madrid,ES,,,bbmri-eric:contactID:ES_Martinez_Delgado,bbmri-eric:contactID:ES_Martinez_Delgado,ES,False,,,bbmri-eric:ID:ES_BioNER-IIER,Rare Diseases National Biobank-Institute of Rare Diseases Research (Institute of Health Carlos III),bbmri-eric:networkID:ES_PISCIIIBB,,,RD,BIOLOGICAL_SAMPLES,1,21.0,rare_disease,,,,1.0,0.0,MALE,urn:miriam:icd:Q87.2,,,YEAR,,"DNA,PERIPHERAL_BLOOD_CELLS,PLASMA,SERUM","temperature-60to-85,temperatureLN",,,,,,,,True,,,,,,directory_catalog,https://ejp-rd-vp.github.io/resource-metadata-schema/license/v1.0.txt,BBMRI-ERIC,English,Congenital malformation syndromes predominantly involving limbs,,,2026-07-23 05:02:06.831702,2026-07-23 05:02:06.831702,
1343,bbmri-eric:ID:ES_IBSP-CV:collection:IBSP-096-NEF,NEPHROLOGY: KIDNEY TRANSPLANTATION,NEF,Having a collection of samples from transplant patients can improve our knowledge about the mechanisms underlying the evolution of grafts and transplant patients. The studies will initially be directed in two directions: the study of the microbiota in the transplanted population (a) and the study of pro-inflammatory mediators and cardiovascular risk (b) of this population.,https://fisabio.san.gva.es/es/apoyo-a-la-investigacion/plataformas-y-servicios-cientifico-tecnicos/biobancos/biobanco-ibsp-cv/,Valencia,ES,,,bbmri-eric:contactID:ES_Martinez_Santamaria,bbmri-eric:contactID:ES_Martinez_Santamaria,ES,False,,,bbmri-eric:ID:ES_IBSP-CV,Biobank for Biomedical Research and Public Health of the Valencian Community,bbmri-eric:networkID:ES_PISCIIIBB,,,DISEASE_SPECIFIC,"BIOLOGICAL_SAMPLES,MEDICAL_RECORDS",2,204.0,,2024-08-16 00:00:00.000,,accredited,45.0,1.0,"FEMALE,MALE",,40.0,76.0,YEAR,,"DNA,BUFFY_COAT",temperature-60to-85,,,,,,,,True,,,,,,directory_catalog,https://ejp-rd-vp.github.io/resource-metadata-schema/license/v1.0.txt,BBMRI-ERIC,English,,,,2026-07-23 05:02:06.831702,2026-07-23 05:02:06.831702,
1346,bbmri-eric:ID:ES_BioNER-IIER:collection:Sindrome_de_Stickler,Síndrome de Stickler,,Disease sample;Disease control,https://www.isciii.es/QuienesSomos/CentrosPropios/IIER/Paginas/default.aspx,Madrid,ES,,,bbmri-eric:contactID:ES_Martinez_Delgado,bbmri-eric:contactID:ES_Martinez_Delgado,ES,False,,,bbmri-eric:ID:ES_BioNER-IIER,Rare Diseases National Biobank-Institute of Rare Diseases Research (Institute of Health Carlos III),bbmri-eric:networkID:ES_PISCIIIBB,,,RD,BIOLOGICAL_SAMPLES,2,126.0,rare_disease,,,,6.0,0.0,"MALE,FEMALE",urn:miriam:icd:Q87.8,,,YEAR,,"DNA,PERIPHERAL_BLOOD_CELLS,PLASMA,SERUM","temperature-60to-85,temperatureLN",,,,,,,,True,,,,,,directory_catalog,https://ejp-rd-vp.github.io/resource-metadata-schema/license/v1.0.txt,BBMRI-ERIC,English,"Other specified congenital malformation syndromes,not elsewhere classified",,,2026-07-23 05:02:06.831702,2026-07-23 05:02:06.831702,
1350,bbmri-eric:ID:ES_BioNER-IIER:collection:LIQUEN_PLANO,LIQUEN PLANO,,Disease sample,https://www.isciii.es/QuienesSomos/CentrosPropios/IIER/Paginas/default.aspx,Madrid,ES,,,bbmri-eric:contactID:ES_Martinez_Delgado,bbmri-eric:contactID:ES_Martinez_Delgado,ES,False,,,bbmri-eric:ID:ES_BioNER-IIER,Rare Diseases National Biobank-Institute of Rare Diseases Research (Institute of Health Carlos III),bbmri-eric:networkID:ES_PISCIIIBB,,,RD,BIOLOGICAL_SAMPLES,1,21.0,rare_disease,,,,1.0,0.0,MALE,urn:miriam:icd:L43,,,YEAR,,"DNA,PERIPHERAL_BLOOD_CELLS,PLASMA,SERUM","temperature-60to-85,temperatureLN",,,,,,,,True,,,,,,directory_catalog,https://ejp-rd-vp.github.io/resource-metadata-schema/license/v1.0.txt,BBMRI-ERIC,English,Lichen planus,,,2026-07-23 05:02:06.556069,2026-07-23 05:02:06.556069,
1354,bbmri-eric:ID:ES_BioNER-IIER:collection:Sindrome_de_Gillespie-ITPR1,Síndrome de Gillespie – ITPR1,,Disease sample;Disease control,https://www.isciii.es/QuienesSomos/CentrosPropios/IIER/Paginas/default.aspx,Madrid,ES,,,bbmri-eric:contactID:ES_Martinez_Delgado,bbmri-eric:contactID:ES_Martinez_Delgado,ES,False,,,bbmri-eric:ID:ES_BioNER-IIER,Rare Diseases National Biobank-Institute of Rare Diseases Research (Institute of Health Carlos III),bbmri-eric:networkID:ES_PISCIIIBB,,,RD,BIOLOGICAL_SAMPLES,1,43.0,rare_disease,,,,3.0,0.0,"MALE,FEMALE",urn:miriam:icd:Q87.8,,,YEAR,,"DNA,PERIPHERAL_BLOOD_CELLS,OTHER,BUFFY_COAT,PLASMA,SERUM","temperature-60to-85,temperatureLN",,,,,,,,True,,,,,,directory_catalog,https://ejp-rd-vp.github.io/resource-metadata-schema/license/v1.0.txt,BBMRI-ERIC,English,"Other specified congenital malformation syndromes,not elsewhere classified",,,2026-07-23 05:02:06.831702,2026-07-23 05:02:06.831702,
1355,bbmri-eric:ID:ES_BioNER-IIER:collection:Sindrome_de_Williams,Síndrome de Williams,,Disease sample;Disease control,https://www.isciii.es/QuienesSomos/CentrosPropios/IIER/Paginas/default.aspx,Madrid,ES,,,bbmri-eric:contactID:ES_Martinez_Delgado,bbmri-eric:contactID:ES_Martinez_Delgado,ES,False,,,bbmri-eric:ID:ES_BioNER-IIER,Rare Diseases National Biobank-Institute of Rare Diseases Research (Institute of Health Carlos III),bbmri-eric:networkID:ES_PISCIIIBB,,,RD,BIOLOGICAL_SAMPLES,2,153.0,rare_disease,,,,10.0,1.0,"MALE,FEMALE",urn:miriam:icd:Q87.8,,,YEAR,,"DNA,PERIPHERAL_BLOOD_CELLS,PLASMA,SERUM","temperature-60to-85,temperatureLN",,,,,,,,True,,,,,,directory_catalog,https://ejp-rd-vp.github.io/resource-metadata-schema/license/v1.0.txt,BBMRI-ERIC,English,"Other specified congenital malformation syndromes,not elsewhere classified",,,2026-07-23 05:02:06.831702,2026-07-23 05:02:06.831702,
1358,bbmri-eric:ID:ES_BioNER-IIER:collection:Delecion_22q13,Deleción 22q13,,Disease sample;Disease control,https://www.isciii.es/QuienesSomos/CentrosPropios/IIER/Paginas/default.aspx,Madrid,ES,,,bbmri-eric:contactID:ES_Martinez_Delgado,bbmri-eric:contactID:ES_Martinez_Delgado,ES,False,,,bbmri-eric:ID:ES_BioNER-IIER,Rare Diseases National Biobank-Institute of Rare Diseases Research (Institute of Health Carlos III),bbmri-eric:networkID:ES_PISCIIIBB,,,RD,BIOLOGICAL_SAMPLES,2,182.0,rare_disease,,,,12.0,1.0,"MALE,FEMALE",urn:miriam:icd:Q93.5,,,YEAR,,"DNA,PERIPHERAL_BLOOD_CELLS,PLASMA,SERUM","temperature-60to-85,temperatureLN",,,,,,,,True,,,,,,directory_catalog,https://ejp-rd-vp.github.io/resource-metadata-schema/license/v1.0.txt,BBMRI-ERIC,English,Other deletions of part of a chromosome,,,2026-07-23 05:02:06.831702,2026-07-23 05:02:06.831702,
1359,bbmri-eric:ID:ES_BioNER-IIER:collection:Trastorno_del_neurodesarrollo_con_marcha_ataxica_ausencia_del_habla_y_disminucion_de_la_sustancia_blanca_cortical_RAB11B,"Trastorno del neurodesarrollo con marcha atáxica, ausencia del habla y disminución de la sustancia blanca cortical– RAB11B",,Disease sample;Disease control,https://www.isciii.es/QuienesSomos/CentrosPropios/IIER/Paginas/default.aspx,Madrid,ES,,,bbmri-eric:contactID:ES_Martinez_Delgado,bbmri-eric:contactID:ES_Martinez_Delgado,ES,False,,,bbmri-eric:ID:ES_BioNER-IIER,Rare Diseases National Biobank-Institute of Rare Diseases Research (Institute of Health Carlos III),bbmri-eric:networkID:ES_PISCIIIBB,,,RD,BIOLOGICAL_SAMPLES,1,48.0,rare_disease,,,,3.0,0.0,"MALE,FEMALE",urn:miriam:icd:Q99.9,,,YEAR,,"DNA,PERIPHERAL_BLOOD_CELLS,OTHER,BUFFY_COAT,PLASMA,SERUM","temperature-60to-85,temperatureLN",,,,,,,,True,,,,,,directory_catalog,https://ejp-rd-vp.github.io/resource-metadata-schema/license/v1.0.txt,BBMRI-ERIC,English,"Other chromosome abnormalities,not elsewhere classified - Chromosomal abnormality,unspecified",,,2026-07-23 05:02:06.831702,2026-07-23 05:02:06.831702,
1360,bbmri-eric:ID:ES_BV:collection:COVID-19_autopsy,COVID-19 autopsy,COVID,Disease caused by Severe acute respiratory syndrome coronavirus 2,https://www.biobancovasco.org,País Vasco,ES,43297691,-2985980,,bbmri-eric:contactID:ES_Bilbao,ES,False,,,bbmri-eric:ID:ES_BV,Basque Biobank,bbmri-eric:networkID:ES_PISCIIIBB,,,DISEASE_SPECIFIC,"BIOLOGICAL_SAMPLES,CLINICAL_SYMPTOMS,CT,MEDICAL_RECORDS,TREATMENT_PROTOCOL",2,724.0,"infectious,covid19",2023-01-25 00:00:00.000,,,22.0,1.0,MALE,urn:miriam:icd:U07.1,44.0,90.0,YEAR,,"BUFFY_COAT,PLASMA,SERUM,WHOLE_BLOOD",temperature-60to-85,,,,True,True,,,True,,,,,"sample_processing_sop,sample_transport_sop,sample_storage_sop,data_processing_sop,data_transport_sop,data_storage_sop",directory_catalog,https://ejp-rd-vp.github.io/resource-metadata-schema/license/v1.0.txt,BBMRI-ERIC,English,"Emergency use of U07 - COVID-19,virus identified",,,2026-07-23 05:02:06.831702,2026-07-23 05:02:06.831702,
1362,bbmri-eric:ID:ES_BioNER-IIER:collection:Healthy_control,Healthy control,,Health control,https://www.isciii.es/QuienesSomos/CentrosPropios/IIER/Paginas/default.aspx,Madrid,ES,,,bbmri-eric:contactID:ES_Martinez_Delgado,bbmri-eric:contactID:ES_Martinez_Delgado,ES,False,,,bbmri-eric:ID:ES_BioNER-IIER,Rare Diseases National Biobank-Institute of Rare Diseases Research (Institute of Health Carlos III),bbmri-eric:networkID:ES_PISCIIIBB,,,RD,BIOLOGICAL_SAMPLES,3,5700.0,rare_disease,,,,529.0,2.0,"MALE,FEMALE",,,,YEAR,,"DNA,PERIPHERAL_BLOOD_CELLS,PLASMA,SERUM","temperature-60to-85,temperatureLN",,,,,,,,True,,,,,,directory_catalog,https://ejp-rd-vp.github.io/resource-metadata-schema/license/v1.0.txt,BBMRI-ERIC,English,,,,2026-07-23 05:02:06.831702,2026-07-23 05:02:06.831702,
1363,bbmri-eric:ID:ES_BV:collection:BBV1001,Pan-cancer cohort,L1-ARCHITECT,"Cancer is a biological scenario where we reported that aberrant integration of L1 retrotransposons may promote genomic rearrangements that play a driver role in tumour orgin and development. However, the frequency of L1-Rgs, and their structural and functional impact in cancer, remain mostly uncharacterized in detail because of a limitation of the sequencing technologies employed so far. Here, we will use genomic, transcriptional, and high-resolution genome maps, coupled with novel bioinformatic approaches, to illuminate and better understand the roles of L1-Rgs in cancer.",https://www.biobancovasco.org,País Vasco,ES,43297691,-2985980,,bbmri-eric:contactID:ES_Bilbao,ES,False,,,bbmri-eric:ID:ES_BV,Basque Biobank,bbmri-eric:networkID:ES_PISCIIIBB,,,SAMPLE,SURVEY_DATA,2,278.0,,2023-01-25 00:00:00.000,,,139.0,2.0,"FEMALE,MALE,NAV",,38.0,65.0,YEAR,,TISSUE_FROZEN,temperature-60to-85,,,,True,True,,,True,,,,,"sample_processing_sop,sample_transport_sop,sample_storage_sop,data_processing_sop,data_transport_sop,data_storage_sop",directory_catalog,https://ejp-rd-vp.github.io/resource-metadata-schema/license/v1.0.txt,BBMRI-ERIC,English,,,,2026-07-23 05:02:06.831702,2026-07-23 05:02:06.831702,
1367,bbmri-eric:ID:ES_BioNER-IIER:collection:Artritis_juvenil_pauciarticular,Artritis juvenil pauciarticular,,Disease sample;Disease control,https://www.isciii.es/QuienesSomos/CentrosPropios/IIER/Paginas/default.aspx,Madrid,ES,,,bbmri-eric:contactID:ES_Martinez_Delgado,bbmri-eric:contactID:ES_Martinez_Delgado,ES,False,,,bbmri-eric:ID:ES_BioNER-IIER,Rare Diseases National Biobank-Institute of Rare Diseases Research (Institute of Health Carlos III),bbmri-eric:networkID:ES_PISCIIIBB,,,RD,BIOLOGICAL_SAMPLES,1,44.0,rare_disease,,,,3.0,0.0,"MALE,FEMALE",urn:miriam:icd:M08,,,YEAR,,"DNA,PERIPHERAL_BLOOD_CELLS,OTHER,BUFFY_COAT,PLASMA,SERUM","temperature-60to-85,temperatureLN",,,,,,,,True,,,,,,directory_catalog,https://ejp-rd-vp.github.io/resource-metadata-schema/license/v1.0.txt,BBMRI-ERIC,English,Juvenile arthritis,,,2026-07-23 05:02:06.556069,2026-07-23 05:02:06.556069,
1368,bbmri-eric:ID:ES_IBSP-CV:collection:IBSP-002-CPR,Reference Population,CPR,Repository of biological samples representative of the population residing in the Valencian Community and relevant information associated with them on the health status and lifestyle of the donor.,https://fisabio.san.gva.es/es/apoyo-a-la-investigacion/plataformas-y-servicios-cientifico-tecnicos/biobancos/biobanco-ibsp-cv/,Valencia,ES,,,bbmri-eric:contactID:ES_Martinez_Santamaria,bbmri-eric:contactID:ES_Martinez_Santamaria,ES,False,,,bbmri-eric:ID:ES_IBSP-CV,Biobank for Biomedical Research and Public Health of the Valencian Community,bbmri-eric:networkID:ES_PISCIIIBB,,,POPULATION_BASED,"BIOLOGICAL_SAMPLES,SURVEY_DATA",3,7678.0,population,2024-08-16 00:00:00.000,,accredited,1400.0,3.0,"FEMALE,MALE",,18.0,90.0,YEAR,,"DNA,BUFFY_COAT",temperature-60to-85,,,,,,,,True,,,,,,directory_catalog,https://ejp-rd-vp.github.io/resource-metadata-schema/license/v1.0.txt,BBMRI-ERIC,English,,,,2026-07-23 05:02:06.831702,2026-07-23 05:02:06.831702,
1370,bbmri-eric:ID:ES_BioNER-IIER:collection:Displasia_cortical_compleja_con_malformaciones_cerebrales_5-_TUBB2A,Displasia cortical compleja con malformaciones cerebrales 5- TUBB2A,,Disease sample,https://www.isciii.es/QuienesSomos/CentrosPropios/IIER/Paginas/default.aspx,Madrid,ES,,,bbmri-eric:contactID:ES_Martinez_Delgado,bbmri-eric:contactID:ES_Martinez_Delgado,ES,False,,,bbmri-eric:ID:ES_BioNER-IIER,Rare Diseases National Biobank-Institute of Rare Diseases Research (Institute of Health Carlos III),bbmri-eric:networkID:ES_PISCIIIBB,,,RD,BIOLOGICAL_SAMPLES,1,15.0,rare_disease,,,,1.0,0.0,MALE,urn:miriam:icd:Q04,,,YEAR,,"DNA,PERIPHERAL_BLOOD_CELLS,OTHER,BUFFY_COAT,PLASMA,SERUM","temperature-60to-85,temperatureLN",,,,,,,,True,,,,,,directory_catalog,https://ejp-rd-vp.github.io/resource-metadata-schema/license/v1.0.txt,BBMRI-ERIC,English,Other congenital malformations of brain,,,2026-07-23 05:02:06.556069,2026-07-23 05:02:06.556069,
1372,bbmri-eric:ID:ES_BioNER-IIER:collection:SiNDROME_DE_CHURG-STRAUSS,SÍNDROME DE CHURG-STRAUSS,,Disease sample,https://www.isciii.es/QuienesSomos/CentrosPropios/IIER/Paginas/default.aspx,Madrid,ES,,,bbmri-eric:contactID:ES_Martinez_Delgado,bbmri-eric:contactID:ES_Martinez_Delgado,ES,False,,,bbmri-eric:ID:ES_BioNER-IIER,Rare Diseases National Biobank-Institute of Rare Diseases Research (Institute of Health Carlos III),bbmri-eric:networkID:ES_PISCIIIBB,,,RD,BIOLOGICAL_SAMPLES,1,39.0,rare_disease,,,,2.0,0.0,FEMALE,urn:miriam:icd:M30.1,,,YEAR,,"DNA,PERIPHERAL_BLOOD_CELLS,OTHER,BUFFY_COAT,PLASMA,SERUM","temperature-60to-85,temperatureLN",,,,,,,,True,,,,,,directory_catalog,https://ejp-rd-vp.github.io/resource-metadata-schema/license/v1.0.txt,BBMRI-ERIC,English,Polyarteritis with lung involvement [Churg-Strauss],,,2026-07-23 05:02:06.556069,2026-07-23 05:02:06.556069,
1382,bbmri-eric:ID:ES_BV:collection:COVID-19_negative,COVID-19 negative,COVID,Severe acute respiratory syndrome coronavirus 2 not detected,https://www.biobancovasco.org,País Vasco,ES,43297691,-2985980,,bbmri-eric:contactID:ES_Bilbao,ES,False,,,bbmri-eric:ID:ES_BV,Basque Biobank,bbmri-eric:networkID:ES_PISCIIIBB,,,DISEASE_SPECIFIC,"BIOLOGICAL_SAMPLES,CLINICAL_SYMPTOMS,CT,MEDICAL_RECORDS,TREATMENT_PROTOCOL",3,2714.0,paediatrics,2023-01-25 00:00:00.000,,,284.0,2.0,"FEMALE,MALE,NAV",urn:miriam:icd:Z03.8,15.0,96.0,YEAR,,"BUFFY_COAT,PLASMA,SERUM,WHOLE_BLOOD",temperature-60to-85,,,,True,True,,,True,,,,,"sample_processing_sop,sample_transport_sop,sample_storage_sop,data_processing_sop,data_transport_sop,data_storage_sop",directory_catalog,https://ejp-rd-vp.github.io/resource-metadata-schema/license/v1.0.txt,BBMRI-ERIC,English,Observation for other suspected diseases and conditions,,,2026-07-23 05:02:06.831702,2026-07-23 05:02:06.831702,
1384,bbmri-eric:ID:ES_BioNER-IIER:collection:Granulomatosis_de_Wegener,Granulomatosis de Wegener,,Disease sample,https://www.isciii.es/QuienesSomos/CentrosPropios/IIER/Paginas/default.aspx,Madrid,ES,,,bbmri-eric:contactID:ES_Martinez_Delgado,bbmri-eric:contactID:ES_Martinez_Delgado,ES,False,,,bbmri-eric:ID:ES_BioNER-IIER,Rare Diseases National Biobank-Institute of Rare Diseases Research (Institute of Health Carlos III),bbmri-eric:networkID:ES_PISCIIIBB,,,RD,BIOLOGICAL_SAMPLES,1,84.0,rare_disease,,,,4.0,0.0,"MALE,FEMALE",urn:miriam:icd:M31.3,,,YEAR,,"DNA,PERIPHERAL_BLOOD_CELLS,PLASMA,SERUM","temperature-60to-85,temperatureLN",,,,,,,,True,,,,,,directory_catalog,https://ejp-rd-vp.github.io/resource-metadata-schema/license/v1.0.txt,BBMRI-ERIC,English,Other necrotizing vasculopathies - Wegener granulomatosis,,,2026-07-23 05:02:06.556069,2026-07-23 05:02:06.556069,
1387,bbmri-eric:ID:ES_IBSP-CV:collection:IBSP-060-COVAS,Mild and Asymptomatic COVID,COVAS,Repository of biological samples from donors who have suffered COVID infection and who have suffered from it without hospital admission and in a mild or asymptomatic manner. The collection also includes a questionnaire of relevant information associated with the same samples about the health status of each donor.,https://fisabio.san.gva.es/es/apoyo-a-la-investigacion/plataformas-y-servicios-cientifico-tecnicos/biobancos/biobanco-ibsp-cv/,Valencia,ES,,,bbmri-eric:contactID:ES_Martinez_Santamaria,bbmri-eric:contactID:ES_Martinez_Santamaria,ES,False,,,bbmri-eric:ID:ES_IBSP-CV,Biobank for Biomedical Research and Public Health of the Valencian Community,bbmri-eric:networkID:ES_PISCIIIBB,,,DISEASE_SPECIFIC,"BIOLOGICAL_SAMPLES,CLINICAL_SYMPTOMS,SURVEY_DATA,PHYSIOLOGICAL_BIOCHEMICAL_MEASUREMENTS",2,601.0,paediatrics,2024-08-16 00:00:00.000,,accredited,169.0,2.0,"FEMALE,MALE",,13.0,78.0,YEAR,,"DNA,BUFFY_COAT",temperature-60to-85,,,,,,,,True,,,,,,directory_catalog,https://ejp-rd-vp.github.io/resource-metadata-schema/license/v1.0.txt,BBMRI-ERIC,English,,,,2026-07-23 05:02:06.831702,2026-07-23 05:02:06.831702,
1388,bbmri-eric:ID:ES_BioNER-IIER:collection:POLIMIOSITIS,POLIMIOSITIS,,Disease sample,https://www.isciii.es/QuienesSomos/CentrosPropios/IIER/Paginas/default.aspx,Madrid,ES,,,bbmri-eric:contactID:ES_Martinez_Delgado,bbmri-eric:contactID:ES_Martinez_Delgado,ES,False,,,bbmri-eric:ID:ES_BioNER-IIER,Rare Diseases National Biobank-Institute of Rare Diseases Research (Institute of Health Carlos III),bbmri-eric:networkID:ES_PISCIIIBB,,,RD,BIOLOGICAL_SAMPLES,1,40.0,rare_disease,,,,2.0,0.0,FEMALE,urn:miriam:icd:M33.2,,,YEAR,,"DNA,PERIPHERAL_BLOOD_CELLS,PLASMA,SERUM","temperature-60to-85,temperatureLN",,,,,,,,True,,,,,,directory_catalog,https://ejp-rd-vp.github.io/resource-metadata-schema/license/v1.0.txt,BBMRI-ERIC,English,Dermatopolymyositis - Polymyositis,,,2026-07-23 05:02:06.556069,2026-07-23 05:02:06.556069,
1389,bbmri-eric:ID:ES_BioNER-IIER:collection:Sindrome_CREST,Síndrome CR(E)ST,,Disease sample,https://www.isciii.es/QuienesSomos/CentrosPropios/IIER/Paginas/default.aspx,Madrid,ES,,,bbmri-eric:contactID:ES_Martinez_Delgado,bbmri-eric:contactID:ES_Martinez_Delgado,ES,False,,,bbmri-eric:ID:ES_BioNER-IIER,Rare Diseases National Biobank-Institute of Rare Diseases Research (Institute of Health Carlos III),bbmri-eric:networkID:ES_PISCIIIBB,,,RD,BIOLOGICAL_SAMPLES,1,44.0,rare_disease,,,,3.0,0.0,FEMALE,urn:miriam:icd:M34.1,,,YEAR,,"DNA,PERIPHERAL_BLOOD_CELLS,PLASMA,SERUM","temperature-60to-85,temperatureLN",,,,,,,,True,,,,,,directory_catalog,https://ejp-rd-vp.github.io/resource-metadata-schema/license/v1.0.txt,BBMRI-ERIC,English,Systemic sclerosis - CR(E)ST syndrome,,,2026-07-23 05:02:06.556069,2026-07-23 05:02:06.556069,
1391,bbmri-eric:ID:ES_BioNER-IIER:collection:Esclerodermia_sistemica,Esclerodermia sistémica,,Disease sample;Disease control,https://www.isciii.es/QuienesSomos/CentrosPropios/IIER/Paginas/default.aspx,Madrid,ES,,,bbmri-eric:contactID:ES_Martinez_Delgado,bbmri-eric:contactID:ES_Martinez_Delgado,ES,False,,,bbmri-eric:ID:ES_BioNER-IIER,Rare Diseases National Biobank-Institute of Rare Diseases Research (Institute of Health Carlos III),bbmri-eric:networkID:ES_PISCIIIBB,,,RD,BIOLOGICAL_SAMPLES,3,2059.0,rare_disease,,,,139.0,2.0,"MALE,FEMALE",urn:miriam:icd:M34,,,YEAR,,"DNA,PERIPHERAL_BLOOD_CELLS,OTHER,PLASMA,SALIVA,SERUM","temperature-60to-85,temperatureLN",,,,,,,,True,,,,,,directory_catalog,https://ejp-rd-vp.github.io/resource-metadata-schema/license/v1.0.txt,BBMRI-ERIC,English,Systemic sclerosis,,,2026-07-23 05:02:06.556069,2026-07-23 05:02:06.556069,
1393,bbmri-eric:ID:ES_BioNER-IIER:collection:Sindrome_de_Sjogren,Síndrome de Sjögren,,Disease sample,https://www.isciii.es/QuienesSomos/CentrosPropios/IIER/Paginas/default.aspx,Madrid,ES,,,bbmri-eric:contactID:ES_Martinez_Delgado,bbmri-eric:contactID:ES_Martinez_Delgado,ES,False,,,bbmri-eric:ID:ES_BioNER-IIER,Rare Diseases National Biobank-Institute of Rare Diseases Research (Institute of Health Carlos III),bbmri-eric:networkID:ES_PISCIIIBB,,,RD,BIOLOGICAL_SAMPLES,1,57.0,rare_disease,,,,3.0,0.0,FEMALE,urn:miriam:icd:M35.0,,,YEAR,,"DNA,PERIPHERAL_BLOOD_CELLS,OTHER,PLASMA,SERUM","temperature-60to-85,temperatureLN",,,,,,,,True,,,,,,directory_catalog,https://ejp-rd-vp.github.io/resource-metadata-schema/license/v1.0.txt,BBMRI-ERIC,English,Other systemic involvement of connective tissue - Sicca syndrome [Sjögren],,,2026-07-23 05:02:06.556069,2026-07-23 05:02:06.556069,
1394,bbmri-eric:ID:ES_BioNER-IIER:collection:Enfermedad_mixta_del_tejido_conectivo,Enfermedad mixta del tejido conectivo,,Disease sample,https://www.isciii.es/QuienesSomos/CentrosPropios/IIER/Paginas/default.aspx,Madrid,ES,,,bbmri-eric:contactID:ES_Martinez_Delgado,bbmri-eric:contactID:ES_Martinez_Delgado,ES,False,,,bbmri-eric:ID:ES_BioNER-IIER,Rare Diseases National Biobank-Institute of Rare Diseases Research (Institute of Health Carlos III),bbmri-eric:networkID:ES_PISCIIIBB,,,RD,BIOLOGICAL_SAMPLES,1,21.0,rare_disease,,,,1.0,0.0,MALE,urn:miriam:icd:M35.1,,,YEAR,,"DNA,PERIPHERAL_BLOOD_CELLS,PLASMA,SERUM","temperature-60to-85,temperatureLN",,,,,,,,True,,,,,,directory_catalog,https://ejp-rd-vp.github.io/resource-metadata-schema/license/v1.0.txt,BBMRI-ERIC,English,Other overlap syndromes,,,2026-07-23 05:02:06.556069,2026-07-23 05:02:06.556069,
1395,bbmri-eric:ID:ES_BioNER-IIER:collection:Enfermedad_de_Behcet,Enfermedad de Behçet,,Disease sample;Disease control,https://www.isciii.es/QuienesSomos/CentrosPropios/IIER/Paginas/default.aspx,Madrid,ES,,,bbmri-eric:contactID:ES_Martinez_Delgado,bbmri-eric:contactID:ES_Martinez_Delgado,ES,False,,,bbmri-eric:ID:ES_BioNER-IIER,Rare Diseases National Biobank-Institute of Rare Diseases Research (Institute of Health Carlos III),bbmri-eric:networkID:ES_PISCIIIBB,,,RD,BIOLOGICAL_SAMPLES,2,549.0,rare_disease,,,,28.0,1.0,"MALE,FEMALE,NAV",urn:miriam:icd:M35.2,,,YEAR,,"DNA,PERIPHERAL_BLOOD_CELLS,PLASMA,SALIVA,SERUM","temperature-60to-85,temperatureLN",,,,,,,,True,,,,,,directory_catalog,https://ejp-rd-vp.github.io/resource-metadata-schema/license/v1.0.txt,BBMRI-ERIC,English,Other systemic involvement of connective tissue - Behçet disease,,,2026-07-23 05:02:06.556069,2026-07-23 05:02:06.556069,
1397,bbmri-eric:ID:ES_IBSP-CV:collection:IBSP-046-SEP,SEPSIS,SEP,The identification of epigenetic alterations in a cohort of patients with community-based sepsis may contribute to clarifying the pathogenesis and prognosis of this entity.,https://fisabio.san.gva.es/es/apoyo-a-la-investigacion/plataformas-y-servicios-cientifico-tecnicos/biobancos/biobanco-ibsp-cv/,Valencia,ES,,,bbmri-eric:contactID:ES_Martinez_Santamaria,bbmri-eric:contactID:ES_Martinez_Santamaria,ES,False,,,bbmri-eric:ID:ES_IBSP-CV,Biobank for Biomedical Research and Public Health of the Valencian Community,bbmri-eric:networkID:ES_PISCIIIBB,,,DISEASE_SPECIFIC,"BIOLOGICAL_SAMPLES,MEDICAL_RECORDS",3,1224.0,,2024-08-16 00:00:00.000,,accredited,72.0,1.0,"FEMALE,MALE",,20.0,96.0,YEAR,,"DNA,BUFFY_COAT",temperature-60to-85,,,,,,,,True,,,,,,directory_catalog,https://ejp-rd-vp.github.io/resource-metadata-schema/license/v1.0.txt,BBMRI-ERIC,English,,,,2026-07-23 05:02:06.831702,2026-07-23 05:02:06.831702,
1398,bbmri-eric:ID:ES_IBSP-CV:collection:IBSP-063-STS,SOLID TUMORS,STS,The samples in the collection come from surplus diagnostic processes for all different types of Oncology,https://fisabio.san.gva.es/es/apoyo-a-la-investigacion/plataformas-y-servicios-cientifico-tecnicos/biobancos/biobanco-ibsp-cv/,Valencia,ES,,,bbmri-eric:contactID:ES_Martinez_Santamaria,bbmri-eric:contactID:ES_Martinez_Santamaria,ES,False,,,bbmri-eric:ID:ES_IBSP-CV,Biobank for Biomedical Research and Public Health of the Valencian Community,bbmri-eric:networkID:ES_PISCIIIBB,,,DISEASE_SPECIFIC,"BIOLOGICAL_SAMPLES,MEDICAL_RECORDS",2,985.0,paediatrics,2024-08-16 00:00:00.000,,accredited,945.0,2.0,"FEMALE,MALE",,16.0,94.0,YEAR,,"DNA,BUFFY_COAT",temperature-60to-85,,,,,,,,True,,,,,,directory_catalog,https://ejp-rd-vp.github.io/resource-metadata-schema/license/v1.0.txt,BBMRI-ERIC,English,,,,2026-07-23 05:02:06.831702,2026-07-23 05:02:06.831702,
1402,bbmri-eric:ID:ES_BioNER-IIER:collection:Enfermedad_de_Legg-Calve-Perthes,Enfermedad de Legg-Calvé-Perthes,,Disease sample,https://www.isciii.es/QuienesSomos/CentrosPropios/IIER/Paginas/default.aspx,Madrid,ES,,,bbmri-eric:contactID:ES_Martinez_Delgado,bbmri-eric:contactID:ES_Martinez_Delgado,ES,False,,,bbmri-eric:ID:ES_BioNER-IIER,Rare Diseases National Biobank-Institute of Rare Diseases Research (Institute of Health Carlos III),bbmri-eric:networkID:ES_PISCIIIBB,,,RD,BIOLOGICAL_SAMPLES,0,5.0,rare_disease,,,,1.0,0.0,MALE,urn:miriam:icd:M91.1,,,YEAR,,"DNA,SALIVA",temperature-60to-85,,,,,,,,True,,,,,,directory_catalog,https://ejp-rd-vp.github.io/resource-metadata-schema/license/v1.0.txt,BBMRI-ERIC,English,Juvenile osteochondrosis of hip and pelvis - Juvenile osteochondrosis of head of femur [Legg-Calvé-Perthes],,,2026-07-23 05:02:06.556069,2026-07-23 05:02:06.556069,
1403,bbmri-eric:ID:ES_IBSP-CV:collection:IBSP-109-BH,LIVER BIOPSY,BH,"The aim is to create and store a collection of serum, plasma and liver tissue samples from patients undergoing liver biopsy at the Arnau de Vilanova Hospital in Valencia.",https://fisabio.san.gva.es/es/apoyo-a-la-investigacion/plataformas-y-servicios-cientifico-tecnicos/biobancos/biobanco-ibsp-cv/,Valencia,ES,,,bbmri-eric:contactID:ES_Martinez_Santamaria,bbmri-eric:contactID:ES_Martinez_Santamaria,ES,False,,,bbmri-eric:ID:ES_IBSP-CV,Biobank for Biomedical Research and Public Health of the Valencian Community,bbmri-eric:networkID:ES_PISCIIIBB,,,DISEASE_SPECIFIC,"BIOLOGICAL_SAMPLES,MEDICAL_RECORDS",1,84.0,,2024-08-16 00:00:00.000,,accredited,44.0,1.0,"FEMALE,MALE",,24.0,79.0,YEAR,,"DNA,BUFFY_COAT",temperature-60to-85,,,,,,,,True,,,,,,directory_catalog,https://ejp-rd-vp.github.io/resource-metadata-schema/license/v1.0.txt,BBMRI-ERIC,English,,,,2026-07-23 05:02:07.214667,2026-07-23 05:02:07.214667,
1404,bbmri-eric:ID:ES_BioNER-IIER:collection:Sindrome_renal_del_cascanueces,Síndrome renal del cascanueces,,Disease sample,https://www.isciii.es/QuienesSomos/CentrosPropios/IIER/Paginas/default.aspx,Madrid,ES,,,bbmri-eric:contactID:ES_Martinez_Delgado,bbmri-eric:contactID:ES_Martinez_Delgado,ES,False,,,bbmri-eric:ID:ES_BioNER-IIER,Rare Diseases National Biobank-Institute of Rare Diseases Research (Institute of Health Carlos III),bbmri-eric:networkID:ES_PISCIIIBB,,,RD,BIOLOGICAL_SAMPLES,0,5.0,rare_disease,,,,1.0,0.0,FEMALE,urn:miriam:icd:N28.8,,,YEAR,,"DNA,SALIVA",temperature-60to-85,,,,,,,,True,,,,,,directory_catalog,https://ejp-rd-vp.github.io/resource-metadata-schema/license/v1.0.txt,BBMRI-ERIC,English,Other specified disorders of kidney and ureter,,,2026-07-23 05:02:05.920194,2026-07-23 05:02:05.920194,
1405,bbmri-eric:ID:ES_BioNER-IIER:collection:Policondritis_recidivante,Policondritis recidivante,,Disease sample,https://www.isciii.es/QuienesSomos/CentrosPropios/IIER/Paginas/default.aspx,Madrid,ES,,,bbmri-eric:contactID:ES_Martinez_Delgado,bbmri-eric:contactID:ES_Martinez_Delgado,ES,False,,,bbmri-eric:ID:ES_BioNER-IIER,Rare Diseases National Biobank-Institute of Rare Diseases Research (Institute of Health Carlos III),bbmri-eric:networkID:ES_PISCIIIBB,,,RD,BIOLOGICAL_SAMPLES,1,20.0,rare_disease,,,,1.0,0.0,MALE,urn:miriam:icd:M94.1,,,YEAR,,"DNA,PERIPHERAL_BLOOD_CELLS,PLASMA,SERUM","temperature-60to-85,temperatureLN",,,,,,,,True,,,,,,directory_catalog,https://ejp-rd-vp.github.io/resource-metadata-schema/license/v1.0.txt,BBMRI-ERIC,English,Other disorders of cartilage - Relapsing polychondritis,,,2026-07-23 05:02:06.556069,2026-07-23 05:02:06.556069,
1407,bbmri-eric:ID:ES_BioNER-IIER:collection:Cistitis_intersticial,Cistitis intersticial,,Disease sample,https://www.isciii.es/QuienesSomos/CentrosPropios/IIER/Paginas/default.aspx,Madrid,ES,,,bbmri-eric:contactID:ES_Martinez_Delgado,bbmri-eric:contactID:ES_Martinez_Delgado,ES,False,,,bbmri-eric:ID:ES_BioNER-IIER,Rare Diseases National Biobank-Institute of Rare Diseases Research (Institute of Health Carlos III),bbmri-eric:networkID:ES_PISCIIIBB,,,RD,BIOLOGICAL_SAMPLES,2,189.0,rare_disease,,,,9.0,0.0,FEMALE,urn:miriam:icd:N30.1,,,YEAR,,"DNA,PERIPHERAL_BLOOD_CELLS,PLASMA,SERUM","temperature-60to-85,temperatureLN",,,,,,,,True,,,,,,directory_catalog,https://ejp-rd-vp.github.io/resource-metadata-schema/license/v1.0.txt,BBMRI-ERIC,English,Interstitial cystitis (chronic),,,2026-07-23 05:02:06.556069,2026-07-23 05:02:06.556069,
1408,bbmri-eric:ID:ES_IBSP-CV:collection:IBSP-111-HEM,LYMPHOMAS HEMATOLOGY,HEM,"The objective of this collection is to create or store a collection of samples of serum, plasma (including plasma with appropriate processing for subsequent ctDNA extraction), and affected tissue (lymph node, bone marrow or other tissues infiltrated by lymphoma) in patients. diagnosed with lymphoma",https://fisabio.san.gva.es/es/apoyo-a-la-investigacion/plataformas-y-servicios-cientifico-tecnicos/biobancos/biobanco-ibsp-cv/,Valencia,ES,,,bbmri-eric:contactID:ES_Martinez_Santamaria,bbmri-eric:contactID:ES_Martinez_Santamaria,ES,False,,,bbmri-eric:ID:ES_IBSP-CV,Biobank for Biomedical Research and Public Health of the Valencian Community,bbmri-eric:networkID:ES_PISCIIIBB,,,DISEASE_SPECIFIC,"BIOLOGICAL_SAMPLES,MEDICAL_RECORDS",1,95.0,,2024-08-16 00:00:00.000,,accredited,46.0,1.0,"FEMALE,MALE",,18.0,87.0,YEAR,,"DNA,BUFFY_COAT",temperature-60to-85,,,,,,,,True,,,,,,directory_catalog,https://ejp-rd-vp.github.io/resource-metadata-schema/license/v1.0.txt,BBMRI-ERIC,English,,,,2026-07-23 05:02:07.214667,2026-07-23 05:02:07.214667,
1409,bbmri-eric:ID:ES_BioNER-IIER:collection:Sindrome_de_Hinman,Síndrome de Hinman,,Disease sample;Disease control,https://www.isciii.es/QuienesSomos/CentrosPropios/IIER/Paginas/default.aspx,Madrid,ES,,,bbmri-eric:contactID:ES_Martinez_Delgado,bbmri-eric:contactID:ES_Martinez_Delgado,ES,False,,,bbmri-eric:ID:ES_BioNER-IIER,Rare Diseases National Biobank-Institute of Rare Diseases Research (Institute of Health Carlos III),bbmri-eric:networkID:ES_PISCIIIBB,,,RD,BIOLOGICAL_SAMPLES,1,46.0,rare_disease,,,,3.0,0.0,"MALE,FEMALE",urn:miriam:icd:N32.8,,,YEAR,,"DNA,PERIPHERAL_BLOOD_CELLS,OTHER,PLASMA,SERUM","temperature-60to-85,temperatureLN",,,,,,,,True,,,,,,directory_catalog,https://ejp-rd-vp.github.io/resource-metadata-schema/license/v1.0.txt,BBMRI-ERIC,English,Other specified disorders of bladder,,,2026-07-23 05:02:06.556069,2026-07-23 05:02:06.556069,
1410,bbmri-eric:ID:ES_BioNER-IIER:collection:Diabetes_mellitus_neonatal,Diabetes mellitus neonatal,,Disease sample;Disease control,https://www.isciii.es/QuienesSomos/CentrosPropios/IIER/Paginas/default.aspx,Madrid,ES,,,bbmri-eric:contactID:ES_Martinez_Delgado,bbmri-eric:contactID:ES_Martinez_Delgado,ES,False,,,bbmri-eric:ID:ES_BioNER-IIER,Rare Diseases National Biobank-Institute of Rare Diseases Research (Institute of Health Carlos III),bbmri-eric:networkID:ES_PISCIIIBB,,,RD,BIOLOGICAL_SAMPLES,0,5.0,rare_disease,,,,5.0,0.0,"MALE,FEMALE",urn:miriam:icd:P70.2,,,YEAR,,DNA,temperature-60to-85,,,,,,,,True,,,,,,directory_catalog,https://ejp-rd-vp.github.io/resource-metadata-schema/license/v1.0.txt,BBMRI-ERIC,English,Transitory disorders of carbohydrate metabolism specific to fetus and newborn - Neonatal diabetes mellitus,,,2026-07-23 05:02:06.556069,2026-07-23 05:02:06.556069,
1412,bbmri-eric:ID:ES_BioNER-IIER:collection:LISENCEFALIA_3_TUBA1A,LISENCEFALIA 3 TUBA1A,,Disease sample;Disease control,https://www.isciii.es/QuienesSomos/CentrosPropios/IIER/Paginas/default.aspx,Madrid,ES,,,bbmri-eric:contactID:ES_Martinez_Delgado,bbmri-eric:contactID:ES_Martinez_Delgado,ES,False,,,bbmri-eric:ID:ES_BioNER-IIER,Rare Diseases National Biobank-Institute of Rare Diseases Research (Institute of Health Carlos III),bbmri-eric:networkID:ES_PISCIIIBB,,,RD,BIOLOGICAL_SAMPLES,1,50.0,rare_disease,,,,3.0,0.0,"MALE,FEMALE",urn:miriam:icd:Q04,,,YEAR,,"DNA,PERIPHERAL_BLOOD_CELLS,OTHER,BUFFY_COAT,PLASMA,SERUM","temperature-60to-85,temperatureLN",,,,,,,,True,,,,,,directory_catalog,https://ejp-rd-vp.github.io/resource-metadata-schema/license/v1.0.txt,BBMRI-ERIC,English,Other congenital malformations of brain,,,2026-07-23 05:02:06.556069,2026-07-23 05:02:06.556069,
1413,bbmri-eric:ID:ES_IBSP-CV:collection:IBSP-113-EII,INFLAMMATORY BOWEL DISEASE,EII,"The aim is to create and store a collection of serum, plasma and intestinal tissue samples from patients diagnosed with IBD at the Arnau de Vilanova Hospital in Valencia.",https://fisabio.san.gva.es/es/apoyo-a-la-investigacion/plataformas-y-servicios-cientifico-tecnicos/biobancos/biobanco-ibsp-cv/,Valencia,ES,,,bbmri-eric:contactID:ES_Martinez_Santamaria,bbmri-eric:contactID:ES_Martinez_Santamaria,ES,False,,,bbmri-eric:ID:ES_IBSP-CV,Biobank for Biomedical Research and Public Health of the Valencian Community,bbmri-eric:networkID:ES_PISCIIIBB,,,DISEASE_SPECIFIC,"BIOLOGICAL_SAMPLES,MEDICAL_RECORDS",1,14.0,,2024-08-16 00:00:00.000,,accredited,7.0,0.0,"FEMALE,MALE",,19.0,68.0,YEAR,,"DNA,BUFFY_COAT",temperature-60to-85,,,,,,,,True,,,,,,directory_catalog,https://ejp-rd-vp.github.io/resource-metadata-schema/license/v1.0.txt,BBMRI-ERIC,English,,,,2026-07-23 05:02:07.214667,2026-07-23 05:02:07.214667,
1414,bbmri-eric:ID:ES_BioNER-IIER:collection:Polimicrogiria_generalizada_bilateral,Polimicrogiria generalizada bilateral,,Disease sample;Disease control,https://www.isciii.es/QuienesSomos/CentrosPropios/IIER/Paginas/default.aspx,Madrid,ES,,,bbmri-eric:contactID:ES_Martinez_Delgado,bbmri-eric:contactID:ES_Martinez_Delgado,ES,False,,,bbmri-eric:ID:ES_BioNER-IIER,Rare Diseases National Biobank-Institute of Rare Diseases Research (Institute of Health Carlos III),bbmri-eric:networkID:ES_PISCIIIBB,,,RD,BIOLOGICAL_SAMPLES,1,76.0,rare_disease,,,,4.0,0.0,"MALE,FEMALE",urn:miriam:icd:Q04,,,YEAR,,"DNA,PERIPHERAL_BLOOD_CELLS,OTHER,BUFFY_COAT,PLASMA,SERUM","temperature-60to-85,temperatureLN",,,,,,,,True,,,,,,directory_catalog,https://ejp-rd-vp.github.io/resource-metadata-schema/license/v1.0.txt,BBMRI-ERIC,English,Other congenital malformations of brain,,,2026-07-23 05:02:06.556069,2026-07-23 05:02:06.556069,
1415,bbmri-eric:ID:ES_BioNER-IIER:collection:Hipoplasia_pontocerebelosa_tipo_2D_PCH2D,"Hipoplasia pontocerebelosa tipo 2D, PCH2D",,Disease sample;Disease control,https://www.isciii.es/QuienesSomos/CentrosPropios/IIER/Paginas/default.aspx,Madrid,ES,,,bbmri-eric:contactID:ES_Martinez_Delgado,bbmri-eric:contactID:ES_Martinez_Delgado,ES,False,,,bbmri-eric:ID:ES_BioNER-IIER,Rare Diseases National Biobank-Institute of Rare Diseases Research (Institute of Health Carlos III),bbmri-eric:networkID:ES_PISCIIIBB,,,RD,BIOLOGICAL_SAMPLES,1,35.0,rare_disease,,,,3.0,0.0,"MALE,FEMALE",urn:miriam:icd:Q04,,,YEAR,,"DNA,PERIPHERAL_BLOOD_CELLS,OTHER,PLASMA,SERUM","temperature-60to-85,temperatureLN",,,,,,,,True,,,,,,directory_catalog,https://ejp-rd-vp.github.io/resource-metadata-schema/license/v1.0.txt,BBMRI-ERIC,English,Other congenital malformations of brain,,,2026-07-23 05:02:06.556069,2026-07-23 05:02:06.556069,
1416,bbmri-eric:ID:ES_BioNER-IIER:collection:Sindrome_de_activacion_mastocitaria_no_clonal,Síndrome de activación mastocitaria no clonal,,Disease sample;Disease control,https://www.isciii.es/QuienesSomos/CentrosPropios/IIER/Paginas/default.aspx,Madrid,ES,,,bbmri-eric:contactID:ES_Martinez_Delgado,bbmri-eric:contactID:ES_Martinez_Delgado,ES,False,,,bbmri-eric:ID:ES_BioNER-IIER,Rare Diseases National Biobank-Institute of Rare Diseases Research (Institute of Health Carlos III),bbmri-eric:networkID:ES_PISCIIIBB,,,RD,BIOLOGICAL_SAMPLES,1,26.0,rare_disease,,,,2.0,0.0,"MALE,FEMALE",urn:miriam:icd:Q82.2,,,YEAR,,"DNA,PERIPHERAL_BLOOD_CELLS,OTHER,BUFFY_COAT,PLASMA,SERUM","temperature-60to-85,temperatureLN",,,,,,,,True,,,,,,directory_catalog,https://ejp-rd-vp.github.io/resource-metadata-schema/license/v1.0.txt,BBMRI-ERIC,English,Other congenital malformations of skin - Mastocytosis,,,2026-07-23 05:02:06.831702,2026-07-23 05:02:06.831702,
1420,bbmri-eric:ID:ES_IDIBELL:collection:MAMA,Breast Cancer Collection,MAMA,Serum samples from breast cancer patients.,https://idibell.cat/en/services/scientific-and-technical-services/biobank/,Barcelona,ES,,,bbmri-eric:contactID:ES_Climent_Esteller,bbmri-eric:contactID:ES_Climent_Esteller,ES,False,,,bbmri-eric:ID:ES_IDIBELL,HUB-ICO-IDIBELL Biobank,bbmri-eric:networkID:ES_PISCIIIBB,,,"SAMPLE,HOSPITAL,DISEASE_SPECIFIC",BIOLOGICAL_SAMPLES,4,13000.0,,2026-05-28 00:00:00.000,,accredited,2100.0,4.0,"MALE,FEMALE",,18.0,99.0,YEAR,,"PLASMA,SERUM,BUFFY_COAT",temperature-60to-85,,,,,,,,True,,,,,"sample_processing_sop,sample_storage_sop",directory_catalog,https://ejp-rd-vp.github.io/resource-metadata-schema/license/v1.0.txt,BBMRI-ERIC,English,,,,2026-07-23 05:02:07.214667,2026-07-23 05:02:07.214667,
1422,bbmri-eric:ID:ES_IBSP-CV:collection:IBSP-072-ORL,Microbiota-ORL,ORL,"The oral microbiota can serve as a diagnostic indicator of oral Oncology. Salivary bacteria appear to be significantly associated with oral cavity squamous cell carcinoma. Moreover, recent studies have observed that an imbalance in the pharyngeal microbiota profile may increase the risk of head and neck Oncology, whether or not related to the patient's smoking history. This demonstrates the variability between the microbiota and flora of a healthy control sample and that of an oncology patient sample.",https://fisabio.san.gva.es/es/apoyo-a-la-investigacion/plataformas-y-servicios-cientifico-tecnicos/biobancos/biobanco-ibsp-cv/,Valencia,ES,,,bbmri-eric:contactID:ES_Martinez_Santamaria,bbmri-eric:contactID:ES_Martinez_Santamaria,ES,False,,,bbmri-eric:ID:ES_IBSP-CV,Biobank for Biomedical Research and Public Health of the Valencian Community,bbmri-eric:networkID:ES_PISCIIIBB,,,DISEASE_SPECIFIC,"BIOLOGICAL_SAMPLES,MEDICAL_RECORDS",0,6.0,,2024-08-16 00:00:00.000,,accredited,6.0,0.0,"FEMALE,MALE",,50.0,85.0,YEAR,,"DNA,BUFFY_COAT",temperature-60to-85,,,,,,,,True,,,,,,directory_catalog,https://ejp-rd-vp.github.io/resource-metadata-schema/license/v1.0.txt,BBMRI-ERIC,English,,,,2026-07-23 05:02:06.831702,2026-07-23 05:02:06.831702,
1423,bbmri-eric:ID:ES_IDIBELL:collection:ELA,Amyotrophic Lateral Sclerosis Collection,ELA,Biological fluid samples from ALS patients and healthy donors.,https://idibell.cat/en/services/scientific-and-technical-services/biobank/,Barcelona,ES,,,bbmri-eric:contactID:ES_Climent_Esteller,bbmri-eric:contactID:ES_Climent_Esteller,ES,False,,,bbmri-eric:ID:ES_IDIBELL,HUB-ICO-IDIBELL Biobank,bbmri-eric:networkID:ES_PISCIIIBB,,,"SAMPLE,RD,CASE_CONTROL,HOSPITAL,LONGITUDINAL,OTHER",BIOLOGICAL_SAMPLES,4,32105.0,"rare_disease,population",2026-05-28 00:00:00.000,,accredited,1306.0,3.0,"MALE,FEMALE",,18.0,99.0,YEAR,,"OTHER,DNA,PLASMA,SERUM,BUFFY_COAT",temperature-60to-85,,,,,,,,True,,,,,"sample_processing_sop,sample_storage_sop",directory_catalog,https://ejp-rd-vp.github.io/resource-metadata-schema/license/v1.0.txt,BBMRI-ERIC,English,,,,2026-07-23 05:02:07.214667,2026-07-23 05:02:07.214667,
1429,bbmri-eric:ID:ES_BioNER-IIER:collection:Aniridia,Aniridia,,Disease sample;Disease control,https://www.isciii.es/QuienesSomos/CentrosPropios/IIER/Paginas/default.aspx,Madrid,ES,,,bbmri-eric:contactID:ES_Martinez_Delgado,bbmri-eric:contactID:ES_Martinez_Delgado,ES,False,,,bbmri-eric:ID:ES_BioNER-IIER,Rare Diseases National Biobank-Institute of Rare Diseases Research (Institute of Health Carlos III),bbmri-eric:networkID:ES_PISCIIIBB,,,RD,BIOLOGICAL_SAMPLES,2,325.0,rare_disease,,,,16.0,1.0,"MALE,FEMALE",urn:miriam:icd:Q13.1,,,YEAR,,"DNA,PERIPHERAL_BLOOD_CELLS,PLASMA,SERUM","temperature-60to-85,temperatureLN",,,,,,,,True,,,,,,directory_catalog,https://ejp-rd-vp.github.io/resource-metadata-schema/license/v1.0.txt,BBMRI-ERIC,English,Absence of iris,,,2026-07-23 05:02:06.556069,2026-07-23 05:02:06.556069,
1431,bbmri-eric:ID:ES_BioNER-IIER:collection:Comunicacion_interauricular,Comunicación interauricular,,Disease sample,https://www.isciii.es/QuienesSomos/CentrosPropios/IIER/Paginas/default.aspx,Madrid,ES,,,bbmri-eric:contactID:ES_Martinez_Delgado,bbmri-eric:contactID:ES_Martinez_Delgado,ES,False,,,bbmri-eric:ID:ES_BioNER-IIER,Rare Diseases National Biobank-Institute of Rare Diseases Research (Institute of Health Carlos III),bbmri-eric:networkID:ES_PISCIIIBB,,,RD,BIOLOGICAL_SAMPLES,0,5.0,rare_disease,,,,1.0,0.0,FEMALE,urn:miriam:icd:Q21.1,,,YEAR,,"DNA,SALIVA",temperature-60to-85,,,,,,,,True,,,,,,directory_catalog,https://ejp-rd-vp.github.io/resource-metadata-schema/license/v1.0.txt,BBMRI-ERIC,English,Atrial septal defect,,,2026-07-23 05:02:06.556069,2026-07-23 05:02:06.556069,
1435,bbmri-eric:ID:ES_BioNER-IIER:collection:Fistula_arteriovenosa_dural_craneal,Fístula arteriovenosa dural craneal,,Disease sample,https://www.isciii.es/QuienesSomos/CentrosPropios/IIER/Paginas/default.aspx,Madrid,ES,,,bbmri-eric:contactID:ES_Martinez_Delgado,bbmri-eric:contactID:ES_Martinez_Delgado,ES,False,,,bbmri-eric:ID:ES_BioNER-IIER,Rare Diseases National Biobank-Institute of Rare Diseases Research (Institute of Health Carlos III),bbmri-eric:networkID:ES_PISCIIIBB,,,RD,BIOLOGICAL_SAMPLES,1,21.0,rare_disease,,,,1.0,0.0,MALE,urn:miriam:icd:Q28.2,,,YEAR,,"DNA,PERIPHERAL_BLOOD_CELLS,PLASMA,SERUM","temperature-60to-85,temperatureLN",,,,,,,,True,,,,,,directory_catalog,https://ejp-rd-vp.github.io/resource-metadata-schema/license/v1.0.txt,BBMRI-ERIC,English,Arteriovenous malformation of cerebral vessels,,,2026-07-23 05:02:06.556069,2026-07-23 05:02:06.556069,
1439,bbmri-eric:ID:ES_BioNER-IIER:collection:Pulmon_esofagico,Pulmón esofágico,,Disease sample,https://www.isciii.es/QuienesSomos/CentrosPropios/IIER/Paginas/default.aspx,Madrid,ES,,,bbmri-eric:contactID:ES_Martinez_Delgado,bbmri-eric:contactID:ES_Martinez_Delgado,ES,False,,,bbmri-eric:ID:ES_BioNER-IIER,Rare Diseases National Biobank-Institute of Rare Diseases Research (Institute of Health Carlos III),bbmri-eric:networkID:ES_PISCIIIBB,,,RD,BIOLOGICAL_SAMPLES,0,4.0,rare_disease,,,,1.0,0.0,FEMALE,urn:miriam:icd:Q33.8,,,YEAR,,"DNA,SALIVA",temperature-60to-85,,,,,,,,True,,,,,,directory_catalog,https://ejp-rd-vp.github.io/resource-metadata-schema/license/v1.0.txt,BBMRI-ERIC,English,Other congenital malformations of lung,,,2026-07-23 05:02:06.556069,2026-07-23 05:02:06.556069,
1441,bbmri-eric:ID:ES_BioNER-IIER:collection:Atresia_biliar,Atresia biliar,,Disease sample;Disease control,https://www.isciii.es/QuienesSomos/CentrosPropios/IIER/Paginas/default.aspx,Madrid,ES,,,bbmri-eric:contactID:ES_Martinez_Delgado,bbmri-eric:contactID:ES_Martinez_Delgado,ES,False,,,bbmri-eric:ID:ES_BioNER-IIER,Rare Diseases National Biobank-Institute of Rare Diseases Research (Institute of Health Carlos III),bbmri-eric:networkID:ES_PISCIIIBB,,,RD,BIOLOGICAL_SAMPLES,1,45.0,rare_disease,,,,3.0,0.0,"MALE,FEMALE",urn:miriam:icd:Q44.2,,,YEAR,,"DNA,PERIPHERAL_BLOOD_CELLS,PLASMA,SERUM","temperature-60to-85,temperatureLN",,,,,,,,True,,,,,,directory_catalog,https://ejp-rd-vp.github.io/resource-metadata-schema/license/v1.0.txt,BBMRI-ERIC,English,Atresia of bile ducts,,,2026-07-23 05:02:06.556069,2026-07-23 05:02:06.556069,
1442,bbmri-eric:ID:ES_IDIBELL:collection:TRRN,Renal Transplant Collection,TRRN,Serum and cryopreserved lymphocytes from kidney transplant donors and recipients.,https://idibell.cat/en/services/scientific-and-technical-services/biobank/,Barcelona,ES,,,bbmri-eric:contactID:ES_Climent_Esteller,bbmri-eric:contactID:ES_Climent_Esteller,ES,False,,,bbmri-eric:ID:ES_IDIBELL,HUB-ICO-IDIBELL Biobank,bbmri-eric:networkID:ES_PISCIIIBB,,,"SAMPLE,CASE_CONTROL,HOSPITAL",BIOLOGICAL_SAMPLES,3,2543.0,population,2026-05-28 00:00:00.000,,accredited,285.0,2.0,"MALE,FEMALE",,18.0,99.0,YEAR,,"PERIPHERAL_BLOOD_CELLS,SERUM,PLASMA","temperature-60to-85,temperatureLN",,,,,,,,True,,,,,"sample_processing_sop,sample_storage_sop",directory_catalog,https://ejp-rd-vp.github.io/resource-metadata-schema/license/v1.0.txt,BBMRI-ERIC,English,,,,2026-07-23 05:02:07.214667,2026-07-23 05:02:07.214667,
1446,bbmri-eric:ID:ES_BioNER-IIER:collection:Extrofia_cloacal,Extrofia cloacal,,Disease sample,https://www.isciii.es/QuienesSomos/CentrosPropios/IIER/Paginas/default.aspx,Madrid,ES,,,bbmri-eric:contactID:ES_Martinez_Delgado,bbmri-eric:contactID:ES_Martinez_Delgado,ES,False,,,bbmri-eric:ID:ES_BioNER-IIER,Rare Diseases National Biobank-Institute of Rare Diseases Research (Institute of Health Carlos III),bbmri-eric:networkID:ES_PISCIIIBB,,,RD,BIOLOGICAL_SAMPLES,1,15.0,rare_disease,,,,1.0,0.0,FEMALE,urn:miriam:icd:Q45.8,,,YEAR,,"DNA,PERIPHERAL_BLOOD_CELLS,PLASMA,SERUM","temperature-60to-85,temperatureLN",,,,,,,,True,,,,,,directory_catalog,https://ejp-rd-vp.github.io/resource-metadata-schema/license/v1.0.txt,BBMRI-ERIC,English,Other specified congenital malformations of digestive system,,,2026-07-23 05:02:06.556069,2026-07-23 05:02:06.556069,
1448,bbmri-eric:ID:ES_IBSP-CV:collection:IBSP-101-NEU,SANALZ,NEU,The general objective of this project is the validation (and subsequent evolution) of a diagnostic fingerprint of proteins in blood samples of Alzheimer's disease (AD),https://fisabio.san.gva.es/es/apoyo-a-la-investigacion/plataformas-y-servicios-cientifico-tecnicos/biobancos/biobanco-ibsp-cv/,Valencia,ES,,,bbmri-eric:contactID:ES_Martinez_Santamaria,bbmri-eric:contactID:ES_Martinez_Santamaria,ES,False,,,bbmri-eric:ID:ES_IBSP-CV,Biobank for Biomedical Research and Public Health of the Valencian Community,bbmri-eric:networkID:ES_PISCIIIBB,,,DISEASE_SPECIFIC,"BIOLOGICAL_SAMPLES,MEDICAL_RECORDS,SURVEY_DATA",2,113.0,,2024-08-16 00:00:00.000,,accredited,75.0,1.0,"FEMALE,MALE",,33.0,83.0,YEAR,,"DNA,BUFFY_COAT",temperature-60to-85,,,,,,,,True,,,,,,directory_catalog,https://ejp-rd-vp.github.io/resource-metadata-schema/license/v1.0.txt,BBMRI-ERIC,English,,,,2026-07-23 05:02:06.831702,2026-07-23 05:02:06.831702,
1451,bbmri-eric:ID:ES_BioNER-IIER:collection:Sindrome_de_Sprengel,Síndrome de Sprengel,,Disease sample;Disease control,https://www.isciii.es/QuienesSomos/CentrosPropios/IIER/Paginas/default.aspx,Madrid,ES,,,bbmri-eric:contactID:ES_Martinez_Delgado,bbmri-eric:contactID:ES_Martinez_Delgado,ES,False,,,bbmri-eric:ID:ES_BioNER-IIER,Rare Diseases National Biobank-Institute of Rare Diseases Research (Institute of Health Carlos III),bbmri-eric:networkID:ES_PISCIIIBB,,,RD,BIOLOGICAL_SAMPLES,1,10.0,rare_disease,,,,2.0,0.0,"MALE,FEMALE",urn:miriam:icd:Q74.0,,,YEAR,,"DNA,SALIVA",temperature-60to-85,,,,,,,,True,,,,,,directory_catalog,https://ejp-rd-vp.github.io/resource-metadata-schema/license/v1.0.txt,BBMRI-ERIC,English,"Other congenital malformations of upper limb(s),including shoulder girdle",,,2026-07-23 05:02:06.556069,2026-07-23 05:02:06.556069,
1457,bbmri-eric:ID:ES_BioNER-IIER:collection:Quiste_de_Tarlov,Quiste de Tarlov,,Disease sample,https://www.isciii.es/QuienesSomos/CentrosPropios/IIER/Paginas/default.aspx,Madrid,ES,,,bbmri-eric:contactID:ES_Martinez_Delgado,bbmri-eric:contactID:ES_Martinez_Delgado,ES,False,,,bbmri-eric:ID:ES_BioNER-IIER,Rare Diseases National Biobank-Institute of Rare Diseases Research (Institute of Health Carlos III),bbmri-eric:networkID:ES_PISCIIIBB,,,RD,BIOLOGICAL_SAMPLES,0,9.0,"nervous_system,rare_disease",,,,2.0,0.0,FEMALE,urn:miriam:icd:G58.9,,,YEAR,,"DNA,SALIVA",temperature-60to-85,,,,,,,,True,,,,,,directory_catalog,https://ejp-rd-vp.github.io/resource-metadata-schema/license/v1.0.txt,BBMRI-ERIC,English,"Other mononeuropathies - Mononeuropathy,unspecified",,,2026-07-23 05:02:06.175575,2026-07-23 05:02:06.175575,
1463,bbmri-eric:ID:ES_ISABIAL:collection:C_111,Female Fertility,,Samples from patients undergoing assisted reproductive treatments,https://isabial.es/plataforma/biobanco/,Alicante,ES,,,bbmri-eric:contactID:ES_Alenda_Gonzalez,bbmri-eric:contactID:ES_Alenda_Gonzalez,ES,False,,,bbmri-eric:ID:ES_ISABIAL,Biobank of Alicante Institute for Health and Biomedical Research,bbmri-eric:networkID:ES_PISCIIIBB,,,COHORT,"BIOLOGICAL_SAMPLES,CLINICAL_SYMPTOMS,DiseaseDuration,SURVEY_DATA,TREATMENT_PROTOCOL",1,,,2025-12-31 00:00:00.000,,accredited,,,,,,,,,"PLASMA,BUFFY_COAT,DNA",temperature-60to-85,,,,,,,,True,,,,,"sample_processing_sop,sample_transport_sop,sample_storage_sop",directory_catalog,https://ejp-rd-vp.github.io/resource-metadata-schema/license/v1.0.txt,BBMRI-ERIC,English,,,,2026-07-23 05:02:05.920194,2026-07-23 05:02:05.920194,
1464,bbmri-eric:ID:ES_BioNER-IIER:collection:Macrocefalia,Macrocefalia,,Disease sample;Disease control,https://www.isciii.es/QuienesSomos/CentrosPropios/IIER/Paginas/default.aspx,Madrid,ES,,,bbmri-eric:contactID:ES_Martinez_Delgado,bbmri-eric:contactID:ES_Martinez_Delgado,ES,False,,,bbmri-eric:ID:ES_BioNER-IIER,Rare Diseases National Biobank-Institute of Rare Diseases Research (Institute of Health Carlos III),bbmri-eric:networkID:ES_PISCIIIBB,,,RD,BIOLOGICAL_SAMPLES,1,40.0,rare_disease,,,,3.0,0.0,"MALE,FEMALE",urn:miriam:icd:Q75.3,,,YEAR,,"DNA,PERIPHERAL_BLOOD_CELLS,OTHER,BUFFY_COAT,PLASMA,SERUM","temperature-60to-85,temperatureLN",,,,,,,,True,,,,,,directory_catalog,https://ejp-rd-vp.github.io/resource-metadata-schema/license/v1.0.txt,BBMRI-ERIC,English,Other congenital malformations of skull and face bones - Macrocephaly,,,2026-07-23 05:02:06.556069,2026-07-23 05:02:06.556069,
1467,bbmri-eric:ID:ES_BioNER-IIER:collection:Sindrome_de_Treacher-Collins,Síndrome de Treacher-Collins,,Disease sample,https://www.isciii.es/QuienesSomos/CentrosPropios/IIER/Paginas/default.aspx,Madrid,ES,,,bbmri-eric:contactID:ES_Martinez_Delgado,bbmri-eric:contactID:ES_Martinez_Delgado,ES,False,,,bbmri-eric:ID:ES_BioNER-IIER,Rare Diseases National Biobank-Institute of Rare Diseases Research (Institute of Health Carlos III),bbmri-eric:networkID:ES_PISCIIIBB,,,RD,BIOLOGICAL_SAMPLES,1,83.0,rare_disease,,,,6.0,0.0,"MALE,FEMALE",urn:miriam:icd:Q75.4,,,YEAR,,"DNA,PERIPHERAL_BLOOD_CELLS,PLASMA,SERUM","temperature-60to-85,temperatureLN",,,,,,,,True,,,,,,directory_catalog,https://ejp-rd-vp.github.io/resource-metadata-schema/license/v1.0.txt,BBMRI-ERIC,English,Mandibulofacial dysostosis,,,2026-07-23 05:02:06.556069,2026-07-23 05:02:06.556069,
1469,bbmri-eric:ID:ES_BioNER-IIER:collection:Acondroplasia,Acondroplasia,,Disease sample,https://www.isciii.es/QuienesSomos/CentrosPropios/IIER/Paginas/default.aspx,Madrid,ES,,,bbmri-eric:contactID:ES_Martinez_Delgado,bbmri-eric:contactID:ES_Martinez_Delgado,ES,False,,,bbmri-eric:ID:ES_BioNER-IIER,Rare Diseases National Biobank-Institute of Rare Diseases Research (Institute of Health Carlos III),bbmri-eric:networkID:ES_PISCIIIBB,,,RD,BIOLOGICAL_SAMPLES,1,42.0,rare_disease,,,,2.0,0.0,FEMALE,urn:miriam:icd:Q77.4,,,YEAR,,"DNA,PERIPHERAL_BLOOD_CELLS,PLASMA,SERUM","temperature-60to-85,temperatureLN",,,,,,,,True,,,,,,directory_catalog,https://ejp-rd-vp.github.io/resource-metadata-schema/license/v1.0.txt,BBMRI-ERIC,English,Osteochondrodysplasia with defects of growth of tubular bones and spine - Achondroplasia,,,2026-07-23 05:02:06.556069,2026-07-23 05:02:06.556069,
1476,bbmri-eric:ID:ES_IBSAL:collection:ReferencePopulation_Controls,Control samples/healthy donors,,Spanish reference population samples representative of all regions,https://www.bancoadn.org/biobancos-y-biomodelos,Salamanca,ES,,,bbmri-eric:contactID:ES_Garcia_Montero,bbmri-eric:contactID:ES_Garcia_Montero,ES,False,,,bbmri-eric:ID:ES_IBSAL,Instituto de Investigación Biomédica de Salamanca,bbmri-eric:networkID:ES_PISCIIIBB,,,POPULATION_BASED,"BIOLOGICAL_SAMPLES,GENEALOGICAL_RECORDS,OTHER",3,,population,2025-12-10 00:00:00.000,,accredited,3828.0,3.0,"FEMALE,MALE",urn:miriam:icd:Z00,18.0,73.0,YEAR,,"DNA,PLASMA,PERIPHERAL_BLOOD_CELLS","temperature-60to-85,temperatureLN",,,,,,,,True,,,,,,directory_catalog,https://ejp-rd-vp.github.io/resource-metadata-schema/license/v1.0.txt,BBMRI-ERIC,English,General examination and investigation of persons without complaint and reported diagnosis,,,2026-07-23 05:02:07.214667,2026-07-23 05:02:07.214667,
1480,bbmri-eric:ID:ES_BioNER-IIER:collection:Osteogenesis_imperfecta_tipo_3,Osteogénesis imperfecta tipo 3,,Disease sample,https://www.isciii.es/QuienesSomos/CentrosPropios/IIER/Paginas/default.aspx,Madrid,ES,,,bbmri-eric:contactID:ES_Martinez_Delgado,bbmri-eric:contactID:ES_Martinez_Delgado,ES,False,,,bbmri-eric:ID:ES_BioNER-IIER,Rare Diseases National Biobank-Institute of Rare Diseases Research (Institute of Health Carlos III),bbmri-eric:networkID:ES_PISCIIIBB,,,RD,BIOLOGICAL_SAMPLES,0,8.0,rare_disease,,,,1.0,0.0,FEMALE,urn:miriam:icd:Q78.0,,,YEAR,,"PERIPHERAL_BLOOD_CELLS,PLASMA,SERUM","temperature-60to-85,temperatureLN",,,,,,,,True,,,,,,directory_catalog,https://ejp-rd-vp.github.io/resource-metadata-schema/license/v1.0.txt,BBMRI-ERIC,English,Other osteochondrodysplasias - Osteogenesis imperfecta,,,2026-07-23 05:02:06.556069,2026-07-23 05:02:06.556069,
1483,bbmri-eric:ID:ES_IBSAL:collection:IberianPopulation_1000GenomeProject,Iberian population- 1000 Genome Project,,Iberian family reference samples (son/daugther+mother+father)  included in 1000 Genomes Project,https://www.bancoadn.org/biobancos-y-biomodelos,Salamanca,ES,,,bbmri-eric:contactID:ES_Garcia_Montero,bbmri-eric:contactID:ES_Garcia_Montero,ES,False,,,bbmri-eric:ID:ES_IBSAL,Instituto de Investigación Biomédica de Salamanca,bbmri-eric:networkID:ES_PISCIIIBB,,,OTHER,"BIOLOGICAL_SAMPLES,GENEALOGICAL_RECORDS,OTHER",2,,population,2025-12-10 00:00:00.000,,accredited,188.0,2.0,"FEMALE,MALE",urn:miriam:icd:Z00,18.0,85.0,YEAR,,"DNA,PLASMA",temperature-60to-85,,,,,,,,True,,,,,,directory_catalog,https://ejp-rd-vp.github.io/resource-metadata-schema/license/v1.0.txt,BBMRI-ERIC,English,General examination and investigation of persons without complaint and reported diagnosis,,,2026-07-23 05:02:07.214667,2026-07-23 05:02:07.214667,
1485,bbmri-eric:ID:ES_BioNER-IIER:collection:Osteogenesis_imperfecta,Osteogénesis imperfecta,,Disease sample,https://www.isciii.es/QuienesSomos/CentrosPropios/IIER/Paginas/default.aspx,Madrid,ES,,,bbmri-eric:contactID:ES_Martinez_Delgado,bbmri-eric:contactID:ES_Martinez_Delgado,ES,False,,,bbmri-eric:ID:ES_BioNER-IIER,Rare Diseases National Biobank-Institute of Rare Diseases Research (Institute of Health Carlos III),bbmri-eric:networkID:ES_PISCIIIBB,,,RD,BIOLOGICAL_SAMPLES,2,139.0,rare_disease,,,,7.0,0.0,"MALE,FEMALE",urn:miriam:icd:Q78.0,,,YEAR,,"DNA,PERIPHERAL_BLOOD_CELLS,PLASMA,SERUM","temperature-60to-85,temperatureLN",,,,,,,,True,,,,,,directory_catalog,https://ejp-rd-vp.github.io/resource-metadata-schema/license/v1.0.txt,BBMRI-ERIC,English,Other osteochondrodysplasias - Osteogenesis imperfecta,,,2026-07-23 05:02:06.556069,2026-07-23 05:02:06.556069,
1487,bbmri-eric:ID:ES_BioNER-IIER:collection:Sindrome_de_Ehlers-Danlos_tipo_hipermovil,Síndrome de Ehlers-Danlos tipo hipermóvil,,Disease sample,https://www.isciii.es/QuienesSomos/CentrosPropios/IIER/Paginas/default.aspx,Madrid,ES,,,bbmri-eric:contactID:ES_Martinez_Delgado,bbmri-eric:contactID:ES_Martinez_Delgado,ES,False,,,bbmri-eric:ID:ES_BioNER-IIER,Rare Diseases National Biobank-Institute of Rare Diseases Research (Institute of Health Carlos III),bbmri-eric:networkID:ES_PISCIIIBB,,,RD,BIOLOGICAL_SAMPLES,1,17.0,rare_disease,,,,2.0,0.0,FEMALE,urn:miriam:icd:Q79.6,,,YEAR,,"DNA,PERIPHERAL_BLOOD_CELLS,PLASMA,SALIVA,SERUM","temperature-60to-85,temperatureLN",,,,,,,,True,,,,,,directory_catalog,https://ejp-rd-vp.github.io/resource-metadata-schema/license/v1.0.txt,BBMRI-ERIC,English,"Congenital malformations of the musculoskeletal system,not elsewhere classified - Ehlers-Danlos syndrome",,,2026-07-23 05:02:06.556069,2026-07-23 05:02:06.556069,
1490,bbmri-eric:ID:ES_BioNER-IIER:collection:Sindrome_de_Poland,Síndrome de Poland,,Disease sample,https://www.isciii.es/QuienesSomos/CentrosPropios/IIER/Paginas/default.aspx,Madrid,ES,,,bbmri-eric:contactID:ES_Martinez_Delgado,bbmri-eric:contactID:ES_Martinez_Delgado,ES,False,,,bbmri-eric:ID:ES_BioNER-IIER,Rare Diseases National Biobank-Institute of Rare Diseases Research (Institute of Health Carlos III),bbmri-eric:networkID:ES_PISCIIIBB,,,RD,BIOLOGICAL_SAMPLES,1,21.0,rare_disease,,,,1.0,0.0,FEMALE,urn:miriam:icd:Q79.8,,,YEAR,,"DNA,PERIPHERAL_BLOOD_CELLS,PLASMA,SERUM","temperature-60to-85,temperatureLN",,,,,,,,True,,,,,,directory_catalog,https://ejp-rd-vp.github.io/resource-metadata-schema/license/v1.0.txt,BBMRI-ERIC,English,Other congenital malformations of musculoskeletal system,,,2026-07-23 05:02:06.556069,2026-07-23 05:02:06.556069,
1492,bbmri-eric:ID:ES_BioNER-IIER:collection:Ictiosis_vulgar,Ictiosis vulgar,,Disease sample,https://www.isciii.es/QuienesSomos/CentrosPropios/IIER/Paginas/default.aspx,Madrid,ES,,,bbmri-eric:contactID:ES_Martinez_Delgado,bbmri-eric:contactID:ES_Martinez_Delgado,ES,False,,,bbmri-eric:ID:ES_BioNER-IIER,Rare Diseases National Biobank-Institute of Rare Diseases Research (Institute of Health Carlos III),bbmri-eric:networkID:ES_PISCIIIBB,,,RD,BIOLOGICAL_SAMPLES,1,60.0,rare_disease,,,,3.0,0.0,"MALE,FEMALE",urn:miriam:icd:Q80.0,,,YEAR,,"DNA,PERIPHERAL_BLOOD_CELLS,PLASMA,SERUM","temperature-60to-85,temperatureLN",,,,,,,,True,,,,,,directory_catalog,https://ejp-rd-vp.github.io/resource-metadata-schema/license/v1.0.txt,BBMRI-ERIC,English,Ichthyosis vulgaris,,,2026-07-23 05:02:06.556069,2026-07-23 05:02:06.556069,
1495,bbmri-eric:ID:ES_LAFE:collection:PE_63,COVID19,COVID19,Symptoms attributed to SARS-CoV-2 infection that persist for more than four weeks following onset and with a negative infectious virus status,https://www.iislafe.es/es/apoyo-a-la-investigacion/plataformas-cientifico-tecnologicas/biobanco/,Valencia,ES,43297691,-2985980,bbmri-eric:contactID:ES_Cervera,bbmri-eric:contactID:ES_Amigo,ES,False,,,bbmri-eric:ID:ES_LAFE,Biobanco LA FE,bbmri-eric:networkID:ES_PISCIIIBB,,,"SAMPLE,CASE_CONTROL,COHORT,DISEASE_SPECIFIC,HOSPITAL,QUALITY_CONTROL","BIOLOGICAL_SAMPLES,BLOOD,CLINICAL_SYMPTOMS,DiseaseDuration,MEDICAL_RECORDS,TREATMENT_PROTOCOL",3,1160.0,"infectious,population,covid19",2020-03-25 00:00:00.000,,accredited,1160.0,3.0,"FEMALE,MALE",urn:miriam:icd:U07.1,30.0,90.0,YEAR,,"DNA,PLASMA,RNA,SERUM,BUFFY_COAT",temperature-60to-85,,,,True,True,,,True,,,,,"sample_processing_sop,sample_transport_sop,sample_storage_sop,data_processing_sop,data_transport_sop,data_storage_sop",directory_catalog,https://ejp-rd-vp.github.io/resource-metadata-schema/license/v1.0.txt,BBMRI-ERIC,English,"Emergency use of U07 - COVID-19,virus identified",,,2026-07-23 05:02:07.734909,2026-07-23 05:02:07.734909,
1497,bbmri-eric:ID:ES_BioNER-IIER:collection:Eritrodermia_congenita_ictiosiforme_bullosa,Eritrodermia congénita ictiosiforme bullosa,,Disease sample,https://www.isciii.es/QuienesSomos/CentrosPropios/IIER/Paginas/default.aspx,Madrid,ES,,,bbmri-eric:contactID:ES_Martinez_Delgado,bbmri-eric:contactID:ES_Martinez_Delgado,ES,False,,,bbmri-eric:ID:ES_BioNER-IIER,Rare Diseases National Biobank-Institute of Rare Diseases Research (Institute of Health Carlos III),bbmri-eric:networkID:ES_PISCIIIBB,,,RD,BIOLOGICAL_SAMPLES,1,40.0,rare_disease,,,,2.0,0.0,"MALE,FEMALE",urn:miriam:icd:Q80.3,,,YEAR,,"DNA,PERIPHERAL_BLOOD_CELLS,PLASMA,SERUM","temperature-60to-85,temperatureLN",,,,,,,,True,,,,,,directory_catalog,https://ejp-rd-vp.github.io/resource-metadata-schema/license/v1.0.txt,BBMRI-ERIC,English,Congenital bullous ichthyosiform erythroderma,,,2026-07-23 05:02:06.831702,2026-07-23 05:02:06.831702,
1500,bbmri-eric:ID:ES_LAFE:collection:PE_9,GYNECOLOGY-BIRTH,GINEPART,Samples from parturient mothers (at the time of birth),https://www.iislafe.es/es/apoyo-a-la-investigacion/plataformas-cientifico-tecnologicas/biobanco/,Valencia,ES,43297691,-2985980,bbmri-eric:contactID:ES_Cervera,bbmri-eric:contactID:ES_Amigo,ES,False,,,bbmri-eric:ID:ES_LAFE,Biobanco LA FE,bbmri-eric:networkID:ES_PISCIIIBB,,,"SAMPLE,CASE_CONTROL,COHORT,DISEASE_SPECIFIC,HOSPITAL,QUALITY_CONTROL","BIOLOGICAL_SAMPLES,BLOOD,CLINICAL_SYMPTOMS,DiseaseDuration,MEDICAL_RECORDS,TREATMENT_PROTOCOL",2,192.0,population,2012-12-04 00:00:00.000,,accredited,192.0,2.0,MALE,urn:miriam:icd:O80,32.0,56.0,YEAR,,"DNA,PERIPHERAL_BLOOD_CELLS,RNA,OTHER,PLASMA,OTHER","temperature-60to-85,temperatureLN",,,,True,True,,,True,,,,,"sample_processing_sop,sample_transport_sop,sample_storage_sop,data_processing_sop,data_transport_sop,data_storage_sop",directory_catalog,https://ejp-rd-vp.github.io/resource-metadata-schema/license/v1.0.txt,BBMRI-ERIC,English,Single spontaneous delivery,,,2026-07-23 05:02:07.734909,2026-07-23 05:02:07.734909,
1502,bbmri-eric:ID:ES_BioNER-IIER:collection:Sindrome_Postpolio,Síndrome Postpolio,,Disease sample,https://www.isciii.es/QuienesSomos/CentrosPropios/IIER/Paginas/default.aspx,Madrid,ES,,,bbmri-eric:contactID:ES_Martinez_Delgado,bbmri-eric:contactID:ES_Martinez_Delgado,ES,False,,,bbmri-eric:ID:ES_BioNER-IIER,Rare Diseases National Biobank-Institute of Rare Diseases Research (Institute of Health Carlos III),bbmri-eric:networkID:ES_PISCIIIBB,,,RD,BIOLOGICAL_SAMPLES,1,41.0,"nervous_system,rare_disease",,,,3.0,0.0,"MALE,FEMALE",urn:miriam:icd:G14,,,YEAR,,"DNA,PERIPHERAL_BLOOD_CELLS,PLASMA,SALIVA,SERUM","temperature-60to-85,temperatureLN",,,,,,,,True,,,,,,directory_catalog,https://ejp-rd-vp.github.io/resource-metadata-schema/license/v1.0.txt,BBMRI-ERIC,English,Postpolio syndrome,,,2026-07-23 05:02:06.175575,2026-07-23 05:02:06.175575,
1503,bbmri-eric:ID:ES_LAFE:collection:PE_13,Radiosensitivity-radiotoxicity,RADIO,Patients undergoing radiotherapy,https://www.iislafe.es/es/apoyo-a-la-investigacion/plataformas-cientifico-tecnologicas/biobanco/,Valencia,ES,43297691,-2985980,bbmri-eric:contactID:ES_Cervera,bbmri-eric:contactID:ES_Amigo,ES,False,,,bbmri-eric:ID:ES_LAFE,Biobanco LA FE,bbmri-eric:networkID:ES_PISCIIIBB,,,"SAMPLE,CASE_CONTROL,COHORT,DISEASE_SPECIFIC,HOSPITAL,QUALITY_CONTROL","BIOLOGICAL_SAMPLES,BLOOD,CLINICAL_SYMPTOMS,DiseaseDuration,MEDICAL_RECORDS,TREATMENT_PROTOCOL",2,279.0,"rare_disease,population",2013-11-12 00:00:00.000,,accredited,279.0,2.0,"MALE,FEMALE",urn:miriam:icd:T66,18.0,95.0,YEAR,,"DNA,PLASMA,RNA,SERUM",temperature-60to-85,,,,True,True,,,True,,,,,"sample_processing_sop,sample_transport_sop,sample_storage_sop,data_processing_sop,data_transport_sop,data_storage_sop",directory_catalog,https://ejp-rd-vp.github.io/resource-metadata-schema/license/v1.0.txt,BBMRI-ERIC,English,Unspecified effects of radiation,,,2026-07-23 05:02:07.734909,2026-07-23 05:02:07.734909,
1505,bbmri-eric:ID:ES_BioNER-IIER:collection:Epidermolisis_bullosa_distrofica,Epidermólisis bullosa distrófica,,Disease sample,https://www.isciii.es/QuienesSomos/CentrosPropios/IIER/Paginas/default.aspx,Madrid,ES,,,bbmri-eric:contactID:ES_Martinez_Delgado,bbmri-eric:contactID:ES_Martinez_Delgado,ES,False,,,bbmri-eric:ID:ES_BioNER-IIER,Rare Diseases National Biobank-Institute of Rare Diseases Research (Institute of Health Carlos III),bbmri-eric:networkID:ES_PISCIIIBB,,,RD,BIOLOGICAL_SAMPLES,1,21.0,rare_disease,,,,1.0,0.0,MALE,urn:miriam:icd:Q81.2,,,YEAR,,"DNA,PERIPHERAL_BLOOD_CELLS,PLASMA,SERUM","temperature-60to-85,temperatureLN",,,,,,,,True,,,,,,directory_catalog,https://ejp-rd-vp.github.io/resource-metadata-schema/license/v1.0.txt,BBMRI-ERIC,English,Epidermolysis bullosa dystrophica,,,2026-07-23 05:02:06.831702,2026-07-23 05:02:06.831702,
1507,bbmri-eric:ID:ES_BioNER-IIER:collection:Sindrome_de_Koolen-de_Vries,Síndrome de Koolen-de Vries,,Disease sample;Disease control,https://www.isciii.es/QuienesSomos/CentrosPropios/IIER/Paginas/default.aspx,Madrid,ES,,,bbmri-eric:contactID:ES_Martinez_Delgado,bbmri-eric:contactID:ES_Martinez_Delgado,ES,False,,,bbmri-eric:ID:ES_BioNER-IIER,Rare Diseases National Biobank-Institute of Rare Diseases Research (Institute of Health Carlos III),bbmri-eric:networkID:ES_PISCIIIBB,,,RD,BIOLOGICAL_SAMPLES,1,64.0,rare_disease,,,,7.0,0.0,"MALE,FEMALE",urn:miriam:icd:Q99.9,,,YEAR,,"DNA,PERIPHERAL_BLOOD_CELLS,OTHER,PLASMA,SERUM","temperature-60to-85,temperatureLN",,,,,,,,True,,,,,,directory_catalog,https://ejp-rd-vp.github.io/resource-metadata-schema/license/v1.0.txt,BBMRI-ERIC,English,"Other chromosome abnormalities,not elsewhere classified - Chromosomal abnormality,unspecified",,,2026-07-23 05:02:06.831702,2026-07-23 05:02:06.831702,
1510,bbmri-eric:ID:ES_LAFE:collection:PE_14,Eating disorders,TCA,"Patients with anorexia and bulimia, and controls",https://www.iislafe.es/es/apoyo-a-la-investigacion/plataformas-cientifico-tecnologicas/biobanco/,Valencia,ES,43297691,-2985980,bbmri-eric:contactID:ES_Cervera,bbmri-eric:contactID:ES_Amigo,ES,False,,,bbmri-eric:ID:ES_LAFE,Biobanco LA FE,bbmri-eric:networkID:ES_PISCIIIBB,,,"SAMPLE,CASE_CONTROL,COHORT,DISEASE_SPECIFIC,HOSPITAL,QUALITY_CONTROL","BIOLOGICAL_SAMPLES,BLOOD,CLINICAL_SYMPTOMS,DiseaseDuration,MEDICAL_RECORDS,TREATMENT_PROTOCOL",2,460.0,"paediatrics,population",2013-01-09 00:00:00.000,,accredited,460.0,2.0,"MALE,FEMALE",urn:miriam:icd:F50,15.0,59.0,YEAR,,"DNA,PLASMA,RNA,SERUM",temperature-60to-85,,,,True,True,,,True,,,,,"sample_processing_sop,sample_transport_sop,sample_storage_sop,data_processing_sop,data_transport_sop,data_storage_sop",directory_catalog,https://ejp-rd-vp.github.io/resource-metadata-schema/license/v1.0.txt,BBMRI-ERIC,English,Eating disorders,,,2026-07-23 05:02:07.734909,2026-07-23 05:02:07.734909,
1512,bbmri-eric:ID:ES_BioNER-IIER:collection:Linfedema_hereditario_tipo_1,Linfedema hereditario tipo 1,,Disease sample,https://www.isciii.es/QuienesSomos/CentrosPropios/IIER/Paginas/default.aspx,Madrid,ES,,,bbmri-eric:contactID:ES_Martinez_Delgado,bbmri-eric:contactID:ES_Martinez_Delgado,ES,False,,,bbmri-eric:ID:ES_BioNER-IIER,Rare Diseases National Biobank-Institute of Rare Diseases Research (Institute of Health Carlos III),bbmri-eric:networkID:ES_PISCIIIBB,,,RD,BIOLOGICAL_SAMPLES,1,21.0,rare_disease,,,,1.0,0.0,MALE,urn:miriam:icd:Q82.0,,,YEAR,,"DNA,PERIPHERAL_BLOOD_CELLS,PLASMA,SERUM","temperature-60to-85,temperatureLN",,,,,,,,True,,,,,,directory_catalog,https://ejp-rd-vp.github.io/resource-metadata-schema/license/v1.0.txt,BBMRI-ERIC,English,Other congenital malformations of skin - Hereditary lymphoedema,,,2026-07-23 05:02:06.831702,2026-07-23 05:02:06.831702,
1514,bbmri-eric:ID:ES_BioNER-IIER:collection:Displasia_ectodermica_anhidrotica,Displasia ectodérmica anhidrótica,,Disease sample;Disease control,https://www.isciii.es/QuienesSomos/CentrosPropios/IIER/Paginas/default.aspx,Madrid,ES,,,bbmri-eric:contactID:ES_Martinez_Delgado,bbmri-eric:contactID:ES_Martinez_Delgado,ES,False,,,bbmri-eric:ID:ES_BioNER-IIER,Rare Diseases National Biobank-Institute of Rare Diseases Research (Institute of Health Carlos III),bbmri-eric:networkID:ES_PISCIIIBB,,,RD,BIOLOGICAL_SAMPLES,2,110.0,rare_disease,,,,6.0,0.0,"MALE,FEMALE",urn:miriam:icd:Q82.4,,,YEAR,,"DNA,PERIPHERAL_BLOOD_CELLS,PLASMA,SALIVA,SERUM","temperature-60to-85,temperatureLN",,,,,,,,True,,,,,,directory_catalog,https://ejp-rd-vp.github.io/resource-metadata-schema/license/v1.0.txt,BBMRI-ERIC,English,Other congenital malformations of skin - Ectodermal dysplasia (anhidrotic),,,2026-07-23 05:02:06.831702,2026-07-23 05:02:06.831702,
1517,bbmri-eric:ID:ES_IBSP-CV:collection:IBSP-008-TCA,EATING DISORDERS,TCA,"Collection of samples from patients with Eating Disorders with the associated information from their psychiatric interview, both from the index cases and from family members.",https://fisabio.san.gva.es/es/apoyo-a-la-investigacion/plataformas-y-servicios-cientifico-tecnicos/biobancos/biobanco-ibsp-cv/,Valencia,ES,,,bbmri-eric:contactID:ES_Martinez_Santamaria,bbmri-eric:contactID:ES_Martinez_Santamaria,ES,False,,,bbmri-eric:ID:ES_IBSP-CV,Biobank for Biomedical Research and Public Health of the Valencian Community,bbmri-eric:networkID:ES_PISCIIIBB,,,DISEASE_SPECIFIC,BIOLOGICAL_SAMPLES,3,1004.0,paediatrics,2024-08-16 00:00:00.000,,accredited,154.0,2.0,"FEMALE,MALE",,9.0,72.0,YEAR,,DNA,temperature-60to-85,,,,,,,,True,,,,,,directory_catalog,https://ejp-rd-vp.github.io/resource-metadata-schema/license/v1.0.txt,BBMRI-ERIC,English,,,,2026-07-23 05:02:06.831702,2026-07-23 05:02:06.831702,
1518,bbmri-eric:ID:ES_LAFE:collection:PE_16,Skin diseases,DERMA,Patients with dermatological tumors and other skin pathologies,https://www.iislafe.es/es/apoyo-a-la-investigacion/plataformas-cientifico-tecnologicas/biobanco/,Valencia,ES,43297691,-2985980,bbmri-eric:contactID:ES_Cervera,bbmri-eric:contactID:ES_Amigo,ES,False,,,bbmri-eric:ID:ES_LAFE,Biobanco LA FE,bbmri-eric:networkID:ES_PISCIIIBB,,,"SAMPLE,CASE_CONTROL,COHORT,DISEASE_SPECIFIC,HOSPITAL,QUALITY_CONTROL","BIOLOGICAL_SAMPLES,BLOOD,CLINICAL_SYMPTOMS,DiseaseDuration,MEDICAL_RECORDS,TREATMENT_PROTOCOL",2,704.0,"paediatrics,rare_disease,population",2013-07-16 00:00:00.000,,accredited,704.0,2.0,"MALE,FEMALE",urn:miriam:icd:L00,15.0,96.0,YEAR,,"DNA,PLASMA,RNA,SERUM,TISSUE_FROZEN",temperature-60to-85,,,,True,True,,,True,,,,,"sample_processing_sop,sample_transport_sop,sample_storage_sop,data_processing_sop,data_transport_sop,data_storage_sop",directory_catalog,https://ejp-rd-vp.github.io/resource-metadata-schema/license/v1.0.txt,BBMRI-ERIC,English,Staphylococcal scalded skin syndrome,,,2026-07-23 05:02:07.734909,2026-07-23 05:02:07.734909,
1521,bbmri-eric:ID:ES_LAFE:collection:PE_20,Artritis reuma,AR,"Patients with Rheumatological diseases: giant cell arteritis, PSORIASIC ARTHROPATHY, ARTRITIS REUMATOIDE, esclerodermia, espondilitis anquilosante, lupus, polimialgia, sindrome SJÖGREN",https://www.iislafe.es/es/apoyo-a-la-investigacion/plataformas-cientifico-tecnologicas/biobanco/,Valencia,ES,43297691,-2985980,bbmri-eric:contactID:ES_Cervera,bbmri-eric:contactID:ES_Amigo,ES,False,,,bbmri-eric:ID:ES_LAFE,Biobanco LA FE,bbmri-eric:networkID:ES_PISCIIIBB,,,"SAMPLE,CASE_CONTROL,COHORT,DISEASE_SPECIFIC,HOSPITAL,QUALITY_CONTROL","BIOLOGICAL_SAMPLES,BLOOD,CLINICAL_SYMPTOMS,DiseaseDuration,MEDICAL_RECORDS,TREATMENT_PROTOCOL",3,1787.0,"autoimmune,population",2011-11-28 00:00:00.000,,accredited,1787.0,3.0,"MALE,FEMALE",urn:miriam:icd:M06,44.0,84.0,YEAR,,"DNA,PLASMA,SERUM",temperature-60to-85,,,,True,True,,,True,,,,,"sample_processing_sop,sample_transport_sop,sample_storage_sop,data_processing_sop,data_transport_sop,data_storage_sop",directory_catalog,https://ejp-rd-vp.github.io/resource-metadata-schema/license/v1.0.txt,BBMRI-ERIC,English,Other rheumatoid arthritis,,,2026-07-23 05:02:07.734909,2026-07-23 05:02:07.734909,
1522,bbmri-eric:ID:ES_BioNER-IIER:collection:Enfermedad_de_Darier_White,Enfermedad de Darier White,,Disease sample;Disease control,https://www.isciii.es/QuienesSomos/CentrosPropios/IIER/Paginas/default.aspx,Madrid,ES,,,bbmri-eric:contactID:ES_Martinez_Delgado,bbmri-eric:contactID:ES_Martinez_Delgado,ES,False,,,bbmri-eric:ID:ES_BioNER-IIER,Rare Diseases National Biobank-Institute of Rare Diseases Research (Institute of Health Carlos III),bbmri-eric:networkID:ES_PISCIIIBB,,,RD,BIOLOGICAL_SAMPLES,1,41.0,rare_disease,,,,3.0,0.0,"MALE,FEMALE",urn:miriam:icd:Q82.8,,,YEAR,,"DNA,PERIPHERAL_BLOOD_CELLS,OTHER,BUFFY_COAT,PLASMA,SERUM","temperature-60to-85,temperatureLN",,,,,,,,True,,,,,,directory_catalog,https://ejp-rd-vp.github.io/resource-metadata-schema/license/v1.0.txt,BBMRI-ERIC,English,Other specified congenital malformations of skin,,,2026-07-23 05:02:06.831702,2026-07-23 05:02:06.831702,
1524,bbmri-eric:ID:ES_BioNER-IIER:collection:Neurofibromatosis_tipo_1,Neurofibromatosis tipo 1,,Disease sample,https://www.isciii.es/QuienesSomos/CentrosPropios/IIER/Paginas/default.aspx,Madrid,ES,,,bbmri-eric:contactID:ES_Martinez_Delgado,bbmri-eric:contactID:ES_Martinez_Delgado,ES,False,,,bbmri-eric:ID:ES_BioNER-IIER,Rare Diseases National Biobank-Institute of Rare Diseases Research (Institute of Health Carlos III),bbmri-eric:networkID:ES_PISCIIIBB,,,RD,BIOLOGICAL_SAMPLES,1,64.0,rare_disease,,,,4.0,0.0,"MALE,FEMALE",urn:miriam:icd:Q85.0,,,YEAR,,"DNA,PERIPHERAL_BLOOD_CELLS,PLASMA,SERUM","temperature-60to-85,temperatureLN",,,,,,,,True,,,,,,directory_catalog,https://ejp-rd-vp.github.io/resource-metadata-schema/license/v1.0.txt,BBMRI-ERIC,English,"Phakomatoses,not elsewhere classified - Neurofibromatosis (nonmalignant)",,,2026-07-23 05:02:06.831702,2026-07-23 05:02:06.831702,
1533,bbmri-eric:ID:ES_BioNER-IIER:collection:Sindrome_de_Kabuki,Síndrome de Kabuki,,Disease sample;Disease control,https://www.isciii.es/QuienesSomos/CentrosPropios/IIER/Paginas/default.aspx,Madrid,ES,,,bbmri-eric:contactID:ES_Martinez_Delgado,bbmri-eric:contactID:ES_Martinez_Delgado,ES,False,,,bbmri-eric:ID:ES_BioNER-IIER,Rare Diseases National Biobank-Institute of Rare Diseases Research (Institute of Health Carlos III),bbmri-eric:networkID:ES_PISCIIIBB,,,RD,BIOLOGICAL_SAMPLES,1,52.0,rare_disease,,,,4.0,0.0,"MALE,FEMALE",urn:miriam:icd:Q87.0,,,YEAR,,"DNA,PERIPHERAL_BLOOD_CELLS,OTHER,BUFFY_COAT,PLASMA,SERUM","temperature-60to-85,temperatureLN",,,,,,,,True,,,,,,directory_catalog,https://ejp-rd-vp.github.io/resource-metadata-schema/license/v1.0.txt,BBMRI-ERIC,English,Congenital malformation syndromes predominantly affecting facial appearance,,,2026-07-23 05:02:06.831702,2026-07-23 05:02:06.831702,
1536,bbmri-eric:ID:ES_BioNER-IIER:collection:Sindrome_de_Apert,Síndrome de Apert,,Disease sample,https://www.isciii.es/QuienesSomos/CentrosPropios/IIER/Paginas/default.aspx,Madrid,ES,,,bbmri-eric:contactID:ES_Martinez_Delgado,bbmri-eric:contactID:ES_Martinez_Delgado,ES,False,,,bbmri-eric:ID:ES_BioNER-IIER,Rare Diseases National Biobank-Institute of Rare Diseases Research (Institute of Health Carlos III),bbmri-eric:networkID:ES_PISCIIIBB,,,RD,BIOLOGICAL_SAMPLES,1,21.0,rare_disease,,,,1.0,0.0,MALE,urn:miriam:icd:Q87.0,,,YEAR,,"DNA,PERIPHERAL_BLOOD_CELLS,PLASMA,SERUM","temperature-60to-85,temperatureLN",,,,,,,,True,,,,,,directory_catalog,https://ejp-rd-vp.github.io/resource-metadata-schema/license/v1.0.txt,BBMRI-ERIC,English,Congenital malformation syndromes predominantly affecting facial appearance,,,2026-07-23 05:02:05.920194,2026-07-23 05:02:05.920194,
1538,bbmri-eric:ID:ES_BV:collection:COVID-19_long_covid,COVID-19 long covid,COVID,Symptoms attributed to SARS-CoV-2 infection that persist for more than four weeks following onset and with a negative infectious virus status,https://www.biobancovasco.org,País Vasco,ES,43297691,-2985980,,bbmri-eric:contactID:ES_Bilbao,ES,False,,,bbmri-eric:ID:ES_BV,Basque Biobank,bbmri-eric:networkID:ES_PISCIIIBB,,,DISEASE_SPECIFIC,"BIOLOGICAL_SAMPLES,CLINICAL_SYMPTOMS,CT,MEDICAL_RECORDS,TREATMENT_PROTOCOL",3,1722.0,"infectious,covid19",2023-01-25 00:00:00.000,,,103.0,2.0,"FEMALE,MALE,NAV",urn:miriam:icd:U09.9,27.0,67.0,YEAR,,"BUFFY_COAT,PLASMA,SERUM,WHOLE_BLOOD",temperature-60to-85,,,,True,True,,,True,,,,,"sample_processing_sop,sample_transport_sop,sample_storage_sop,data_processing_sop,data_transport_sop,data_storage_sop",directory_catalog,https://ejp-rd-vp.github.io/resource-metadata-schema/license/v1.0.txt,BBMRI-ERIC,English,"Post COVID-19 condition - Post COVID-19 condition,unspecified",,,2026-07-23 05:02:06.831702,2026-07-23 05:02:06.831702,
1539,bbmri-eric:ID:ES_BioNER-IIER:collection:Sindrome_de_Cockayne,Síndrome de Cockayne,,Disease sample,https://www.isciii.es/QuienesSomos/CentrosPropios/IIER/Paginas/default.aspx,Madrid,ES,,,bbmri-eric:contactID:ES_Martinez_Delgado,bbmri-eric:contactID:ES_Martinez_Delgado,ES,False,,,bbmri-eric:ID:ES_BioNER-IIER,Rare Diseases National Biobank-Institute of Rare Diseases Research (Institute of Health Carlos III),bbmri-eric:networkID:ES_PISCIIIBB,,,RD,BIOLOGICAL_SAMPLES,1,42.0,rare_disease,,,,2.0,0.0,MALE,urn:miriam:icd:Q87.1,,,YEAR,,"DNA,PERIPHERAL_BLOOD_CELLS,PLASMA,SERUM","temperature-60to-85,temperatureLN",,,,,,,,True,,,,,,directory_catalog,https://ejp-rd-vp.github.io/resource-metadata-schema/license/v1.0.txt,BBMRI-ERIC,English,Congenital malformation syndromes predominantly associated with short stature,,,2026-07-23 05:02:06.831702,2026-07-23 05:02:06.831702,
1541,bbmri-eric:ID:ES_BioNER-IIER:collection:Sindrome_de_Cornelia_de_Lange,Síndrome de Cornelia de Lange,,Disease sample,https://www.isciii.es/QuienesSomos/CentrosPropios/IIER/Paginas/default.aspx,Madrid,ES,,,bbmri-eric:contactID:ES_Martinez_Delgado,bbmri-eric:contactID:ES_Martinez_Delgado,ES,False,,,bbmri-eric:ID:ES_BioNER-IIER,Rare Diseases National Biobank-Institute of Rare Diseases Research (Institute of Health Carlos III),bbmri-eric:networkID:ES_PISCIIIBB,,,RD,BIOLOGICAL_SAMPLES,1,89.0,rare_disease,,,,5.0,0.0,"MALE,FEMALE",urn:miriam:icd:Q87.1,,,YEAR,,"DNA,PERIPHERAL_BLOOD_CELLS,PLASMA,SERUM","temperature-60to-85,temperatureLN",,,,,,,,True,,,,,,directory_catalog,https://ejp-rd-vp.github.io/resource-metadata-schema/license/v1.0.txt,BBMRI-ERIC,English,Congenital malformation syndromes predominantly associated with short stature,,,2026-07-23 05:02:06.831702,2026-07-23 05:02:06.831702,
1545,bbmri-eric:ID:ES_BioNER-IIER:collection:Sindrome_de_Short,Síndrome de Short,,Disease sample;Disease control,https://www.isciii.es/QuienesSomos/CentrosPropios/IIER/Paginas/default.aspx,Madrid,ES,,,bbmri-eric:contactID:ES_Martinez_Delgado,bbmri-eric:contactID:ES_Martinez_Delgado,ES,False,,,bbmri-eric:ID:ES_BioNER-IIER,Rare Diseases National Biobank-Institute of Rare Diseases Research (Institute of Health Carlos III),bbmri-eric:networkID:ES_PISCIIIBB,,,RD,BIOLOGICAL_SAMPLES,1,41.0,rare_disease,,,,2.0,0.0,"MALE,FEMALE",urn:miriam:icd:Q87.1,,,YEAR,,"DNA,PERIPHERAL_BLOOD_CELLS,BUFFY_COAT,PLASMA,SERUM","temperature-60to-85,temperatureLN",,,,,,,,True,,,,,,directory_catalog,https://ejp-rd-vp.github.io/resource-metadata-schema/license/v1.0.txt,BBMRI-ERIC,English,Congenital malformation syndromes predominantly associated with short stature,,,2026-07-23 05:02:06.831702,2026-07-23 05:02:06.831702,
1546,bbmri-eric:ID:ES_BioNER-IIER:collection:SiNDROME_DE_PRADER_WILLI,SÍNDROME DE PRADER WILLI,,Disease sample;Disease control,https://www.isciii.es/QuienesSomos/CentrosPropios/IIER/Paginas/default.aspx,Madrid,ES,,,bbmri-eric:contactID:ES_Martinez_Delgado,bbmri-eric:contactID:ES_Martinez_Delgado,ES,False,,,bbmri-eric:ID:ES_BioNER-IIER,Rare Diseases National Biobank-Institute of Rare Diseases Research (Institute of Health Carlos III),bbmri-eric:networkID:ES_PISCIIIBB,,,RD,BIOLOGICAL_SAMPLES,1,55.0,rare_disease,,,,6.0,0.0,"MALE,FEMALE",urn:miriam:icd:Q87.1,,,YEAR,,"DNA,PERIPHERAL_BLOOD_CELLS,PLASMA,SALIVA,SERUM","temperature-60to-85,temperatureLN",,,,,,,,True,,,,,,directory_catalog,https://ejp-rd-vp.github.io/resource-metadata-schema/license/v1.0.txt,BBMRI-ERIC,English,Congenital malformation syndromes predominantly associated with short stature,,,2026-07-23 05:02:06.831702,2026-07-23 05:02:06.831702,
1549,bbmri-eric:ID:ES_LAFE:collection:PE_15,GLIOBLASTOMA,TCGBM,Glioblastoma patients undergoing surgery,https://www.iislafe.es/es/apoyo-a-la-investigacion/plataformas-cientifico-tecnologicas/biobanco/,Valencia,ES,43297691,-2985980,bbmri-eric:contactID:ES_Cervera,bbmri-eric:contactID:ES_Amigo,ES,False,,,bbmri-eric:ID:ES_LAFE,Biobanco LA FE,bbmri-eric:networkID:ES_PISCIIIBB,,,"SAMPLE,CASE_CONTROL,COHORT,DISEASE_SPECIFIC,HOSPITAL,QUALITY_CONTROL","BIOLOGICAL_SAMPLES,BLOOD,CLINICAL_SYMPTOMS,DiseaseDuration,MEDICAL_RECORDS,TREATMENT_PROTOCOL",2,196.0,"oncology,rare_disease,population",2013-11-29 00:00:00.000,,accredited,460.0,2.0,"MALE,FEMALE",urn:miriam:icd:C71.9,32.0,92.0,YEAR,,"DNA,PLASMA,RNA,SERUM,TISSUE_FROZEN",temperature-60to-85,,,,True,True,,,True,,,,,"sample_processing_sop,sample_transport_sop,sample_storage_sop,data_processing_sop,data_transport_sop,data_storage_sop",directory_catalog,https://ejp-rd-vp.github.io/resource-metadata-schema/license/v1.0.txt,BBMRI-ERIC,English,"Malignant neoplasm of brain - Malignant neoplasm: Brain,unspecified",,,2026-07-23 05:02:07.734909,2026-07-23 05:02:07.734909,
1555,bbmri-eric:ID:ES_BioNER-IIER:collection:Sindrome_de_Beckwith-Wiedemann,Síndrome de Beckwith-Wiedemann,,Disease sample;Disease control,https://www.isciii.es/QuienesSomos/CentrosPropios/IIER/Paginas/default.aspx,Madrid,ES,,,bbmri-eric:contactID:ES_Martinez_Delgado,bbmri-eric:contactID:ES_Martinez_Delgado,ES,False,,,bbmri-eric:ID:ES_BioNER-IIER,Rare Diseases National Biobank-Institute of Rare Diseases Research (Institute of Health Carlos III),bbmri-eric:networkID:ES_PISCIIIBB,,,RD,BIOLOGICAL_SAMPLES,1,82.0,rare_disease,,,,4.0,0.0,"MALE,FEMALE",urn:miriam:icd:Q87.3,,,YEAR,,"DNA,PERIPHERAL_BLOOD_CELLS,PLASMA,SERUM","temperature-60to-85,temperatureLN",,,,,,,,True,,,,,,directory_catalog,https://ejp-rd-vp.github.io/resource-metadata-schema/license/v1.0.txt,BBMRI-ERIC,English,Congenital malformation syndromes involving early overgrowth,,,2026-07-23 05:02:06.831702,2026-07-23 05:02:06.831702,
1558,bbmri-eric:ID:ES_BioNER-IIER:collection:Sindrome_de_Sotos,Síndrome de Sotos,,Disease sample;Disease control,https://www.isciii.es/QuienesSomos/CentrosPropios/IIER/Paginas/default.aspx,Madrid,ES,,,bbmri-eric:contactID:ES_Martinez_Delgado,bbmri-eric:contactID:ES_Martinez_Delgado,ES,False,,,bbmri-eric:ID:ES_BioNER-IIER,Rare Diseases National Biobank-Institute of Rare Diseases Research (Institute of Health Carlos III),bbmri-eric:networkID:ES_PISCIIIBB,,,RD,BIOLOGICAL_SAMPLES,2,336.0,rare_disease,,,,19.0,1.0,"MALE,FEMALE",urn:miriam:icd:Q87.3,,,YEAR,,"DNA,PERIPHERAL_BLOOD_CELLS,PLASMA,SERUM","temperature-60to-85,temperatureLN",,,,,,,,True,,,,,,directory_catalog,https://ejp-rd-vp.github.io/resource-metadata-schema/license/v1.0.txt,BBMRI-ERIC,English,Congenital malformation syndromes involving early overgrowth,,,2026-07-23 05:02:06.831702,2026-07-23 05:02:06.831702,
1560,bbmri-eric:ID:ES_BioNER-IIER:collection:Sindrome_de_Marfan,Síndrome de Marfan,,Disease sample,https://www.isciii.es/QuienesSomos/CentrosPropios/IIER/Paginas/default.aspx,Madrid,ES,,,bbmri-eric:contactID:ES_Martinez_Delgado,bbmri-eric:contactID:ES_Martinez_Delgado,ES,False,,,bbmri-eric:ID:ES_BioNER-IIER,Rare Diseases National Biobank-Institute of Rare Diseases Research (Institute of Health Carlos III),bbmri-eric:networkID:ES_PISCIIIBB,,,RD,BIOLOGICAL_SAMPLES,1,78.0,rare_disease,,,,3.0,0.0,"MALE,FEMALE",urn:miriam:icd:Q87.4,,,YEAR,,"DNA,PERIPHERAL_BLOOD_CELLS,PLASMA,SERUM","temperature-60to-85,temperatureLN",,,,,,,,True,,,,,,directory_catalog,https://ejp-rd-vp.github.io/resource-metadata-schema/license/v1.0.txt,BBMRI-ERIC,English,Other specified congenital malformation syndromes affecting multiple systems - Marfan syndrome,,,2026-07-23 05:02:06.831702,2026-07-23 05:02:06.831702,
1562,bbmri-eric:ID:ES_BioNER-IIER:collection:Sindrome_Cardiofaciocutaneo_CFC1-BRAF,Síndrome Cardiofaciocutaneo (CFC1) - BRAF,,Disease sample;Disease control,https://www.isciii.es/QuienesSomos/CentrosPropios/IIER/Paginas/default.aspx,Madrid,ES,,,bbmri-eric:contactID:ES_Martinez_Delgado,bbmri-eric:contactID:ES_Martinez_Delgado,ES,False,,,bbmri-eric:ID:ES_BioNER-IIER,Rare Diseases National Biobank-Institute of Rare Diseases Research (Institute of Health Carlos III),bbmri-eric:networkID:ES_PISCIIIBB,,,RD,BIOLOGICAL_SAMPLES,1,43.0,rare_disease,,,,3.0,0.0,"MALE,FEMALE",urn:miriam:icd:Q87.8,,,YEAR,,"DNA,PERIPHERAL_BLOOD_CELLS,OTHER,BUFFY_COAT,PLASMA,SERUM","temperature-60to-85,temperatureLN",,,,,,,,True,,,,,,directory_catalog,https://ejp-rd-vp.github.io/resource-metadata-schema/license/v1.0.txt,BBMRI-ERIC,English,"Other specified congenital malformation syndromes,not elsewhere classified",,,2026-07-23 05:02:06.831702,2026-07-23 05:02:06.831702,
1563,bbmri-eric:ID:ES_BioNER-IIER:collection:Sindrome_de_Kleefstra_KLEFS1,"Síndrome de Kleefstra, KLEFS1",,Disease sample;Disease control,https://www.isciii.es/QuienesSomos/CentrosPropios/IIER/Paginas/default.aspx,Madrid,ES,,,bbmri-eric:contactID:ES_Martinez_Delgado,bbmri-eric:contactID:ES_Martinez_Delgado,ES,False,,,bbmri-eric:ID:ES_BioNER-IIER,Rare Diseases National Biobank-Institute of Rare Diseases Research (Institute of Health Carlos III),bbmri-eric:networkID:ES_PISCIIIBB,,,RD,BIOLOGICAL_SAMPLES,2,136.0,rare_disease,,,,10.0,1.0,"MALE,FEMALE",urn:miriam:icd:Q87.8,,,YEAR,,"DNA,PERIPHERAL_BLOOD_CELLS,OTHER,BUFFY_COAT,PLASMA,SERUM","temperature-60to-85,temperatureLN",,,,,,,,True,,,,,,directory_catalog,https://ejp-rd-vp.github.io/resource-metadata-schema/license/v1.0.txt,BBMRI-ERIC,English,"Other specified congenital malformation syndromes,not elsewhere classified",,,2026-07-23 05:02:06.831702,2026-07-23 05:02:06.831702,
1566,bbmri-eric:ID:ES_BioNER-IIER:collection:Desorden_del_neurodesarrollo_asociado_al_gen_GATAD2B_discapacidad_intelectual_18,"Desorden del neurodesarrollo asociado al gen GATAD2B, discapacidad intelectual 18",,Disease sample;Disease control,https://www.isciii.es/QuienesSomos/CentrosPropios/IIER/Paginas/default.aspx,Madrid,ES,,,bbmri-eric:contactID:ES_Martinez_Delgado,bbmri-eric:contactID:ES_Martinez_Delgado,ES,False,,,bbmri-eric:ID:ES_BioNER-IIER,Rare Diseases National Biobank-Institute of Rare Diseases Research (Institute of Health Carlos III),bbmri-eric:networkID:ES_PISCIIIBB,,,RD,BIOLOGICAL_SAMPLES,1,55.0,rare_disease,,,,3.0,0.0,"MALE,FEMALE",urn:miriam:icd:Q87.8,,,YEAR,,"DNA,PERIPHERAL_BLOOD_CELLS,OTHER,BUFFY_COAT,PLASMA,SERUM","temperature-60to-85,temperatureLN",,,,,,,,True,,,,,,directory_catalog,https://ejp-rd-vp.github.io/resource-metadata-schema/license/v1.0.txt,BBMRI-ERIC,English,"Other specified congenital malformation syndromes,not elsewhere classified",,,2026-07-23 05:02:06.831702,2026-07-23 05:02:06.831702,
1567,bbmri-eric:ID:ES_BioNER-IIER:collection:Sindrome_de_Smith_Magenis,Síndrome de Smith Magenis,,Disease sample;Disease control,https://www.isciii.es/QuienesSomos/CentrosPropios/IIER/Paginas/default.aspx,Madrid,ES,,,bbmri-eric:contactID:ES_Martinez_Delgado,bbmri-eric:contactID:ES_Martinez_Delgado,ES,False,,,bbmri-eric:ID:ES_BioNER-IIER,Rare Diseases National Biobank-Institute of Rare Diseases Research (Institute of Health Carlos III),bbmri-eric:networkID:ES_PISCIIIBB,,,RD,BIOLOGICAL_SAMPLES,2,374.0,rare_disease,,,,21.0,1.0,"MALE,FEMALE",urn:miriam:icd:Q87.8,,,YEAR,,"DNA,PERIPHERAL_BLOOD_CELLS,PLASMA,SERUM","temperature-60to-85,temperatureLN",,,,,,,,True,,,,,,directory_catalog,https://ejp-rd-vp.github.io/resource-metadata-schema/license/v1.0.txt,BBMRI-ERIC,English,"Other specified congenital malformation syndromes,not elsewhere classified",,,2026-07-23 05:02:06.831702,2026-07-23 05:02:06.831702,
1589,bbmri-eric:ID:ES_BioNER-IIER:collection:Discapacidad_intelectual_ligada_al_X_sindromico_15_o_tipo_Cabezas_CUL4B,"Discapacidad intelectual ligada al X, sindrómico 15 o tipo Cabezas, CUL4B",,Disease sample;Disease control,https://www.isciii.es/QuienesSomos/CentrosPropios/IIER/Paginas/default.aspx,Madrid,ES,,,bbmri-eric:contactID:ES_Martinez_Delgado,bbmri-eric:contactID:ES_Martinez_Delgado,ES,False,,,bbmri-eric:ID:ES_BioNER-IIER,Rare Diseases National Biobank-Institute of Rare Diseases Research (Institute of Health Carlos III),bbmri-eric:networkID:ES_PISCIIIBB,,,RD,BIOLOGICAL_SAMPLES,1,50.0,rare_disease,,,,3.0,0.0,"MALE,FEMALE",urn:miriam:icd:Q87.8,,,YEAR,,"DNA,PERIPHERAL_BLOOD_CELLS,OTHER,BUFFY_COAT,PLASMA,SERUM","temperature-60to-85,temperatureLN",,,,,,,,True,,,,,,directory_catalog,https://ejp-rd-vp.github.io/resource-metadata-schema/license/v1.0.txt,BBMRI-ERIC,English,"Other specified congenital malformation syndromes,not elsewhere classified",,,2026-07-23 05:02:06.831702,2026-07-23 05:02:06.831702,
1593,bbmri-eric:ID:ES_BHCSC:collection:AMI,Transtiretine amiloidosis,,"Affected frozen liquid samples (plasma-EDTA, serum, buffy coat and urine) from 129 patients since 2022",https://www.idissc.org/espacio-de-apoyo/biobanco/,Madrid,ES,,,bbmri-eric:contactID:ES_Ortega_Medina,bbmri-eric:contactID:ES_Ortega_Medina,ES,False,,,bbmri-eric:ID:ES_BHCSC,Hospital Clínico San Carlos Biobank,bbmri-eric:networkID:ES_PISCIIIBB,,,RD,BIOLOGICAL_SAMPLES,3,1009.0,rare_disease,,,accredited,129.0,,UNDIFFERENTIAL,,,,,,"PLASMA,SERUM,BUFFY_COAT,OTHER",temperature-60to-85,,,,,,,,True,,,,,,directory_catalog,https://ejp-rd-vp.github.io/resource-metadata-schema/license/v1.0.txt,BBMRI-ERIC,English,,,,2026-07-23 05:02:07.734909,2026-07-23 05:02:07.734909,
1595,bbmri-eric:ID:ES_BHCSC:collection:A,Tumour Biobank,,Affected and non affected frozzen and parafine tissues samples from 5576 since 2013,https://www.idissc.org/espacio-de-apoyo/biobanco/,Madrid,ES,,,bbmri-eric:contactID:ES_Ortega_Medina,bbmri-eric:contactID:ES_Ortega_Medina,ES,False,,,bbmri-eric:ID:ES_BHCSC,Hospital Clínico San Carlos Biobank,bbmri-eric:networkID:ES_PISCIIIBB,,,SAMPLE,BIOLOGICAL_SAMPLES,4,20012.0,,,,accredited,5576.0,,UNDIFFERENTIAL,,,,,,"OTHER,TISSUE_PARAFFIN_EMBEDDED,TISSUE_STAINED",temperature-60to-85,,,,,,,,True,,,,,,directory_catalog,https://ejp-rd-vp.github.io/resource-metadata-schema/license/v1.0.txt,BBMRI-ERIC,English,,,,2026-07-23 05:02:07.734909,2026-07-23 05:02:07.734909,
1596,bbmri-eric:ID:ES_BHCSC:collection:COV,COVID-19,,"Affected liquid samples (serum, blood, PLASMA-EDTA, nasopharyngeal exudate, buffy coat and DNA) from 6343 patients since 2020",https://www.idissc.org/espacio-de-apoyo/biobanco/,Madrid,ES,,,bbmri-eric:contactID:ES_Ortega_Medina,bbmri-eric:contactID:ES_Ortega_Medina,ES,False,,,bbmri-eric:ID:ES_BHCSC,Hospital Clínico San Carlos Biobank,bbmri-eric:networkID:ES_PISCIIIBB,,,SAMPLE,BIOLOGICAL_SAMPLES,4,15718.0,,,,accredited,6543.0,,UNDIFFERENTIAL,,,,,,"PLASMA,SERUM,BUFFY_COAT,WHOLE_BLOOD,DNA,OTHER",temperature-60to-85,,,,,,,,True,,,,,,directory_catalog,https://ejp-rd-vp.github.io/resource-metadata-schema/license/v1.0.txt,BBMRI-ERIC,English,,,,2026-07-23 05:02:07.734909,2026-07-23 05:02:07.734909,
1599,bbmri-eric:ID:ES_BHCSC:collection:417,Alzheimer disease,,"Affected liquid samples (plasma-EDTA, serum, blood, LCR) from 569 patients since 2019",https://www.idissc.org/espacio-de-apoyo/biobanco/,Madrid,ES,,,bbmri-eric:contactID:ES_Ortega_Medina,bbmri-eric:contactID:ES_Ortega_Medina,ES,False,,,bbmri-eric:ID:ES_BHCSC,Hospital Clínico San Carlos Biobank,bbmri-eric:networkID:ES_PISCIIIBB,,,SAMPLE,BIOLOGICAL_SAMPLES,3,4317.0,,,,accredited,569.0,,UNDIFFERENTIAL,,,,,,"PLASMA,SERUM,WHOLE_BLOOD,OTHER",temperature-60to-85,,,,,,,,True,,,,,,directory_catalog,https://ejp-rd-vp.github.io/resource-metadata-schema/license/v1.0.txt,BBMRI-ERIC,English,,,,2026-07-23 05:02:07.734909,2026-07-23 05:02:07.734909,
1604,bbmri-eric:ID:ES_BHCSC:collection:G,Cancer genetics,,Affected liquid samples (DNA) from 11903 patients since 2019,https://www.idissc.org/espacio-de-apoyo/biobanco/,Madrid,ES,,,bbmri-eric:contactID:ES_Ortega_Medina,bbmri-eric:contactID:ES_Ortega_Medina,ES,False,,,bbmri-eric:ID:ES_BHCSC,Hospital Clínico San Carlos Biobank,bbmri-eric:networkID:ES_PISCIIIBB,,,SAMPLE,BIOLOGICAL_SAMPLES,4,11903.0,,,,accredited,11903.0,,UNDIFFERENTIAL,,,,,,DNA,temperature-60to-85,,,,,,,,True,,,,,,directory_catalog,https://ejp-rd-vp.github.io/resource-metadata-schema/license/v1.0.txt,BBMRI-ERIC,English,,,,2026-07-23 05:02:07.734909,2026-07-23 05:02:07.734909,
1608,bbmri-eric:ID:ES_BioNER-IIER:collection:Trisomia_terminal_5q,Trisomía terminal 5q,,Disease sample,https://www.isciii.es/QuienesSomos/CentrosPropios/IIER/Paginas/default.aspx,Madrid,ES,,,bbmri-eric:contactID:ES_Martinez_Delgado,bbmri-eric:contactID:ES_Martinez_Delgado,ES,False,,,bbmri-eric:ID:ES_BioNER-IIER,Rare Diseases National Biobank-Institute of Rare Diseases Research (Institute of Health Carlos III),bbmri-eric:networkID:ES_PISCIIIBB,,,RD,BIOLOGICAL_SAMPLES,0,5.0,rare_disease,,,,1.0,0.0,MALE,urn:miriam:icd:Q92.2,,,YEAR,,"DNA,SALIVA",temperature-60to-85,,,,,,,,True,,,,,,directory_catalog,https://ejp-rd-vp.github.io/resource-metadata-schema/license/v1.0.txt,BBMRI-ERIC,English,Major partial trisomy,,,2026-07-23 05:02:06.831702,2026-07-23 05:02:06.831702,
1614,bbmri-eric:ID:ES_BioNER-IIER:collection:Trisomias_15qter,Trisomías 15qter,,Disease sample;Disease control,https://www.isciii.es/QuienesSomos/CentrosPropios/IIER/Paginas/default.aspx,Madrid,ES,,,bbmri-eric:contactID:ES_Martinez_Delgado,bbmri-eric:contactID:ES_Martinez_Delgado,ES,False,,,bbmri-eric:ID:ES_BioNER-IIER,Rare Diseases National Biobank-Institute of Rare Diseases Research (Institute of Health Carlos III),bbmri-eric:networkID:ES_PISCIIIBB,,,RD,BIOLOGICAL_SAMPLES,1,20.0,rare_disease,,,,4.0,0.0,"MALE,FEMALE",urn:miriam:icd:Q92.8,,,YEAR,,"DNA,SALIVA",temperature-60to-85,,,,,,,,True,,,,,,directory_catalog,https://ejp-rd-vp.github.io/resource-metadata-schema/license/v1.0.txt,BBMRI-ERIC,English,Other specified trisomies and partial trisomies of autosomes,,,2026-07-23 05:02:06.831702,2026-07-23 05:02:06.831702,
1615,bbmri-eric:ID:ES_BioNER-IIER:collection:Sindrome_5P_menos,Síndrome 5P menos,,Disease sample;Disease control,https://www.isciii.es/QuienesSomos/CentrosPropios/IIER/Paginas/default.aspx,Madrid,ES,,,bbmri-eric:contactID:ES_Martinez_Delgado,bbmri-eric:contactID:ES_Martinez_Delgado,ES,False,,,bbmri-eric:ID:ES_BioNER-IIER,Rare Diseases National Biobank-Institute of Rare Diseases Research (Institute of Health Carlos III),bbmri-eric:networkID:ES_PISCIIIBB,,,RD,BIOLOGICAL_SAMPLES,2,163.0,rare_disease,,,,14.0,1.0,"MALE,FEMALE",urn:miriam:icd:Q93.4,,,YEAR,,"DNA,PERIPHERAL_BLOOD_CELLS,PLASMA,SERUM","temperature-60to-85,temperatureLN",,,,,,,,True,,,,,,directory_catalog,https://ejp-rd-vp.github.io/resource-metadata-schema/license/v1.0.txt,BBMRI-ERIC,English,"Monosomies and deletions from the autosomes,not elsewhere classified - Deletion of short arm of chromosome 5",,,2026-07-23 05:02:06.831702,2026-07-23 05:02:06.831702,
1616,bbmri-eric:ID:ES_BHCSC:collection:I,Inmunology,,Affected liquid samples (DNA) from 3034 patients since 2019,https://www.idissc.org/espacio-de-apoyo/biobanco/,Madrid,ES,,,bbmri-eric:contactID:ES_Ortega_Medina,bbmri-eric:contactID:ES_Ortega_Medina,ES,False,,,bbmri-eric:ID:ES_BHCSC,Hospital Clínico San Carlos Biobank,bbmri-eric:networkID:ES_PISCIIIBB,,,SAMPLE,BIOLOGICAL_SAMPLES,3,3052.0,,,,accredited,3034.0,,UNDIFFERENTIAL,,,,,,DNA,temperature-60to-85,,,,,,,,True,,,,,,directory_catalog,https://ejp-rd-vp.github.io/resource-metadata-schema/license/v1.0.txt,BBMRI-ERIC,English,,,,2026-07-23 05:02:07.734909,2026-07-23 05:02:07.734909,
1618,bbmri-eric:ID:ES_BioNER-IIER:collection:Monosomia_18p,Monosomía 18p,,Disease sample;Disease control,https://www.isciii.es/QuienesSomos/CentrosPropios/IIER/Paginas/default.aspx,Madrid,ES,,,bbmri-eric:contactID:ES_Martinez_Delgado,bbmri-eric:contactID:ES_Martinez_Delgado,ES,False,,,bbmri-eric:ID:ES_BioNER-IIER,Rare Diseases National Biobank-Institute of Rare Diseases Research (Institute of Health Carlos III),bbmri-eric:networkID:ES_PISCIIIBB,,,RD,BIOLOGICAL_SAMPLES,1,20.0,rare_disease,,,,4.0,0.0,"MALE,FEMALE",urn:miriam:icd:Q93.5,,,YEAR,,"DNA,SALIVA",temperature-60to-85,,,,,,,,True,,,,,,directory_catalog,https://ejp-rd-vp.github.io/resource-metadata-schema/license/v1.0.txt,BBMRI-ERIC,English,Other deletions of part of a chromosome,,,2026-07-23 05:02:06.831702,2026-07-23 05:02:06.831702,
1621,bbmri-eric:ID:ES_IBSP-CV:collection:IBSP-103-BLCP,Lung Oncology Liquid Biopsy,BLCP,"In lung Oncology, there are several potential biomarkers in peripheral blood that could play an important role in therapeutic decision-making, such as the neutrophil-to-lymphocyte ratio or the expression of circulating tumor DNA.",https://fisabio.san.gva.es/es/apoyo-a-la-investigacion/plataformas-y-servicios-cientifico-tecnicos/biobancos/biobanco-ibsp-cv/,Valencia,ES,,,bbmri-eric:contactID:ES_Martinez_Santamaria,bbmri-eric:contactID:ES_Martinez_Santamaria,ES,False,,,bbmri-eric:ID:ES_IBSP-CV,Biobank for Biomedical Research and Public Health of the Valencian Community,bbmri-eric:networkID:ES_PISCIIIBB,,,DISEASE_SPECIFIC,"BIOLOGICAL_SAMPLES,MEDICAL_RECORDS",1,25.0,,2024-08-16 00:00:00.000,,accredited,12.0,1.0,"FEMALE,MALE",,50.0,87.0,YEAR,,"DNA,BUFFY_COAT",temperature-60to-85,,,,,,,,True,,,,,,directory_catalog,https://ejp-rd-vp.github.io/resource-metadata-schema/license/v1.0.txt,BBMRI-ERIC,English,,,,2026-07-23 05:02:07.214667,2026-07-23 05:02:07.214667,
1622,bbmri-eric:ID:ES_BHCSC:collection:OFT,Oftalmology,,"Affected tissue samples (iris, aqueus humor, vitreus humor, conjunctiva, cornea, anterior chamber, trabecular meshwork, pterygium, tenon's capsule) from 451 patients since 2021",https://www.idissc.org/espacio-de-apoyo/biobanco/,Madrid,ES,,,bbmri-eric:contactID:ES_Ortega_Medina,bbmri-eric:contactID:ES_Ortega_Medina,ES,False,,,bbmri-eric:ID:ES_BHCSC,Hospital Clínico San Carlos Biobank,bbmri-eric:networkID:ES_PISCIIIBB,,,SAMPLE,BIOLOGICAL_SAMPLES,2,802.0,,,,accredited,451.0,,UNDIFFERENTIAL,,,,,,"OTHER,OTHER",temperature-60to-85,,,,,,,,True,,,,,,directory_catalog,https://ejp-rd-vp.github.io/resource-metadata-schema/license/v1.0.txt,BBMRI-ERIC,English,,,,2026-07-23 05:02:07.734909,2026-07-23 05:02:07.734909,
1624,bbmri-eric:ID:ES_BioNER-IIER:collection:Sindrome_de_Turner,Síndrome de Turner,,Disease sample;Disease control,https://www.isciii.es/QuienesSomos/CentrosPropios/IIER/Paginas/default.aspx,Madrid,ES,,,bbmri-eric:contactID:ES_Martinez_Delgado,bbmri-eric:contactID:ES_Martinez_Delgado,ES,False,,,bbmri-eric:ID:ES_BioNER-IIER,Rare Diseases National Biobank-Institute of Rare Diseases Research (Institute of Health Carlos III),bbmri-eric:networkID:ES_PISCIIIBB,,,RD,BIOLOGICAL_SAMPLES,1,57.0,rare_disease,,,,6.0,0.0,"MALE,FEMALE",urn:miriam:icd:Q96,,,YEAR,,"DNA,PERIPHERAL_BLOOD_CELLS,OTHER,BUFFY_COAT,PLASMA,SALIVA,SERUM","temperature-60to-85,temperatureLN",,,,,,,,True,,,,,,directory_catalog,https://ejp-rd-vp.github.io/resource-metadata-schema/license/v1.0.txt,BBMRI-ERIC,English,Turner syndrome,,,2026-07-23 05:02:06.831702,2026-07-23 05:02:06.831702,
1628,bbmri-eric:ID:ES_BioNER-IIER:collection:Sindrome_X_fragil,Síndrome X frágil,,Disease sample,https://www.isciii.es/QuienesSomos/CentrosPropios/IIER/Paginas/default.aspx,Madrid,ES,,,bbmri-eric:contactID:ES_Martinez_Delgado,bbmri-eric:contactID:ES_Martinez_Delgado,ES,False,,,bbmri-eric:ID:ES_BioNER-IIER,Rare Diseases National Biobank-Institute of Rare Diseases Research (Institute of Health Carlos III),bbmri-eric:networkID:ES_PISCIIIBB,,,RD,BIOLOGICAL_SAMPLES,1,20.0,rare_disease,,,,1.0,0.0,MALE,urn:miriam:icd:Q99.2,,,YEAR,,"DNA,PERIPHERAL_BLOOD_CELLS,PLASMA,SERUM","temperature-60to-85,temperatureLN",,,,,,,,True,,,,,,directory_catalog,https://ejp-rd-vp.github.io/resource-metadata-schema/license/v1.0.txt,BBMRI-ERIC,English,Fragile X chromosome,,,2026-07-23 05:02:06.831702,2026-07-23 05:02:06.831702,
1630,bbmri-eric:ID:ES_BioNER-IIER:collection:Delecion_9q2133q222,Deleción 9q21.33q22.2,,Disease sample;Disease control,https://www.isciii.es/QuienesSomos/CentrosPropios/IIER/Paginas/default.aspx,Madrid,ES,,,bbmri-eric:contactID:ES_Martinez_Delgado,bbmri-eric:contactID:ES_Martinez_Delgado,ES,False,,,bbmri-eric:ID:ES_BioNER-IIER,Rare Diseases National Biobank-Institute of Rare Diseases Research (Institute of Health Carlos III),bbmri-eric:networkID:ES_PISCIIIBB,,,RD,BIOLOGICAL_SAMPLES,1,37.0,rare_disease,,,,3.0,0.0,"MALE,FEMALE",urn:miriam:icd:Q99.8,,,YEAR,,"DNA,PERIPHERAL_BLOOD_CELLS,OTHER,BUFFY_COAT,PLASMA,SERUM","temperature-60to-85,temperatureLN",,,,,,,,True,,,,,,directory_catalog,https://ejp-rd-vp.github.io/resource-metadata-schema/license/v1.0.txt,BBMRI-ERIC,English,Other specified chromosome abnormalities,,,2026-07-23 05:02:06.831702,2026-07-23 05:02:06.831702,
1632,bbmri-eric:ID:ES_BioNER-IIER:collection:Tetrasomia_15q,Tetrasomía 15q,,Disease sample;Disease control,https://www.isciii.es/QuienesSomos/CentrosPropios/IIER/Paginas/default.aspx,Madrid,ES,,,bbmri-eric:contactID:ES_Martinez_Delgado,bbmri-eric:contactID:ES_Martinez_Delgado,ES,False,,,bbmri-eric:ID:ES_BioNER-IIER,Rare Diseases National Biobank-Institute of Rare Diseases Research (Institute of Health Carlos III),bbmri-eric:networkID:ES_PISCIIIBB,,,RD,BIOLOGICAL_SAMPLES,1,22.0,rare_disease,,,,5.0,0.0,"MALE,FEMALE",urn:miriam:icd:Q99.8,,,YEAR,,DNA,temperature-60to-85,,,,,,,,True,,,,,,directory_catalog,https://ejp-rd-vp.github.io/resource-metadata-schema/license/v1.0.txt,BBMRI-ERIC,English,Other specified chromosome abnormalities,,,2026-07-23 05:02:06.831702,2026-07-23 05:02:06.831702,
1633,bbmri-eric:ID:ES_BioNER-IIER:collection:Displasia_Cutaneo-Cerebelo-Trigeminal,Displasia Cutáneo-Cerebelo-Trigeminal,,Disease sample;Disease control,https://www.isciii.es/QuienesSomos/CentrosPropios/IIER/Paginas/default.aspx,Madrid,ES,,,bbmri-eric:contactID:ES_Martinez_Delgado,bbmri-eric:contactID:ES_Martinez_Delgado,ES,False,,,bbmri-eric:ID:ES_BioNER-IIER,Rare Diseases National Biobank-Institute of Rare Diseases Research (Institute of Health Carlos III),bbmri-eric:networkID:ES_PISCIIIBB,,,RD,BIOLOGICAL_SAMPLES,1,72.0,rare_disease,,,,4.0,0.0,"MALE,FEMALE",urn:miriam:icd:Q99.9,,,YEAR,,"DNA,PERIPHERAL_BLOOD_CELLS,PLASMA,SERUM","temperature-60to-85,temperatureLN",,,,,,,,True,,,,,,directory_catalog,https://ejp-rd-vp.github.io/resource-metadata-schema/license/v1.0.txt,BBMRI-ERIC,English,"Other chromosome abnormalities,not elsewhere classified - Chromosomal abnormality,unspecified",,,2026-07-23 05:02:06.831702,2026-07-23 05:02:06.831702,
1635,bbmri-eric:ID:ES_BHCSC:collection:UVT,Uveitis,,"Affected and non affected liquid samples (serum, plasma-EDTA, buffy coat, tempus) from 57 patients since 2022",https://www.idissc.org/espacio-de-apoyo/biobanco/,Madrid,ES,,,bbmri-eric:contactID:ES_Ortega_Medina,bbmri-eric:contactID:ES_Ortega_Medina,ES,False,,,bbmri-eric:ID:ES_BHCSC,Hospital Clínico San Carlos Biobank,bbmri-eric:networkID:ES_PISCIIIBB,,,SAMPLE,BIOLOGICAL_SAMPLES,2,536.0,,,,accredited,57.0,,UNDIFFERENTIAL,,,,,,"PLASMA,SERUM,BUFFY_COAT,OTHER",temperature-60to-85,,,,,,,,True,,,,,,directory_catalog,https://ejp-rd-vp.github.io/resource-metadata-schema/license/v1.0.txt,BBMRI-ERIC,English,,,,2026-07-23 05:02:07.734909,2026-07-23 05:02:07.734909,
1636,bbmri-eric:ID:ES_BioNER-IIER:collection:Trastorno_del_neurodesarrollo_con_epilepsia_cataratas_dificultades_de_alimentacion_y_retraso_de_la_mielinizacion_cerebral_-NECFM,"Trastorno del neurodesarrollo con epilepsia, cataratas, dificultades de alimentación y retraso de la mielinización cerebral -NECFM",,Disease sample;Disease control,https://www.isciii.es/QuienesSomos/CentrosPropios/IIER/Paginas/default.aspx,Madrid,ES,,,bbmri-eric:contactID:ES_Martinez_Delgado,bbmri-eric:contactID:ES_Martinez_Delgado,ES,False,,,bbmri-eric:ID:ES_BioNER-IIER,Rare Diseases National Biobank-Institute of Rare Diseases Research (Institute of Health Carlos III),bbmri-eric:networkID:ES_PISCIIIBB,,,RD,BIOLOGICAL_SAMPLES,1,47.0,rare_disease,,,,3.0,0.0,"MALE,FEMALE",urn:miriam:icd:Q99.9,,,YEAR,,"DNA,PERIPHERAL_BLOOD_CELLS,OTHER,BUFFY_COAT,PLASMA,SERUM","temperature-60to-85,temperatureLN",,,,,,,,True,,,,,,directory_catalog,https://ejp-rd-vp.github.io/resource-metadata-schema/license/v1.0.txt,BBMRI-ERIC,English,"Other chromosome abnormalities,not elsewhere classified - Chromosomal abnormality,unspecified",,,2026-07-23 05:02:06.831702,2026-07-23 05:02:06.831702,
1637,bbmri-eric:ID:ES_BioNER-IIER:collection:Trastorno_del_neurodesarrollo_con_regresion_movimientos_anormales_alteraciones_del_habla_y_convulsiones_NEDAMSS_IRF2BPL,"Trastorno del neurodesarrollo con regresión, movimientos anormales, alteraciones del habla y convulsiones (NEDAMSS), IRF2BPL",,Disease sample;Disease control,https://www.isciii.es/QuienesSomos/CentrosPropios/IIER/Paginas/default.aspx,Madrid,ES,,,bbmri-eric:contactID:ES_Martinez_Delgado,bbmri-eric:contactID:ES_Martinez_Delgado,ES,False,,,bbmri-eric:ID:ES_BioNER-IIER,Rare Diseases National Biobank-Institute of Rare Diseases Research (Institute of Health Carlos III),bbmri-eric:networkID:ES_PISCIIIBB,,,RD,BIOLOGICAL_SAMPLES,1,79.0,rare_disease,,,,4.0,0.0,"MALE,FEMALE",urn:miriam:icd:Q99.9,,,YEAR,,"DNA,PERIPHERAL_BLOOD_CELLS,OTHER,BUFFY_COAT,PLASMA,SERUM","temperature-60to-85,temperatureLN",,,,,,,,True,,,,,,directory_catalog,https://ejp-rd-vp.github.io/resource-metadata-schema/license/v1.0.txt,BBMRI-ERIC,English,"Other chromosome abnormalities,not elsewhere classified - Chromosomal abnormality,unspecified",,,2026-07-23 05:02:06.831702,2026-07-23 05:02:06.831702,
1638,bbmri-eric:ID:ES_FJD:collection:COVID_19,COVID 19,,"Collection of biological samples from COVID-19 patients, including plasma and serum specimens",https://www.fjd.es/iis-fjd/es/unidades-apoyo/unidades-apoyo-investigacion/biobanco,Madrid,ES,,,bbmri-eric:contactID:ES_Rojo_Todo,bbmri-eric:contactID:ES_Rojo_Todo,ES,False,,,bbmri-eric:ID:ES_FJD,Fundación Jiménez Díaz-Biobank,bbmri-eric:networkID:ES_PISCIIIBB,,,SAMPLE,BIOLOGICAL_SAMPLES,3,3336.0,paediatrics,2020-04-06 00:00:00.000,,accredited,417.0,2.0,"FEMALE,MALE",,15.0,101.0,YEAR,,"PLASMA,SERUM",temperature-60to-85,,,,,,,,True,,,,,,directory_catalog,https://ejp-rd-vp.github.io/resource-metadata-schema/license/v1.0.txt,BBMRI-ERIC,English,,,,2026-07-23 05:02:07.734909,2026-07-23 05:02:07.734909,
1639,bbmri-eric:ID:ES_BioNER-IIER:collection:Sin_diagnostico,Sin diagnóstico,,Disease sample;Disease control,https://www.isciii.es/QuienesSomos/CentrosPropios/IIER/Paginas/default.aspx,Madrid,ES,,,bbmri-eric:contactID:ES_Martinez_Delgado,bbmri-eric:contactID:ES_Martinez_Delgado,ES,False,,,bbmri-eric:ID:ES_BioNER-IIER,Rare Diseases National Biobank-Institute of Rare Diseases Research (Institute of Health Carlos III),bbmri-eric:networkID:ES_PISCIIIBB,,,RD,BIOLOGICAL_SAMPLES,3,6386.0,rare_disease,,,,433.0,2.0,"MALE,FEMALE,NAV",urn:miriam:icd:R69,,,YEAR,,"DNA,PERIPHERAL_BLOOD_CELLS,OTHER,OTHER,BUFFY_COAT,PLASMA,SERUM","temperature-60to-85,temperatureLN",,,,,,,,True,,,,,,directory_catalog,https://ejp-rd-vp.github.io/resource-metadata-schema/license/v1.0.txt,BBMRI-ERIC,English,Unknown and unspecified causes of morbidity,,,2026-07-23 05:02:06.831702,2026-07-23 05:02:06.831702,
1641,bbmri-eric:ID:ES_INCLIVA:collection:INC_06_HC,Hereditary Cancer,,Sample collection from patients with hereditary cancer,https://www.incliva.es/en/services/platforms/biobank/,Valencia,ES,,,bbmri-eric:contactID:ES_Alfaro-Cervello,bbmri-eric:contactID:ES_Alfaro-Cervello,ES,False,,,bbmri-eric:ID:ES_INCLIVA,INCLIVA Biobank,bbmri-eric:networkID:ES_PISCIIIBB,,,"SAMPLE,DISEASE_SPECIFIC,HOSPITAL","BIOLOGICAL_SAMPLES,MEDICAL_RECORDS",2,513.0,"oncology,rare_disease",2023-05-16 00:00:00.000,,accredited,14.0,1.0,"FEMALE,MALE",urn:miriam:icd:C50.9,33.0,77.0,YEAR,,"DNA,PLASMA,PERIPHERAL_BLOOD_CELLS,SERUM",temperature-60to-85,,,,True,True,,,True,,,,,,directory_catalog,https://ejp-rd-vp.github.io/resource-metadata-schema/license/v1.0.txt,BBMRI-ERIC,English,"Malignant neoplasm of breast - Malignant neoplasm: Breast,unspecified",,,2026-07-23 05:02:07.734909,2026-07-23 05:02:07.734909,
1644,bbmri-eric:ID:ES_INCLIVA:collection:INC_10_ST-SEMI,ST-Segment Elevation myocardial Infarction,,Sample collection from patients with ST-Segment Elevation myocardial Infarction,https://www.incliva.es/en/services/platforms/biobank/,Valencia,ES,,,bbmri-eric:contactID:ES_Alfaro-Cervello,bbmri-eric:contactID:ES_Alfaro-Cervello,ES,False,,,bbmri-eric:ID:ES_INCLIVA,INCLIVA Biobank,bbmri-eric:networkID:ES_PISCIIIBB,,,"SAMPLE,DISEASE_SPECIFIC,HOSPITAL","BIOLOGICAL_SAMPLES,MEDICAL_RECORDS",2,543.0,cardiovascular,2023-05-16 00:00:00.000,,accredited,115.0,2.0,"FEMALE,MALE",urn:miriam:icd:I21.9,38.0,89.0,YEAR,,"PERIPHERAL_BLOOD_CELLS,SERUM",temperature-60to-85,,,,True,True,,,True,,,,,,directory_catalog,https://ejp-rd-vp.github.io/resource-metadata-schema/license/v1.0.txt,BBMRI-ERIC,English,"Acute myocardial infarction,unspecified",,,2026-07-23 05:02:07.734909,2026-07-23 05:02:07.734909,
1646,bbmri-eric:ID:ES_LAFE:collection:PE_5,MULTIPLE SCLEROSIS,ESCLE,Breast Oncology patients,https://www.iislafe.es/es/apoyo-a-la-investigacion/plataformas-cientifico-tecnologicas/biobanco/,Valencia,ES,43297691,-2985980,bbmri-eric:contactID:ES_Cervera,bbmri-eric:contactID:ES_Amigo,ES,False,,,bbmri-eric:ID:ES_LAFE,Biobanco LA FE,bbmri-eric:networkID:ES_PISCIIIBB,,,"DISEASE_SPECIFIC,SAMPLE,HOSPITAL,CROSS_SECTIONAL,POPULATION_BASED,PROSPECTIVE_COLLECTION","BIOLOGICAL_SAMPLES,CLINICAL_SYMPTOMS,MEDICAL_RECORDS,PHYSIOLOGICAL_BIOCHEMICAL_MEASUREMENTS,TREATMENT_PROTOCOL",3,1662.0,"nervous_system,population",2012-10-24 00:00:00.000,,accredited,1662.0,3.0,"FEMALE,MALE",urn:miriam:icd:G35,27.0,95.0,YEAR,,"OTHER,DNA,CELL_LINES,PLASMA,RNA,SERUM","temperature-60to-85,temperatureLN",,,,True,True,,,True,,,,,"sample_processing_sop,sample_transport_sop,sample_storage_sop,data_processing_sop,data_transport_sop,data_storage_sop",directory_catalog,https://ejp-rd-vp.github.io/resource-metadata-schema/license/v1.0.txt,BBMRI-ERIC,English,Multiple sclerosis,,,2026-07-23 05:02:07.734909,2026-07-23 05:02:07.734909,
1651,bbmri-eric:ID:ES_BioNER-IIER:collection:Fibrilacion_ventricular_idiopatica,Fibrilación ventricular idiopática,,Disease sample;Disease control,https://www.isciii.es/QuienesSomos/CentrosPropios/IIER/Paginas/default.aspx,Madrid,ES,,,bbmri-eric:contactID:ES_Martinez_Delgado,bbmri-eric:contactID:ES_Martinez_Delgado,ES,False,,,bbmri-eric:ID:ES_BioNER-IIER,Rare Diseases National Biobank-Institute of Rare Diseases Research (Institute of Health Carlos III),bbmri-eric:networkID:ES_PISCIIIBB,,,RD,BIOLOGICAL_SAMPLES,1,30.0,"cardiovascular,rare_disease",,,,11.0,1.0,"MALE,FEMALE",urn:miriam:icd:I49.0,,,YEAR,,DNA,temperature-60to-85,,,,,,,,True,,,,,,directory_catalog,https://ejp-rd-vp.github.io/resource-metadata-schema/license/v1.0.txt,BBMRI-ERIC,English,Other cardiac arrhythmias - Ventricular fibrillation and flutter,,,2026-07-23 05:02:06.556069,2026-07-23 05:02:06.556069,
1656,bbmri-eric:ID:ES_BV:collection:COVID-19_positive,COVID-19 positive,COVID,Disease caused by Severe acute respiratory syndrome coronavirus 2,https://www.biobancovasco.org,País Vasco,ES,43297691,-2985980,,bbmri-eric:contactID:ES_Bilbao,ES,False,,,bbmri-eric:ID:ES_BV,Basque Biobank,bbmri-eric:networkID:ES_PISCIIIBB,,,DISEASE_SPECIFIC,"BIOLOGICAL_SAMPLES,CLINICAL_SYMPTOMS,CT,MEDICAL_RECORDS,TREATMENT_PROTOCOL",4,63371.0,"infectious,paediatrics,covid19",2023-01-25 00:00:00.000,,,3806.0,3.0,"FEMALE,MALE,NAV",urn:miriam:icd:U07.1,6.0,99.0,YEAR,,"BUFFY_COAT,PLASMA,SERUM,WHOLE_BLOOD",temperature-60to-85,,,,True,True,,,True,,,,,"sample_processing_sop,sample_transport_sop,sample_storage_sop,data_processing_sop,data_transport_sop,data_storage_sop",directory_catalog,https://ejp-rd-vp.github.io/resource-metadata-schema/license/v1.0.txt,BBMRI-ERIC,English,"Emergency use of U07 - COVID-19,virus identified",,,2026-07-23 05:02:06.831702,2026-07-23 05:02:06.831702,
1658,bbmri-eric:ID:ES_BV:collection:COVID-19_vaccine,COVID-19 vaccine,COVID,Administration of vaccine product against Severe acute respiratory syndrome coronavirus 2,https://www.biobancovasco.org,País Vasco,ES,43297691,-2985980,,bbmri-eric:contactID:ES_Bilbao,ES,False,,,bbmri-eric:ID:ES_BV,Basque Biobank,bbmri-eric:networkID:ES_PISCIIIBB,,,DISEASE_SPECIFIC,"BIOLOGICAL_SAMPLES,CLINICAL_SYMPTOMS,CT,MEDICAL_RECORDS,TREATMENT_PROTOCOL",2,516.0,"infectious,covid19",2023-01-25 00:00:00.000,,,34.0,1.0,"FEMALE,MALE,NAV",urn:miriam:icd:U07.1,30.0,59.0,YEAR,,"BUFFY_COAT,PLASMA,SERUM,WHOLE_BLOOD",temperature-60to-85,,,,True,True,,,True,,,,,"sample_processing_sop,sample_transport_sop,sample_storage_sop,data_processing_sop,data_transport_sop,data_storage_sop",directory_catalog,https://ejp-rd-vp.github.io/resource-metadata-schema/license/v1.0.txt,BBMRI-ERIC,English,"Emergency use of U07 - COVID-19,virus identified",,,2026-07-23 05:02:06.831702,2026-07-23 05:02:06.831702,
1667,bbmri-eric:ID:ES_INCLIVA:collection:INC_26_MS,Multiple Sclerosis,,Sample collection from patients with Multiple Sclerosis,https://www.incliva.es/en/services/platforms/biobank/,Valencia,ES,,,bbmri-eric:contactID:ES_Alfaro-Cervello,bbmri-eric:contactID:ES_Alfaro-Cervello,ES,False,,,bbmri-eric:ID:ES_INCLIVA,INCLIVA Biobank,bbmri-eric:networkID:ES_PISCIIIBB,,,"SAMPLE,DISEASE_SPECIFIC,HOSPITAL","BIOLOGICAL_SAMPLES,MEDICAL_RECORDS",2,725.0,"nervous_system,paediatrics",2023-05-16 00:00:00.000,,accredited,71.0,1.0,"FEMALE,MALE",urn:miriam:icd:G35,16.0,76.0,YEAR,,"OTHER,DNA,PERIPHERAL_BLOOD_CELLS,PLASMA","temperature-60to-85,temperatureOther",,,,True,True,,,True,,,,,,directory_catalog,https://ejp-rd-vp.github.io/resource-metadata-schema/license/v1.0.txt,BBMRI-ERIC,English,Multiple sclerosis,,,2026-07-23 05:02:07.734909,2026-07-23 05:02:07.734909,
1671,bbmri-eric:ID:ES_LAFE:collection:PE_17_3,DEMENTIAS,NeuroDEM,Patients with dementias,https://www.iislafe.es/es/apoyo-a-la-investigacion/plataformas-cientifico-tecnologicas/biobanco/,Valencia,ES,43297691,-2985980,bbmri-eric:contactID:ES_Cervera,bbmri-eric:contactID:ES_Amigo,ES,False,,,bbmri-eric:ID:ES_LAFE,Biobanco LA FE,bbmri-eric:networkID:ES_PISCIIIBB,,,"SAMPLE,CASE_CONTROL,COHORT,DISEASE_SPECIFIC,HOSPITAL,QUALITY_CONTROL","BIOLOGICAL_SAMPLES,BLOOD,CLINICAL_SYMPTOMS,DiseaseDuration,MEDICAL_RECORDS,TREATMENT_PROTOCOL",3,1511.0,population,2014-01-16 00:00:00.000,,accredited,1511.0,3.0,"MALE,FEMALE",urn:miriam:icd:F03,54.0,81.0,YEAR,,"DNA,PLASMA,RNA,SERUM",temperature-60to-85,,,,True,True,,,True,,,,,"sample_processing_sop,sample_transport_sop,sample_storage_sop,data_processing_sop,data_transport_sop,data_storage_sop",directory_catalog,https://ejp-rd-vp.github.io/resource-metadata-schema/license/v1.0.txt,BBMRI-ERIC,English,Unspecified dementia,,,2026-07-23 05:02:07.734909,2026-07-23 05:02:07.734909,
1672,bbmri-eric:ID:ES_FJD:collection:MADRID-COVID,MADRID-COVID,,Pilot clinical trial in patients with COVID-19-related acute respiratory distress syndrome that evaluated the use of intravenous metoprolol and whose biological collection includes whole blood samples and bronchoalveolar lavage specimens for the analysis of biomarkers and inflammation.,https://www.fjd.es/iis-fjd/es/unidades-apoyo/unidades-apoyo-investigacion/biobanco,Madrid,ES,,,bbmri-eric:contactID:ES_Rojo_Todo,bbmri-eric:contactID:ES_Rojo_Todo,ES,False,,,bbmri-eric:ID:ES_FJD,Fundación Jiménez Díaz-Biobank,bbmri-eric:networkID:ES_PISCIIIBB,,,SAMPLE,BIOLOGICAL_SAMPLES,2,500.0,,2020-10-21 00:00:00.000,,accredited,20.0,1.0,"FEMALE,MALE",,38.0,77.0,YEAR,,"PLASMA,SERUM,OTHER",temperature-60to-85,,,,,,,,True,,,,,,directory_catalog,https://ejp-rd-vp.github.io/resource-metadata-schema/license/v1.0.txt,BBMRI-ERIC,English,,,,2026-07-23 05:02:07.734909,2026-07-23 05:02:07.734909,
1685,bbmri-eric:ID:ES_IBSP-CV:collection:IBSP-001-SCH,HEREDITARY Oncology,SCH,Collection associated with the Hereditary Oncology Program of the Valencian Community. The samples in the collection come from surpluses from diagnostic processes of the set of hereditary Oncology types in which genetic counseling is offered.,https://fisabio.san.gva.es/es/apoyo-a-la-investigacion/plataformas-y-servicios-cientifico-tecnicos/biobancos/biobanco-ibsp-cv/,Valencia,ES,,,bbmri-eric:contactID:ES_Martinez_Santamaria,bbmri-eric:contactID:ES_Martinez_Santamaria,ES,False,,,bbmri-eric:ID:ES_IBSP-CV,Biobank for Biomedical Research and Public Health of the Valencian Community,bbmri-eric:networkID:ES_PISCIIIBB,,,POPULATION_BASED,"BIOLOGICAL_SAMPLES,GENEALOGICAL_RECORDS,MEDICAL_RECORDS",4,16832.0,"paediatrics,population",2024-08-16 00:00:00.000,,accredited,11254.0,4.0,"FEMALE,MALE",,0.0,87.0,YEAR,,"DNA,BUFFY_COAT",temperature-60to-85,,,,,,,,True,,,,,,directory_catalog,https://ejp-rd-vp.github.io/resource-metadata-schema/license/v1.0.txt,BBMRI-ERIC,English,,,,2026-07-23 05:02:06.831702,2026-07-23 05:02:06.831702,
1686,bbmri-eric:ID:ES_INCLIVA:collection:INC_23_OC,Ovarian Cancer,,Sample collection from patients with ovarian cancer,https://www.incliva.es/en/services/platforms/biobank/,Valencia,ES,,,bbmri-eric:contactID:ES_Alfaro-Cervello,bbmri-eric:contactID:ES_Alfaro-Cervello,ES,False,,,bbmri-eric:ID:ES_INCLIVA,INCLIVA Biobank,bbmri-eric:networkID:ES_PISCIIIBB,,,"SAMPLE,DISEASE_SPECIFIC,HOSPITAL","BIOLOGICAL_SAMPLES,MEDICAL_RECORDS",3,3671.0,oncology,2023-05-16 00:00:00.000,,accredited,87.0,1.0,FEMALE,urn:miriam:icd:C56,36.0,90.0,YEAR,,"PERIPHERAL_BLOOD_CELLS,PLASMA,SERUM,TISSUE_PARAFFIN_EMBEDDED,OTHER,BUFFY_COAT",temperature-60to-85,,,,True,True,,,True,,,,,,directory_catalog,https://ejp-rd-vp.github.io/resource-metadata-schema/license/v1.0.txt,BBMRI-ERIC,English,Malignant neoplasm of ovary,,,2026-07-23 05:02:07.734909,2026-07-23 05:02:07.734909,
1690,bbmri-eric:ID:ES_IBSP-CV:collection:IBSP-006-SI,Child Population,SI,Collection from samples obtained for the project “Analysis of the relevance of changing the vaccination regimen against Meninogococcus C. Epidemiological modeling using random networks” carried out from the Vaccine Area of ​​Fisabio-Public Health,https://fisabio.san.gva.es/es/apoyo-a-la-investigacion/plataformas-y-servicios-cientifico-tecnicos/biobancos/biobanco-ibsp-cv/,Valencia,ES,,,bbmri-eric:contactID:ES_Martinez_Santamaria,bbmri-eric:contactID:ES_Martinez_Santamaria,ES,False,,,bbmri-eric:ID:ES_IBSP-CV,Biobank for Biomedical Research and Public Health of the Valencian Community,bbmri-eric:networkID:ES_PISCIIIBB,,,POPULATION_BASED,"BIOLOGICAL_SAMPLES,SURVEY_DATA",3,2209.0,"paediatrics,population",2024-08-16 00:00:00.000,,accredited,758.0,2.0,"FEMALE,MALE",,0.0,18.0,YEAR,,DNA,temperature-60to-85,,,,,,,,True,,,,,,directory_catalog,https://ejp-rd-vp.github.io/resource-metadata-schema/license/v1.0.txt,BBMRI-ERIC,English,,,,2026-07-23 05:02:06.831702,2026-07-23 05:02:06.831702,
1691,bbmri-eric:ID:ES_INCLIVA:collection:INC_29_EMD,Endocrine-metabolic Deseases,,Sample collection from patients (and controls) with Endocrine-Metabolic Diseases like Mellitus Diabetes.,https://www.incliva.es/en/services/platforms/biobank/,Valencia,ES,,,bbmri-eric:contactID:ES_Alfaro-Cervello,bbmri-eric:contactID:ES_Alfaro-Cervello,ES,False,,,bbmri-eric:ID:ES_INCLIVA,INCLIVA Biobank,bbmri-eric:networkID:ES_PISCIIIBB,,,"SAMPLE,DISEASE_SPECIFIC,HOSPITAL,CASE_CONTROL","BIOLOGICAL_SAMPLES,MEDICAL_RECORDS",3,4016.0,"metabolic,population",2023-05-16 00:00:00.000,,accredited,269.0,2.0,"FEMALE,MALE",urn:miriam:icd:E14.9,19.0,85.0,YEAR,,"DNA,PERIPHERAL_BLOOD_CELLS,PLASMA,SERUM,URINE,BUFFY_COAT",temperature-60to-85,,,,True,True,,,True,,,,,,directory_catalog,https://ejp-rd-vp.github.io/resource-metadata-schema/license/v1.0.txt,BBMRI-ERIC,English,Unspecified diabetes mellitus - Unspecified diabetes mellitus: Without complications,,,2026-07-23 05:02:07.734909,2026-07-23 05:02:07.734909,
1694,bbmri-eric:ID:ES_HMRIB:collection:C_0001331,Diagnostic Surplus Sample Bank,,"Collections of any type of sample (serum, plasma, cerebrospinal fluid, urine, tissues...) obtained at the Parc de Salut Mar as part of the healthcare process",https://marbiobanc.imim.es/es_index,Barcelona,ES,,,bbmri-eric:contactID:ES_Iglesias_Coma,bbmri-eric:contactID:ES_Iglesias_Coma,ES,False,,,bbmri-eric:ID:ES_HMRIB,Hospital Del Mar Research Institute Barcelona,bbmri-eric:networkID:ES_PISCIIIBB,,,HOSPITAL,MEDICAL_RECORDS,5,,paediatrics,,,accredited,,,,,0.0,99.0,YEAR,,TISSUE_PARAFFIN_EMBEDDED,temperatureRoom,,,,,,,,True,,,,,,directory_catalog,https://ejp-rd-vp.github.io/resource-metadata-schema/license/v1.0.txt,BBMRI-ERIC,English,,,,2026-07-23 05:02:08.227210,2026-07-23 05:02:08.227210,
1700,bbmri-eric:ID:ES_HMRIB:collection:C_0001439,Stroke Sample Bank,,Collection of serum and plasma samples from patients diagnosed with cerebral infarction,https://marbiobanc.imim.es/es_index,Barcelona,ES,,,bbmri-eric:contactID:ES_Iglesias_Coma,bbmri-eric:contactID:ES_Iglesias_Coma,ES,False,,,bbmri-eric:ID:ES_HMRIB,Hospital Del Mar Research Institute Barcelona,bbmri-eric:networkID:ES_PISCIIIBB,,,SAMPLE,BIOLOGICAL_SAMPLES,2,,,,,accredited,,,,,,,,,PLASMA,temperature-60to-85,,,,,,,,True,,,,,,directory_catalog,https://ejp-rd-vp.github.io/resource-metadata-schema/license/v1.0.txt,BBMRI-ERIC,English,,,,2026-07-23 05:02:08.227210,2026-07-23 05:02:08.227210,
1702,bbmri-eric:ID:ES_IBSP-CV:collection:IBSP-057-COVGRA,SERIOUS COVID,COVID GRAVES,Repository of biological samples from donors who have suffered COVID infection and who have suffered from it with hospital admission and in a serious way. The collection also includes a questionnaire of relevant information associated with the same samples about the health status of each donor.,https://fisabio.san.gva.es/es/apoyo-a-la-investigacion/plataformas-y-servicios-cientifico-tecnicos/biobancos/biobanco-ibsp-cv/,Valencia,ES,,,bbmri-eric:contactID:ES_Martinez_Santamaria,bbmri-eric:contactID:ES_Martinez_Santamaria,ES,False,,,bbmri-eric:ID:ES_IBSP-CV,Biobank for Biomedical Research and Public Health of the Valencian Community,bbmri-eric:networkID:ES_PISCIIIBB,,,DISEASE_SPECIFIC,"BIOLOGICAL_SAMPLES,CLINICAL_SYMPTOMS,MEDICAL_RECORDS,PHYSIOLOGICAL_BIOCHEMICAL_MEASUREMENTS",2,115.0,paediatrics,2024-08-16 00:00:00.000,,accredited,89.0,1.0,"FEMALE,MALE",,17.0,97.0,YEAR,,"DNA,BUFFY_COAT",temperature-60to-85,,,,,,,,True,,,,,,directory_catalog,https://ejp-rd-vp.github.io/resource-metadata-schema/license/v1.0.txt,BBMRI-ERIC,English,,,,2026-07-23 05:02:06.831702,2026-07-23 05:02:06.831702,
1703,bbmri-eric:ID:ES_HMRIB:collection:CP_0000003,Collection of Samples from Renal Glomerular Diseases,GLOSEN,A collection consisting of biological samples from patients diagnosed with renal glomerular disease via kidney biopsy.,https://marbiobanc.imim.es/es_index,Barcelona,ES,,,bbmri-eric:contactID:ES_Iglesias_Coma,bbmri-eric:contactID:ES_Iglesias_Coma,ES,False,,,bbmri-eric:ID:ES_HMRIB,Hospital Del Mar Research Institute Barcelona,bbmri-eric:networkID:ES_PISCIIIBB,,,SAMPLE,BIOLOGICAL_SAMPLES,4,,paediatrics,,,accredited,,,,,0.0,99.0,YEAR,,WHOLE_BLOOD,temperature-60to-85,,,,,,,,True,,,,,,directory_catalog,https://ejp-rd-vp.github.io/resource-metadata-schema/license/v1.0.txt,BBMRI-ERIC,English,,,,2026-07-23 05:02:08.227210,2026-07-23 05:02:08.227210,
1705,bbmri-eric:ID:ES_IBSP-CV:collection:IBSP-064-NEF,NEPHROPATHOLOGIES,NEF,"Repository of biological samples (tissue, blood, serum, plasma, DNA and urine) from donors who are biopsied with a suspected diagnosis of glomerular or tubulo-interstitial renal pathology.",https://fisabio.san.gva.es/es/apoyo-a-la-investigacion/plataformas-y-servicios-cientifico-tecnicos/biobancos/biobanco-ibsp-cv/,Valencia,ES,,,bbmri-eric:contactID:ES_Martinez_Santamaria,bbmri-eric:contactID:ES_Martinez_Santamaria,ES,False,,,bbmri-eric:ID:ES_IBSP-CV,Biobank for Biomedical Research and Public Health of the Valencian Community,bbmri-eric:networkID:ES_PISCIIIBB,,,DISEASE_SPECIFIC,"BIOLOGICAL_SAMPLES,MEDICAL_RECORDS",2,168.0,paediatrics,2024-08-16 00:00:00.000,,accredited,163.0,2.0,"FEMALE,MALE",,16.0,85.0,YEAR,,"DNA,BUFFY_COAT",temperature-60to-85,,,,,,,,True,,,,,,directory_catalog,https://ejp-rd-vp.github.io/resource-metadata-schema/license/v1.0.txt,BBMRI-ERIC,English,,,,2026-07-23 05:02:06.831702,2026-07-23 05:02:06.831702,
1709,bbmri-eric:ID:ES_IBSP-CV:collection:IBSP-071-LONGCOVID,LONG COVID,LONG COVID,"Repository of biological samples from donors who have suffered COVID infection and who remain with symptoms after the considered acute phase of the disease, after 4 and even 12 weeks, with symptoms persisting over time. The collection also includes a questionnaire of relevant information associated with the same samples about the health status of each donor.",https://fisabio.san.gva.es/es/apoyo-a-la-investigacion/plataformas-y-servicios-cientifico-tecnicos/biobancos/biobanco-ibsp-cv/,Valencia,ES,,,bbmri-eric:contactID:ES_Martinez_Santamaria,bbmri-eric:contactID:ES_Martinez_Santamaria,ES,False,,,bbmri-eric:ID:ES_IBSP-CV,Biobank for Biomedical Research and Public Health of the Valencian Community,bbmri-eric:networkID:ES_PISCIIIBB,,,DISEASE_SPECIFIC,"BIOLOGICAL_SAMPLES,CLINICAL_SYMPTOMS,PHYSIOLOGICAL_BIOCHEMICAL_MEASUREMENTS,SURVEY_DATA",2,401.0,paediatrics,2024-08-16 00:00:00.000,,accredited,150.0,2.0,"FEMALE,MALE",,14.0,73.0,YEAR,,"DNA,BUFFY_COAT",temperature-60to-85,,,,,,,,True,,,,,,directory_catalog,https://ejp-rd-vp.github.io/resource-metadata-schema/license/v1.0.txt,BBMRI-ERIC,English,,,,2026-07-23 05:02:06.831702,2026-07-23 05:02:06.831702,
1711,bbmri-eric:ID:ES_IBSP-CV:collection:IBSP-076-VIH,HIV,VIH,This project is based on the creation of a prospective cross-sectional cohort of patients with chronic HIV infection.,https://fisabio.san.gva.es/es/apoyo-a-la-investigacion/plataformas-y-servicios-cientifico-tecnicos/biobancos/biobanco-ibsp-cv/,Valencia,ES,,,bbmri-eric:contactID:ES_Martinez_Santamaria,bbmri-eric:contactID:ES_Martinez_Santamaria,ES,False,,,bbmri-eric:ID:ES_IBSP-CV,Biobank for Biomedical Research and Public Health of the Valencian Community,bbmri-eric:networkID:ES_PISCIIIBB,,,DISEASE_SPECIFIC,"BIOLOGICAL_SAMPLES,MEDICAL_RECORDS",2,184.0,,2024-08-16 00:00:00.000,,accredited,101.0,2.0,"FEMALE,MALE",,26.0,78.0,YEAR,,"DNA,BUFFY_COAT",temperature-60to-85,,,,,,,,True,,,,,,directory_catalog,https://ejp-rd-vp.github.io/resource-metadata-schema/license/v1.0.txt,BBMRI-ERIC,English,,,,2026-07-23 05:02:06.831702,2026-07-23 05:02:06.831702,
1712,bbmri-eric:ID:ES_IBSP-CV:collection:IBSP-086-COVAC,COVID VACCINATED,COVAC,Repository of biological samples from donors who have suffered COVID infection and who have suffered from it without hospital admission and in a mild or asymptomatic manner and have subsequently been vaccinated. The collection also includes a questionnaire of relevant information associated with the same samples about the health status of each donor.,https://fisabio.san.gva.es/es/apoyo-a-la-investigacion/plataformas-y-servicios-cientifico-tecnicos/biobancos/biobanco-ibsp-cv/,Valencia,ES,,,bbmri-eric:contactID:ES_Martinez_Santamaria,bbmri-eric:contactID:ES_Martinez_Santamaria,ES,False,,,bbmri-eric:ID:ES_IBSP-CV,Biobank for Biomedical Research and Public Health of the Valencian Community,bbmri-eric:networkID:ES_PISCIIIBB,,,POPULATION_BASED,"BIOLOGICAL_SAMPLES,CLINICAL_SYMPTOMS,SURVEY_DATA",2,239.0,population,2024-08-16 00:00:00.000,,accredited,54.0,1.0,"FEMALE,MALE",,19.0,55.0,YEAR,,"DNA,BUFFY_COAT",temperature-60to-85,,,,,,,,True,,,,,,directory_catalog,https://ejp-rd-vp.github.io/resource-metadata-schema/license/v1.0.txt,BBMRI-ERIC,English,,,,2026-07-23 05:02:06.831702,2026-07-23 05:02:06.831702,
1714,bbmri-eric:ID:ES_IBSP-CV:collection:IBSP-089-COT,UVEITIS,COTHEIA,"The CoTHEIA study is a clinical trial in which the efficacy, safety and cost-effectiveness will be evaluated treatment with methotrexate monotherapy, adalimumab in monotherapy and the combination of these two, in patients with non-anterior and non-anterior uveitis",https://fisabio.san.gva.es/es/apoyo-a-la-investigacion/plataformas-y-servicios-cientifico-tecnicos/biobancos/biobanco-ibsp-cv/,Valencia,ES,,,bbmri-eric:contactID:ES_Martinez_Santamaria,bbmri-eric:contactID:ES_Martinez_Santamaria,ES,False,,,bbmri-eric:ID:ES_IBSP-CV,Biobank for Biomedical Research and Public Health of the Valencian Community,bbmri-eric:networkID:ES_PISCIIIBB,,,DISEASE_SPECIFIC,"BIOLOGICAL_SAMPLES,MEDICAL_RECORDS",0,6.0,,2024-08-16 00:00:00.000,,accredited,2.0,0.0,"FEMALE,MALE",,18.0,29.0,YEAR,,"DNA,BUFFY_COAT",temperature-60to-85,,,,,,,,True,,,,,,directory_catalog,https://ejp-rd-vp.github.io/resource-metadata-schema/license/v1.0.txt,BBMRI-ERIC,English,,,,2026-07-23 05:02:06.831702,2026-07-23 05:02:06.831702,
1716,bbmri-eric:ID:ES_IBSP-CV:collection:IBSP-099-FIB,FIBROMYALGIA AND CHRONIC FATIGUE SYNDROME,FIB,"This collection may allow the development of projects to identify specific HERV elements, among the 8% of human genomic sequences, which are activated especially in FM, ME/CFS and persistent COVID in order to carry out a differential diagnosis (""HERV fingerprints"" specific to the disease).",https://fisabio.san.gva.es/es/apoyo-a-la-investigacion/plataformas-y-servicios-cientifico-tecnicos/biobancos/biobanco-ibsp-cv/,Valencia,ES,,,bbmri-eric:contactID:ES_Martinez_Santamaria,bbmri-eric:contactID:ES_Martinez_Santamaria,ES,False,,,bbmri-eric:ID:ES_IBSP-CV,Biobank for Biomedical Research and Public Health of the Valencian Community,bbmri-eric:networkID:ES_PISCIIIBB,,,DISEASE_SPECIFIC,"BIOLOGICAL_SAMPLES,CLINICAL_SYMPTOMS,PHYSIOLOGICAL_BIOCHEMICAL_MEASUREMENTS,SURVEY_DATA",2,125.0,,2024-08-16 00:00:00.000,,accredited,124.0,2.0,FEMALE,,18.0,67.0,YEAR,,"DNA,BUFFY_COAT",temperature-60to-85,,,,,,,,True,,,,,,directory_catalog,https://ejp-rd-vp.github.io/resource-metadata-schema/license/v1.0.txt,BBMRI-ERIC,English,,,,2026-07-23 05:02:06.831702,2026-07-23 05:02:06.831702,
1722,bbmri-eric:ID:ES_MDAN:collection:BSHC,Healthy control blood collection,,"Samples of whole blood, plasma and serum obtained from voluntary healthy donors with no history of malignant neoplastic disease, collected as part of the care activities at the Hospital.",https://fundacionmdanderson.es/biobanco,Madrid,ES,,,bbmri-eric:contactID:ES_Garcia_Garcia,bbmri-eric:contactID:ES_Garcia_Garcia,ES,False,,,bbmri-eric:ID:ES_MDAN,MD Anderson Foundation Biobank - Hospiten,bbmri-eric:networkID:ES_PISCIIIBB,,,HOSPITAL,BIOLOGICAL_SAMPLES,2,,,,,accredited,,,,,18.0,99.0,,,SERUM,temperature-60to-85,,,,,,,,True,,,,,,directory_catalog,https://ejp-rd-vp.github.io/resource-metadata-schema/license/v1.0.txt,BBMRI-ERIC,English,,,,2026-07-23 05:02:08.227210,2026-07-23 05:02:08.227210,
1724,bbmri-eric:ID:ES_MDAN:collection:BWHC,Healthy control blood collection,,"Samples of whole blood, plasma and serum obtained from voluntary healthy donors with no history of malignant neoplastic disease, collected as part of the care activities at the Hospital.",https://fundacionmdanderson.es/biobanco,Madrid,ES,,,bbmri-eric:contactID:ES_Garcia_Garcia,bbmri-eric:contactID:ES_Garcia_Garcia,ES,False,,,bbmri-eric:ID:ES_MDAN,MD Anderson Foundation Biobank - Hospiten,bbmri-eric:networkID:ES_PISCIIIBB,,,HOSPITAL,BIOLOGICAL_SAMPLES,2,,,,,accredited,,,,,18.0,99.0,,,WHOLE_BLOOD,temperature-60to-85,,,,,,,,True,,,,,,directory_catalog,https://ejp-rd-vp.github.io/resource-metadata-schema/license/v1.0.txt,BBMRI-ERIC,English,,,,2026-07-23 05:02:08.227210,2026-07-23 05:02:08.227210,
1725,bbmri-eric:ID:ES_VHIR:collection:ImmunologyBank_45,Immunology Bank,,The collection is made up of blood samples and blood derivatives from patients with immunodeficiencies who were treated at the Vall d'Hebron University Hospital.,https://vhir.vallhebron.com/en/research-support/biobank,Barcelona,ES,,,bbmri-eric:contactID:ES_Novoa_Garcia,bbmri-eric:contactID:ES_Novoa_Garcia,ES,False,,,bbmri-eric:ID:ES_VHIR,Vall d'Hebron Research Institute,bbmri-eric:networkID:ES_PISCIIIBB,,,RD,"BIOLOGICAL_SAMPLES,MEDICAL_RECORDS",0,1.0,"autoimmune,rare_disease",,,accredited,1.0,0.0,MALE,urn:miriam:icd:D80.6,23.0,23.0,YEAR,,"DNA,PLASMA,PERIPHERAL_BLOOD_CELLS,SERUM","temperature-60to-85,temperatureLN",,,,,,,,True,,,,,,directory_catalog,https://ejp-rd-vp.github.io/resource-metadata-schema/license/v1.0.txt,BBMRI-ERIC,English,Antibody deficiency with near-normal immunoglobulins or with hyperimmunoglobulinaemia,,,2026-07-23 05:02:08.227210,2026-07-23 05:02:08.227210,
1726,bbmri-eric:ID:ES_VHIR:collection:ImmunologyBank_46,Immunology Bank,,The collection is made up of blood samples and blood derivatives from patients with immunodeficiencies who were treated at the Vall d'Hebron University Hospital.,https://vhir.vallhebron.com/en/research-support/biobank,Barcelona,ES,,,bbmri-eric:contactID:ES_Novoa_Garcia,bbmri-eric:contactID:ES_Novoa_Garcia,ES,False,,,bbmri-eric:ID:ES_VHIR,Vall d'Hebron Research Institute,bbmri-eric:networkID:ES_PISCIIIBB,,,RD,"BIOLOGICAL_SAMPLES,MEDICAL_RECORDS",0,2.0,"autoimmune,rare_disease",,,accredited,2.0,0.0,MALE,urn:miriam:icd:D80.9,22.0,25.0,YEAR,,"DNA,PLASMA,PERIPHERAL_BLOOD_CELLS,SERUM","temperature-60to-85,temperatureLN",,,,,,,,True,,,,,,directory_catalog,https://ejp-rd-vp.github.io/resource-metadata-schema/license/v1.0.txt,BBMRI-ERIC,English,"Immunodeficiency with predominantly antibody defects,unspecified",,,2026-07-23 05:02:08.227210,2026-07-23 05:02:08.227210,
1727,bbmri-eric:ID:ES_IBSP-CV:collection:IBSP-115-LIQ,LIQDEM,LIQ,The general objective of this project is the validation (and subsequent evolution) of a diagnostic fingerprint of proteins in blood samples of Alzheimer's disease (AD),https://fisabio.san.gva.es/es/apoyo-a-la-investigacion/plataformas-y-servicios-cientifico-tecnicos/biobancos/biobanco-ibsp-cv/,Valencia,ES,,,bbmri-eric:contactID:ES_Martinez_Santamaria,bbmri-eric:contactID:ES_Martinez_Santamaria,ES,False,,,bbmri-eric:ID:ES_IBSP-CV,Biobank for Biomedical Research and Public Health of the Valencian Community,bbmri-eric:networkID:ES_PISCIIIBB,,,DISEASE_SPECIFIC,"BIOLOGICAL_SAMPLES,MEDICAL_RECORDS,SURVEY_DATA",1,17.0,,2024-08-16 00:00:00.000,,accredited,17.0,1.0,"FEMALE,MALE",,55.0,81.0,YEAR,,"DNA,BUFFY_COAT",temperature-60to-85,,,,,,,,True,,,,,,directory_catalog,https://ejp-rd-vp.github.io/resource-metadata-schema/license/v1.0.txt,BBMRI-ERIC,English,,,,2026-07-23 05:02:07.214667,2026-07-23 05:02:07.214667,
1728,bbmri-eric:ID:ES_IBSP-CV:collection:IBSP-68-CTCVCOV,CTCV COVID,CTCV COVID,Repository of biological samples from donors who have suffered COVID infection in the Valencian Community.,https://fisabio.san.gva.es/es/apoyo-a-la-investigacion/plataformas-y-servicios-cientifico-tecnicos/biobancos/biobanco-ibsp-cv/,Valencia,ES,,,bbmri-eric:contactID:ES_Martinez_Santamaria,bbmri-eric:contactID:ES_Martinez_Santamaria,ES,False,,,bbmri-eric:ID:ES_IBSP-CV,Biobank for Biomedical Research and Public Health of the Valencian Community,bbmri-eric:networkID:ES_PISCIIIBB,,,DISEASE_SPECIFIC,BIOLOGICAL_SAMPLES,2,946.0,paediatrics,2024-08-16 00:00:00.000,,accredited,535.0,2.0,"FEMALE,MALE",,16.0,32.0,YEAR,,DNA,temperature-60to-85,,,,,,,,True,,,,,,directory_catalog,https://ejp-rd-vp.github.io/resource-metadata-schema/license/v1.0.txt,BBMRI-ERIC,English,,,,2026-07-23 05:02:07.214667,2026-07-23 05:02:07.214667,
1729,bbmri-eric:ID:ES_VHIR:collection:ImmunologyBank_47,Immunology Bank,,The collection is made up of blood samples and blood derivatives from patients with immunodeficiencies who were treated at the Vall d'Hebron University Hospital.,https://vhir.vallhebron.com/en/research-support/biobank,Barcelona,ES,,,bbmri-eric:contactID:ES_Novoa_Garcia,bbmri-eric:contactID:ES_Novoa_Garcia,ES,False,,,bbmri-eric:ID:ES_VHIR,Vall d'Hebron Research Institute,bbmri-eric:networkID:ES_PISCIIIBB,,,RD,"BIOLOGICAL_SAMPLES,MEDICAL_RECORDS",0,3.0,"autoimmune,paediatrics,rare_disease",,,accredited,3.0,0.0,MALE,urn:miriam:icd:D81.1,2.0,3.0,YEAR,,"DNA,PLASMA,PERIPHERAL_BLOOD_CELLS,SERUM","temperature-60to-85,temperatureLN",,,,,,,,True,,,,,,directory_catalog,https://ejp-rd-vp.github.io/resource-metadata-schema/license/v1.0.txt,BBMRI-ERIC,English,Severe combined immunodeficiency [SCID] with low T- and B-cell numbers,,,2026-07-23 05:02:08.227210,2026-07-23 05:02:08.227210,
1730,bbmri-eric:ID:ES_IDIBELL:collection:BTN,Neurological Tissue Bank,BTN,Tissue samples from healthy and diseased central nervous system obtained during autopsy procedure,https://idibell.cat/en/services/scientific-and-technical-services/biobank/,Barcelona,ES,,,bbmri-eric:contactID:ES_Climent_Esteller,bbmri-eric:contactID:ES_Climent_Esteller,ES,False,,,bbmri-eric:ID:ES_IDIBELL,HUB-ICO-IDIBELL Biobank,bbmri-eric:networkID:ES_PISCIIIBB,,,"SAMPLE,HOSPITAL","BIOLOGICAL_SAMPLES,DiseaseDuration,TREATMENT_PROTOCOL,MEDICAL_RECORDS",4,15179.0,,2026-03-31 00:00:00.000,,accredited,2541.0,3.0,"FEMALE,MALE",,18.0,99.0,YEAR,,OTHER,temperature-60to-85,,,,,,,,True,,,,,"sample_processing_sop,sample_storage_sop",directory_catalog,https://ejp-rd-vp.github.io/resource-metadata-schema/license/v1.0.txt,BBMRI-ERIC,English,,,,2026-07-23 05:02:07.214667,2026-07-23 05:02:07.214667,
1731,bbmri-eric:ID:ES_IDIBELL:collection:BDT,Tumor Bank,BDT,Surplus diagnostic tissue samples from common solid neoplasms.,https://idibell.cat/en/services/scientific-and-technical-services/biobank/,Barcelona,ES,,,bbmri-eric:contactID:ES_Climent_Esteller,bbmri-eric:contactID:ES_Climent_Esteller,ES,False,,,bbmri-eric:ID:ES_IDIBELL,HUB-ICO-IDIBELL Biobank,bbmri-eric:networkID:ES_PISCIIIBB,,,"SAMPLE,HOSPITAL","BIOLOGICAL_SAMPLES,MEDICAL_RECORDS",5,70000.0,,2026-03-31 00:00:00.000,,accredited,17000.0,5.0,"MALE,FEMALE",,18.0,99.0,YEAR,,"TISSUE_FROZEN,OTHER,TISSUE_STAINED,TISSUE_PARAFFIN_EMBEDDED","temperature-60to-85,temperatureRoom",,,,,,,,True,,,,,"sample_processing_sop,sample_storage_sop",directory_catalog,https://ejp-rd-vp.github.io/resource-metadata-schema/license/v1.0.txt,BBMRI-ERIC,English,,,,2026-07-23 05:02:07.214667,2026-07-23 05:02:07.214667,
1732,bbmri-eric:ID:ES_IDIBELL:collection:ALG,Allergollogy,ALG,Serum samples from patients with allergic hypersensitivity of special interest.,https://idibell.cat/en/services/scientific-and-technical-services/biobank/,Barcelona,ES,,,bbmri-eric:contactID:ES_Climent_Esteller,bbmri-eric:contactID:ES_Climent_Esteller,ES,False,,,bbmri-eric:ID:ES_IDIBELL,HUB-ICO-IDIBELL Biobank,bbmri-eric:networkID:ES_PISCIIIBB,,,"SAMPLE,HOSPITAL",BIOLOGICAL_SAMPLES,1,42.0,,2026-03-31 00:00:00.000,,accredited,16.0,1.0,"MALE,FEMALE",,18.0,99.0,YEAR,,SERUM,temperature-60to-85,,,,,,,,True,,,,,"sample_processing_sop,sample_storage_sop",directory_catalog,https://ejp-rd-vp.github.io/resource-metadata-schema/license/v1.0.txt,BBMRI-ERIC,English,,,,2026-07-23 05:02:07.214667,2026-07-23 05:02:07.214667,
1733,bbmri-eric:ID:ES_IDIBELL:collection:BXAP,Biopsies from Pathology,BXAP,"Non-tumoral liver, skin, kidney and mucosal tissue samples.",https://idibell.cat/en/services/scientific-and-technical-services/biobank/,Barcelona,ES,,,bbmri-eric:contactID:ES_Climent_Esteller,bbmri-eric:contactID:ES_Climent_Esteller,ES,False,,,bbmri-eric:ID:ES_IDIBELL,HUB-ICO-IDIBELL Biobank,bbmri-eric:networkID:ES_PISCIIIBB,,,"SAMPLE,HOSPITAL",BIOLOGICAL_SAMPLES,4,10500.0,,2026-03-31 00:00:00.000,,accredited,10500.0,4.0,"MALE,FEMALE",,18.0,99.0,YEAR,,OTHER,temperature-60to-85,,,,,,,,True,,,,,"sample_processing_sop,sample_storage_sop",directory_catalog,https://ejp-rd-vp.github.io/resource-metadata-schema/license/v1.0.txt,BBMRI-ERIC,English,,,,2026-07-23 05:02:07.214667,2026-07-23 05:02:07.214667,
1735,bbmri-eric:ID:ES_BioNER-IIER:collection:Enfermedad_de_Huntington,Enfermedad de Huntington,,Disease sample;Disease control,https://www.isciii.es/QuienesSomos/CentrosPropios/IIER/Paginas/default.aspx,Madrid,ES,,,bbmri-eric:contactID:ES_Martinez_Delgado,bbmri-eric:contactID:ES_Martinez_Delgado,ES,False,,,bbmri-eric:ID:ES_BioNER-IIER,Rare Diseases National Biobank-Institute of Rare Diseases Research (Institute of Health Carlos III),bbmri-eric:networkID:ES_PISCIIIBB,,,RD,BIOLOGICAL_SAMPLES,2,271.0,"nervous_system,rare_disease",,,,13.0,1.0,"MALE,FEMALE,NAV",urn:miriam:icd:G10,,,YEAR,,"DNA,PERIPHERAL_BLOOD_CELLS,PLASMA,SERUM","temperature-60to-85,temperatureLN",,,,,,,,True,,,,,,directory_catalog,https://ejp-rd-vp.github.io/resource-metadata-schema/license/v1.0.txt,BBMRI-ERIC,English,Huntington disease,,,2026-07-23 05:02:06.175575,2026-07-23 05:02:06.175575,
1736,bbmri-eric:ID:ES_VHIR:collection:ImmunologyBank_55,Immunology Bank,,The collection is made up of blood samples and blood derivatives from patients with immunodeficiencies who were treated at the Vall d'Hebron University Hospital.,https://vhir.vallhebron.com/en/research-support/biobank,Barcelona,ES,,,bbmri-eric:contactID:ES_Novoa_Garcia,bbmri-eric:contactID:ES_Novoa_Garcia,ES,False,,,bbmri-eric:ID:ES_VHIR,Vall d'Hebron Research Institute,bbmri-eric:networkID:ES_PISCIIIBB,,,RD,"BIOLOGICAL_SAMPLES,MEDICAL_RECORDS",0,4.0,"autoimmune,paediatrics,rare_disease",,,accredited,4.0,0.0,MALE,urn:miriam:icd:D82.3,7.0,10.0,YEAR,,"DNA,PLASMA,PERIPHERAL_BLOOD_CELLS,SERUM","temperature-60to-85,temperatureLN",,,,,,,,True,,,,,,directory_catalog,https://ejp-rd-vp.github.io/resource-metadata-schema/license/v1.0.txt,BBMRI-ERIC,English,Immunodeficiency following hereditary defective response to Epstein-Barr virus,,,2026-07-23 05:02:08.227210,2026-07-23 05:02:08.227210,
1738,bbmri-eric:ID:ES_IDIBELL:collection:BLADD,Bladder Cancer,BLADD,Biological fluid samples from treated and untreated patients diagnosed with bladder cancer.,https://idibell.cat/en/services/scientific-and-technical-services/biobank/,Barcelona,ES,,,bbmri-eric:contactID:ES_Climent_Esteller,bbmri-eric:contactID:ES_Climent_Esteller,ES,False,,,bbmri-eric:ID:ES_IDIBELL,HUB-ICO-IDIBELL Biobank,bbmri-eric:networkID:ES_PISCIIIBB,,,"SAMPLE,HOSPITAL,DISEASE_SPECIFIC,LONGITUDINAL",BIOLOGICAL_SAMPLES,2,479.0,,2026-05-28 00:00:00.000,,accredited,47.0,1.0,"MALE,FEMALE",,18.0,99.0,YEAR,,"PLASMA,URINE",temperature-60to-85,,,,,,,,True,,,,,"sample_processing_sop,sample_storage_sop",directory_catalog,https://ejp-rd-vp.github.io/resource-metadata-schema/license/v1.0.txt,BBMRI-ERIC,English,,,,2026-07-23 05:02:07.214667,2026-07-23 05:02:07.214667,
1739,bbmri-eric:ID:ES_VHIR:collection:ImmunologyBank_56,Immunology Bank,,The collection is made up of blood samples and blood derivatives from patients with immunodeficiencies who were treated at the Vall d'Hebron University Hospital.,https://vhir.vallhebron.com/en/research-support/biobank,Barcelona,ES,,,bbmri-eric:contactID:ES_Novoa_Garcia,bbmri-eric:contactID:ES_Novoa_Garcia,ES,False,,,bbmri-eric:ID:ES_VHIR,Vall d'Hebron Research Institute,bbmri-eric:networkID:ES_PISCIIIBB,,,RD,"BIOLOGICAL_SAMPLES,MEDICAL_RECORDS",0,5.0,"autoimmune,paediatrics,rare_disease",,,accredited,5.0,0.0,"FEMALE,MALE",urn:miriam:icd:D82.4,8.0,16.0,YEAR,,"DNA,PLASMA,PERIPHERAL_BLOOD_CELLS,SERUM","temperature-60to-85,temperatureLN",,,,,,,,True,,,,,,directory_catalog,https://ejp-rd-vp.github.io/resource-metadata-schema/license/v1.0.txt,BBMRI-ERIC,English,Immunodeficiency associated with other major defects - Hyperimmunoglobulin E [IgE] syndrome,,,2026-07-23 05:02:08.227210,2026-07-23 05:02:08.227210,
1743,bbmri-eric:ID:ES_VHIR:collection:ImmunologyBank_58,Immunology Bank,,The collection is made up of blood samples and blood derivatives from patients with immunodeficiencies who were treated at the Vall d'Hebron University Hospital.,https://vhir.vallhebron.com/en/research-support/biobank,Barcelona,ES,,,bbmri-eric:contactID:ES_Novoa_Garcia,bbmri-eric:contactID:ES_Novoa_Garcia,ES,False,,,bbmri-eric:ID:ES_VHIR,Vall d'Hebron Research Institute,bbmri-eric:networkID:ES_PISCIIIBB,,,RD,"BIOLOGICAL_SAMPLES,MEDICAL_RECORDS",0,2.0,"autoimmune,paediatrics,rare_disease",,,accredited,2.0,0.0,MALE,urn:miriam:icd:D83.0,8.0,11.0,YEAR,,"DNA,PLASMA,PERIPHERAL_BLOOD_CELLS,SERUM","temperature-60to-85,temperatureLN",,,,,,,,True,,,,,,directory_catalog,https://ejp-rd-vp.github.io/resource-metadata-schema/license/v1.0.txt,BBMRI-ERIC,English,Common variable immunodeficiency with predominant abnormalities of B-cell numbers and function,,,2026-07-23 05:02:08.227210,2026-07-23 05:02:08.227210,
1744,bbmri-eric:ID:ES_VHIR:collection:ImmunologyBank_63,Immunology Bank,,The collection is made up of blood samples and blood derivatives from patients with immunodeficiencies who were treated at the Vall d'Hebron University Hospital.,https://vhir.vallhebron.com/en/research-support/biobank,Barcelona,ES,,,bbmri-eric:contactID:ES_Novoa_Garcia,bbmri-eric:contactID:ES_Novoa_Garcia,ES,False,,,bbmri-eric:ID:ES_VHIR,Vall d'Hebron Research Institute,bbmri-eric:networkID:ES_PISCIIIBB,,,RD,"BIOLOGICAL_SAMPLES,MEDICAL_RECORDS",0,5.0,"autoimmune,paediatrics,rare_disease",,,accredited,5.0,0.0,"FEMALE,MALE",urn:miriam:icd:D89,10.0,16.0,YEAR,,"DNA,PLASMA,PERIPHERAL_BLOOD_CELLS,SERUM","temperature-60to-85,temperatureLN",,,,,,,,True,,,,,,directory_catalog,https://ejp-rd-vp.github.io/resource-metadata-schema/license/v1.0.txt,BBMRI-ERIC,English,"Other disorders involving the immune mechanism,not elsewhere classified",,,2026-07-23 05:02:08.227210,2026-07-23 05:02:08.227210,
1751,bbmri-eric:ID:ES_IDIBELL:collection:CARNOMAT,Leptomeningeal Carcinomatosis,CRMT,Biological fluid samples from patients diagnosed with leptomeningeal carcinomatosis.,https://idibell.cat/en/services/scientific-and-technical-services/biobank/,Barcelona,ES,,,bbmri-eric:contactID:ES_Climent_Esteller,bbmri-eric:contactID:ES_Climent_Esteller,ES,False,,,bbmri-eric:ID:ES_IDIBELL,HUB-ICO-IDIBELL Biobank,bbmri-eric:networkID:ES_PISCIIIBB,,,"SAMPLE,DISEASE_SPECIFIC,HOSPITAL",BIOLOGICAL_SAMPLES,3,2005.0,,2026-05-28 00:00:00.000,,accredited,306.0,2.0,"MALE,FEMALE",,18.0,99.0,YEAR,,"OTHER,PLASMA,PERIPHERAL_BLOOD_CELLS,BUFFY_COAT","temperature-60to-85,temperatureLN",,,,,,,,True,,,,,"sample_processing_sop,sample_storage_sop",directory_catalog,https://ejp-rd-vp.github.io/resource-metadata-schema/license/v1.0.txt,BBMRI-ERIC,English,,,,2026-07-23 05:02:07.214667,2026-07-23 05:02:07.214667,
1753,bbmri-eric:ID:ES_VHIR:collection:ImmunologyBank_67,Immunology Bank,,The collection is made up of blood samples and blood derivatives from patients with immunodeficiencies who were treated at the Vall d'Hebron University Hospital.,https://vhir.vallhebron.com/en/research-support/biobank,Barcelona,ES,,,bbmri-eric:contactID:ES_Novoa_Garcia,bbmri-eric:contactID:ES_Novoa_Garcia,ES,False,,,bbmri-eric:ID:ES_VHIR,Vall d'Hebron Research Institute,bbmri-eric:networkID:ES_PISCIIIBB,,,RD,"BIOLOGICAL_SAMPLES,MEDICAL_RECORDS",0,1.0,"paediatrics,rare_disease",,,accredited,1.0,0.0,MALE,urn:miriam:icd:Q93.5,12.0,12.0,YEAR,,"DNA,PLASMA,PERIPHERAL_BLOOD_CELLS,SERUM","temperature-60to-85,temperatureLN",,,,,,,,True,,,,,,directory_catalog,https://ejp-rd-vp.github.io/resource-metadata-schema/license/v1.0.txt,BBMRI-ERIC,English,Other deletions of part of a chromosome,,,2026-07-23 05:02:08.227210,2026-07-23 05:02:08.227210,
1755,bbmri-eric:ID:ES_IDIBELL:collection:CARDIO,Cardiology Collection,CARDIO,Biological fluids and nucleic acids from patients with cardiovascular disease.,https://idibell.cat/en/services/scientific-and-technical-services/biobank/,Barcelona,ES,,,bbmri-eric:contactID:ES_Climent_Esteller,bbmri-eric:contactID:ES_Climent_Esteller,ES,False,,,bbmri-eric:ID:ES_IDIBELL,HUB-ICO-IDIBELL Biobank,bbmri-eric:networkID:ES_PISCIIIBB,,,"SAMPLE,HOSPITAL,PROSPECTIVE_COLLECTION,CASE_CONTROL",BIOLOGICAL_SAMPLES,4,16500.0,population,2026-05-28 00:00:00.000,,accredited,1616.0,3.0,"MALE,FEMALE",,18.0,99.0,YEAR,,"PLASMA,SERUM,BUFFY_COAT,RNA,OTHER",temperature-60to-85,,,,,,,,True,,,,,"sample_processing_sop,sample_storage_sop",directory_catalog,https://ejp-rd-vp.github.io/resource-metadata-schema/license/v1.0.txt,BBMRI-ERIC,English,,,,2026-07-23 05:02:07.214667,2026-07-23 05:02:07.214667,
1758,bbmri-eric:ID:ES_IDIBELL:collection:OFTALMO,Retinal Dystrophy Collection,OFT,Samples from patients with various retinal dystrophies.,https://idibell.cat/en/services/scientific-and-technical-services/biobank/,Barcelona,ES,,,bbmri-eric:contactID:ES_Climent_Esteller,bbmri-eric:contactID:ES_Climent_Esteller,ES,False,,,bbmri-eric:ID:ES_IDIBELL,HUB-ICO-IDIBELL Biobank,bbmri-eric:networkID:ES_PISCIIIBB,,,"SAMPLE,RD,HOSPITAL,DISEASE_SPECIFIC",BIOLOGICAL_SAMPLES,2,556.0,rare_disease,2026-05-28 00:00:00.000,,accredited,1287.0,3.0,"MALE,FEMALE",,18.0,99.0,YEAR,,BUFFY_COAT,temperature-60to-85,,,,,,,,True,,,,,"sample_processing_sop,sample_storage_sop",directory_catalog,https://ejp-rd-vp.github.io/resource-metadata-schema/license/v1.0.txt,BBMRI-ERIC,English,,,,2026-07-23 05:02:07.214667,2026-07-23 05:02:07.214667,
1759,bbmri-eric:ID:ES_IDIBELL:collection:ESCLERODERMIA,Scleroderma Collection,EDM,Serum samples from patients diagnosed with scleroderma.,https://idibell.cat/en/services/scientific-and-technical-services/biobank/,Barcelona,ES,,,bbmri-eric:contactID:ES_Climent_Esteller,bbmri-eric:contactID:ES_Climent_Esteller,ES,False,,,bbmri-eric:ID:ES_IDIBELL,HUB-ICO-IDIBELL Biobank,bbmri-eric:networkID:ES_PISCIIIBB,,,"SAMPLE,RD,HOSPITAL,DISEASE_SPECIFIC",BIOLOGICAL_SAMPLES,2,393.0,rare_disease,2026-05-28 00:00:00.000,,accredited,83.0,1.0,"MALE,FEMALE",,18.0,99.0,YEAR,,"PLASMA,SERUM,BUFFY_COAT",temperature-60to-85,,,,,,,,True,,,,,"sample_processing_sop,sample_storage_sop",directory_catalog,https://ejp-rd-vp.github.io/resource-metadata-schema/license/v1.0.txt,BBMRI-ERIC,English,,,,2026-07-23 05:02:07.214667,2026-07-23 05:02:07.214667,
1760,bbmri-eric:ID:ES_INCLIVA:collection:INC_01_COVID,COVID-19,,Sample collection from patients with symptoms compatible with diseased caused by Severe Acute Respiratory Syndrome Coronavirus 2 (SARS-CoV-2),https://www.incliva.es/en/services/platforms/biobank/,Valencia,ES,,,bbmri-eric:contactID:ES_Alfaro-Cervello,bbmri-eric:contactID:ES_Alfaro-Cervello,ES,False,,,bbmri-eric:ID:ES_INCLIVA,INCLIVA Biobank,bbmri-eric:networkID:ES_PISCIIIBB,,,"SAMPLE,DISEASE_SPECIFIC,HOSPITAL","BIOLOGICAL_SAMPLES,MEDICAL_RECORDS",3,6391.0,"infectious,covid19",2023-05-16 00:00:00.000,,accredited,330.0,2.0,"FEMALE,MALE","urn:miriam:icd:U07.1,urn:miriam:icd:U07.2",18.0,99.0,YEAR,,"PLASMA,SERUM,DNA,SALIVA,URINE,WHOLE_BLOOD",temperature-60to-85,,,,True,True,,,True,,,,,,directory_catalog,https://ejp-rd-vp.github.io/resource-metadata-schema/license/v1.0.txt,BBMRI-ERIC,English,"Emergency use of U07 - COVID-19,virus identified,Emergency use of U07 - COVID-19,virus not identified",,,2026-07-23 05:02:07.734909,2026-07-23 05:02:07.734909,
1762,bbmri-eric:ID:ES_IDIBELL:collection:EM,Multiple Sclerosis Collection,EM,Biological fluid samples from donors with multiple sclerosis.,https://idibell.cat/en/services/scientific-and-technical-services/biobank/,Barcelona,ES,,,bbmri-eric:contactID:ES_Climent_Esteller,bbmri-eric:contactID:ES_Climent_Esteller,ES,False,,,bbmri-eric:ID:ES_IDIBELL,HUB-ICO-IDIBELL Biobank,bbmri-eric:networkID:ES_PISCIIIBB,,,"SAMPLE,DISEASE_SPECIFIC,HOSPITAL,CASE_CONTROL",BIOLOGICAL_SAMPLES,4,50600.0,population,2026-05-28 00:00:00.000,,accredited,6250.0,3.0,"MALE,FEMALE",,18.0,99.0,YEAR,,"PLASMA,SERUM,OTHER,DNA",temperature-60to-85,,,,,,,,True,,,,,"sample_processing_sop,sample_storage_sop",directory_catalog,https://ejp-rd-vp.github.io/resource-metadata-schema/license/v1.0.txt,BBMRI-ERIC,English,,,,2026-07-23 05:02:07.214667,2026-07-23 05:02:07.214667,
1769,bbmri-eric:ID:ES_IDIBELL:collection:FIBRO,Fibroblast Collection,FIBRO,"Vials of connective tissue cells (fibroblasts) from the Cell Line Bank, from patients with various diseases and healthy donors.",https://idibell.cat/en/services/scientific-and-technical-services/biobank/,Barcelona,ES,,,bbmri-eric:contactID:ES_Climent_Esteller,bbmri-eric:contactID:ES_Climent_Esteller,ES,False,,,bbmri-eric:ID:ES_IDIBELL,HUB-ICO-IDIBELL Biobank,bbmri-eric:networkID:ES_PISCIIIBB,,,"SAMPLE,HOSPITAL,CASE_CONTROL",BIOLOGICAL_SAMPLES,1,81.0,population,2026-05-28 00:00:00.000,,accredited,10.0,1.0,"MALE,FEMALE",,18.0,99.0,YEAR,,CELL_LINES,temperatureLN,,,,,,,,True,,,,,"sample_processing_sop,sample_storage_sop",directory_catalog,https://ejp-rd-vp.github.io/resource-metadata-schema/license/v1.0.txt,BBMRI-ERIC,English,,,,2026-07-23 05:02:07.214667,2026-07-23 05:02:07.214667,
1770,bbmri-eric:ID:ES_IDIBELL:collection:GLOM,Glomerulonephritis Collection,GLOM,Biological fluid samples from patients with glomerulonephritis.,https://idibell.cat/en/services/scientific-and-technical-services/biobank/,Barcelona,ES,,,bbmri-eric:contactID:ES_Climent_Esteller,bbmri-eric:contactID:ES_Climent_Esteller,ES,False,,,bbmri-eric:ID:ES_IDIBELL,HUB-ICO-IDIBELL Biobank,bbmri-eric:networkID:ES_PISCIIIBB,,,"SAMPLE,HOSPITAL,DISEASE_SPECIFIC,LONGITUDINAL",BIOLOGICAL_SAMPLES,3,1806.0,,2026-05-28 00:00:00.000,,accredited,136.0,2.0,"MALE,FEMALE",,18.0,99.0,YEAR,,"SERUM,URINE,BUFFY_COAT,PERIPHERAL_BLOOD_CELLS","temperature-60to-85,temperatureLN",,,,,,,,True,,,,,"sample_processing_sop,sample_storage_sop",directory_catalog,https://ejp-rd-vp.github.io/resource-metadata-schema/license/v1.0.txt,BBMRI-ERIC,English,,,,2026-07-23 05:02:07.214667,2026-07-23 05:02:07.214667,
1771,bbmri-eric:ID:ES_IDIBELL:collection:HEM1,Leukemia Collection,HEM,Samples from patients with different types of leukemia.,https://idibell.cat/en/services/scientific-and-technical-services/biobank/,Barcelona,ES,,,bbmri-eric:contactID:ES_Climent_Esteller,bbmri-eric:contactID:ES_Climent_Esteller,ES,False,,,bbmri-eric:ID:ES_IDIBELL,HUB-ICO-IDIBELL Biobank,bbmri-eric:networkID:ES_PISCIIIBB,,,"SAMPLE,HOSPITAL",BIOLOGICAL_SAMPLES,2,239.0,,2026-05-28 00:00:00.000,,accredited,26.0,1.0,"MALE,FEMALE",,18.0,99.0,YEAR,,"PLASMA,BUFFY_COAT",temperature-60to-85,,,,,,,,True,,,,,"sample_processing_sop,sample_storage_sop",directory_catalog,https://ejp-rd-vp.github.io/resource-metadata-schema/license/v1.0.txt,BBMRI-ERIC,English,,,,2026-07-23 05:02:07.214667,2026-07-23 05:02:07.214667,
1773,bbmri-eric:ID:ES_IDIBELL:collection:HEM2,Lymphoma Collection,HEM,Samples from patients with various types of lymphoma.,https://idibell.cat/en/services/scientific-and-technical-services/biobank/,Barcelona,ES,,,bbmri-eric:contactID:ES_Climent_Esteller,bbmri-eric:contactID:ES_Climent_Esteller,ES,False,,,bbmri-eric:ID:ES_IDIBELL,HUB-ICO-IDIBELL Biobank,bbmri-eric:networkID:ES_PISCIIIBB,,,"SAMPLE,HOSPITAL",BIOLOGICAL_SAMPLES,3,6812.0,,2026-05-28 00:00:00.000,,accredited,846.0,2.0,"MALE,FEMALE",,18.0,99.0,YEAR,,"PLASMA,BUFFY_COAT,PERIPHERAL_BLOOD_CELLS","temperature-60to-85,temperatureLN",,,,,,,,True,,,,,"sample_processing_sop,sample_storage_sop",directory_catalog,https://ejp-rd-vp.github.io/resource-metadata-schema/license/v1.0.txt,BBMRI-ERIC,English,,,,2026-07-23 05:02:07.214667,2026-07-23 05:02:07.214667,
1775,bbmri-eric:ID:ES_IDIBELL:collection:LIMFD,Dermatologic Lymphoma Collection,LIMFD,Samples from patients diagnosed with cutaneous lymphoma.,https://idibell.cat/en/services/scientific-and-technical-services/biobank/,Barcelona,ES,,,bbmri-eric:contactID:ES_Climent_Esteller,bbmri-eric:contactID:ES_Climent_Esteller,ES,False,,,bbmri-eric:ID:ES_IDIBELL,HUB-ICO-IDIBELL Biobank,bbmri-eric:networkID:ES_PISCIIIBB,,,"SAMPLE,HOSPITAL,DISEASE_SPECIFIC",BIOLOGICAL_SAMPLES,3,1922.0,,2026-05-28 00:00:00.000,,accredited,201.0,2.0,"MALE,FEMALE",,18.0,99.0,YEAR,,"PLASMA,BUFFY_COAT,DNA,PERIPHERAL_BLOOD_CELLS","temperature-60to-85,temperatureLN",,,,,,,,True,,,,,"sample_processing_sop,sample_storage_sop",directory_catalog,https://ejp-rd-vp.github.io/resource-metadata-schema/license/v1.0.txt,BBMRI-ERIC,English,,,,2026-07-23 05:02:07.214667,2026-07-23 05:02:07.214667,
1777,bbmri-eric:ID:ES_IDIBELL:collection:CLO,Inflammatory Bowel Disease Collection,CLO,Liquid samples from Inflammatory Bowel Disease (IBD) patients. Includes serum positive for antibodies against Clostridium difficile toxin and serum from asymptomatic carriers.,https://idibell.cat/en/services/scientific-and-technical-services/biobank/,Barcelona,ES,,,bbmri-eric:contactID:ES_Climent_Esteller,bbmri-eric:contactID:ES_Climent_Esteller,ES,False,,,bbmri-eric:ID:ES_IDIBELL,HUB-ICO-IDIBELL Biobank,bbmri-eric:networkID:ES_PISCIIIBB,,,"SAMPLE,HOSPITAL,DISEASE_SPECIFIC",BIOLOGICAL_SAMPLES,2,882.0,,2026-05-28 00:00:00.000,,accredited,265.0,2.0,"MALE,FEMALE",,18.0,99.0,YEAR,,SERUM,temperature-60to-85,,,,,,,,True,,,,,"sample_processing_sop,sample_storage_sop",directory_catalog,https://ejp-rd-vp.github.io/resource-metadata-schema/license/v1.0.txt,BBMRI-ERIC,English,,,,2026-07-23 05:02:07.214667,2026-07-23 05:02:07.214667,
1781,bbmri-eric:ID:ES_IDIBELL:collection:MRM,Rare Immunological Diseases Collection,MRM,"Samples from patients diagnosed with rare autoinflammatory, immunodeficient or autoimmune diseases.",https://idibell.cat/en/services/scientific-and-technical-services/biobank/,Barcelona,ES,,,bbmri-eric:contactID:ES_Climent_Esteller,bbmri-eric:contactID:ES_Climent_Esteller,ES,False,,,bbmri-eric:ID:ES_IDIBELL,HUB-ICO-IDIBELL Biobank,bbmri-eric:networkID:ES_PISCIIIBB,,,"SAMPLE,RD,HOSPITAL",BIOLOGICAL_SAMPLES,3,1964.0,rare_disease,2026-05-28 00:00:00.000,,accredited,145.0,2.0,"MALE,FEMALE",,18.0,99.0,YEAR,,"PERIPHERAL_BLOOD_CELLS,PLASMA,SERUM,BUFFY_COAT,DNA","temperature-60to-85,temperatureLN",,,,,,,,True,,,,,"sample_processing_sop,sample_storage_sop",directory_catalog,https://ejp-rd-vp.github.io/resource-metadata-schema/license/v1.0.txt,BBMRI-ERIC,English,,,,2026-07-23 05:02:07.214667,2026-07-23 05:02:07.214667,
1782,bbmri-eric:ID:ES_IDIBELL:collection:ENM,Neuromuscular Diseases Collection,ENM,Samples from patients with rare genetically determined neuromuscular diseases.,https://idibell.cat/en/services/scientific-and-technical-services/biobank/,Barcelona,ES,,,bbmri-eric:contactID:ES_Climent_Esteller,bbmri-eric:contactID:ES_Climent_Esteller,ES,False,,,bbmri-eric:ID:ES_IDIBELL,HUB-ICO-IDIBELL Biobank,bbmri-eric:networkID:ES_PISCIIIBB,,,"SAMPLE,RD,HOSPITAL",BIOLOGICAL_SAMPLES,2,448.0,rare_disease,2026-05-28 00:00:00.000,,accredited,45.0,1.0,"MALE,FEMALE",,18.0,99.0,YEAR,,"PLASMA,SERUM,BUFFY_COAT",temperature-60to-85,,,,,,,,True,,,,,"sample_processing_sop,sample_storage_sop",directory_catalog,https://ejp-rd-vp.github.io/resource-metadata-schema/license/v1.0.txt,BBMRI-ERIC,English,,,,2026-07-23 05:02:07.214667,2026-07-23 05:02:07.214667,
1783,bbmri-eric:ID:ES_IDIBELL:collection:MPT,Myopathies Collection,MPT,Samples from patients with muscle diseases.,https://idibell.cat/en/services/scientific-and-technical-services/biobank/,Barcelona,ES,,,bbmri-eric:contactID:ES_Climent_Esteller,bbmri-eric:contactID:ES_Climent_Esteller,ES,False,,,bbmri-eric:ID:ES_IDIBELL,HUB-ICO-IDIBELL Biobank,bbmri-eric:networkID:ES_PISCIIIBB,,,"SAMPLE,HOSPITAL",BIOLOGICAL_SAMPLES,3,1135.0,,2026-05-28 00:00:00.000,,accredited,287.0,2.0,"MALE,FEMALE",,18.0,99.0,YEAR,,"OTHER,TISSUE_FROZEN,PLASMA,DNA,BUFFY_COAT",temperature-60to-85,,,,,,,,True,,,,,"sample_processing_sop,sample_storage_sop",directory_catalog,https://ejp-rd-vp.github.io/resource-metadata-schema/license/v1.0.txt,BBMRI-ERIC,English,,,,2026-07-23 05:02:07.214667,2026-07-23 05:02:07.214667,
1785,bbmri-eric:ID:ES_IDIBELL:collection:HEM3,Myeloma Collection,HEM,Samples from patients with multiple myeloma.,https://idibell.cat/en/services/scientific-and-technical-services/biobank/,Barcelona,ES,,,bbmri-eric:contactID:ES_Climent_Esteller,bbmri-eric:contactID:ES_Climent_Esteller,ES,False,,,bbmri-eric:ID:ES_IDIBELL,HUB-ICO-IDIBELL Biobank,bbmri-eric:networkID:ES_PISCIIIBB,,,"SAMPLE,HOSPITAL",BIOLOGICAL_SAMPLES,3,3246.0,,2026-05-28 00:00:00.000,,accredited,481.0,2.0,"MALE,FEMALE",,18.0,99.0,YEAR,,"PLASMA,BUFFY_COAT",temperature-60to-85,,,,,,,,True,,,,,"sample_processing_sop,sample_storage_sop",directory_catalog,https://ejp-rd-vp.github.io/resource-metadata-schema/license/v1.0.txt,BBMRI-ERIC,English,,,,2026-07-23 05:02:07.214667,2026-07-23 05:02:07.214667,
1786,bbmri-eric:ID:ES_VHIR:collection:NephrologyBank_7,Nephrology Bank,,The collection comprises samples of DNA of patients with Nephrotic Syndrome who were treated at the Vall d'Hebron University Hospital.,https://vhir.vallhebron.com/en/research-support/biobank,Barcelona,ES,,,bbmri-eric:contactID:ES_Novoa_Garcia,bbmri-eric:contactID:ES_Novoa_Garcia,ES,False,,,bbmri-eric:ID:ES_VHIR,Vall d'Hebron Research Institute,bbmri-eric:networkID:ES_PISCIIIBB,,,RD,"BIOLOGICAL_SAMPLES,MEDICAL_RECORDS",0,1.0,rare_disease,,,accredited,1.0,0.0,MALE,urn:miriam:icd:N04.0,,,,,DNA,temperature-60to-85,,,,,,,,True,,,,,,directory_catalog,https://ejp-rd-vp.github.io/resource-metadata-schema/license/v1.0.txt,BBMRI-ERIC,English,Nephrotic syndrome - Nephrotic syndrome: Minor glomerular abnormality,,,2026-07-23 05:02:08.227210,2026-07-23 05:02:08.227210,
1787,bbmri-eric:ID:ES_IDIBELL:collection:NEF,Nephritis Collection,NEF,Biological fluid samples from patients with nephritis.,https://idibell.cat/en/services/scientific-and-technical-services/biobank/,Barcelona,ES,,,bbmri-eric:contactID:ES_Climent_Esteller,bbmri-eric:contactID:ES_Climent_Esteller,ES,False,,,bbmri-eric:ID:ES_IDIBELL,HUB-ICO-IDIBELL Biobank,bbmri-eric:networkID:ES_PISCIIIBB,,,"SAMPLE,DISEASE_SPECIFIC,HOSPITAL,LONGITUDINAL",BIOLOGICAL_SAMPLES,3,4368.0,,2026-05-28 00:00:00.000,,accredited,120.0,2.0,"MALE,FEMALE",,18.0,99.0,YEAR,,"SERUM,URINE",temperature-60to-85,,,,,,,,True,,,,,"sample_processing_sop,sample_storage_sop",directory_catalog,https://ejp-rd-vp.github.io/resource-metadata-schema/license/v1.0.txt,BBMRI-ERIC,English,,,,2026-07-23 05:02:07.214667,2026-07-23 05:02:07.214667,
1788,bbmri-eric:ID:ES_IDIBELL:collection:NATTR,ATTRv Collection,NATTR,Samples from patients with hereditary transthyretin amyloidosis carrying a pathogenic TTR variant.,https://idibell.cat/en/services/scientific-and-technical-services/biobank/,Barcelona,ES,,,bbmri-eric:contactID:ES_Climent_Esteller,bbmri-eric:contactID:ES_Climent_Esteller,ES,False,,,bbmri-eric:ID:ES_IDIBELL,HUB-ICO-IDIBELL Biobank,bbmri-eric:networkID:ES_PISCIIIBB,,,"SAMPLE,DISEASE_SPECIFIC,HOSPITAL",BIOLOGICAL_SAMPLES,2,552.0,,2026-05-28 00:00:00.000,,accredited,118.0,2.0,"MALE,FEMALE",,18.0,99.0,YEAR,,"PLASMA,SERUM,BUFFY_COAT",temperature-60to-85,,,,,,,,True,,,,,"sample_processing_sop,sample_storage_sop",directory_catalog,https://ejp-rd-vp.github.io/resource-metadata-schema/license/v1.0.txt,BBMRI-ERIC,English,,,,2026-07-23 05:02:07.214667,2026-07-23 05:02:07.214667,
1789,bbmri-eric:ID:ES_IDIBELL:collection:ORG,Organoids Collection,ORG,Samples of healthy small intestine organoids obtained from hemicolectomy patients.,https://idibell.cat/en/services/scientific-and-technical-services/biobank/,Barcelona,ES,,,bbmri-eric:contactID:ES_Climent_Esteller,bbmri-eric:contactID:ES_Climent_Esteller,ES,False,,,bbmri-eric:ID:ES_IDIBELL,HUB-ICO-IDIBELL Biobank,bbmri-eric:networkID:ES_PISCIIIBB,,,SAMPLE,BIOLOGICAL_SAMPLES,1,19.0,,2026-05-28 00:00:00.000,,accredited,13.0,1.0,"MALE,FEMALE",,18.0,99.0,YEAR,,"OTHER,OTHER",temperatureLN,,,,,,,,True,,,,,"sample_processing_sop,sample_storage_sop",directory_catalog,https://ejp-rd-vp.github.io/resource-metadata-schema/license/v1.0.txt,BBMRI-ERIC,English,,,,2026-07-23 05:02:07.214667,2026-07-23 05:02:07.214667,
1790,bbmri-eric:ID:ES_IDIBELL:collection:SRC,Sarcoidosis Collection,SRC,Samples from patients diagnosed with sarcoidosis.,https://idibell.cat/en/services/scientific-and-technical-services/biobank/,Barcelona,ES,,,bbmri-eric:contactID:ES_Climent_Esteller,bbmri-eric:contactID:ES_Climent_Esteller,ES,False,,,bbmri-eric:ID:ES_IDIBELL,HUB-ICO-IDIBELL Biobank,bbmri-eric:networkID:ES_PISCIIIBB,,,"SAMPLE,HOSPITAL,DISEASE_SPECIFIC",BIOLOGICAL_SAMPLES,3,1237.0,,2026-05-28 00:00:00.000,,accredited,183.0,2.0,"MALE,FEMALE",,18.0,99.0,YEAR,,"PERIPHERAL_BLOOD_CELLS,PLASMA,SERUM,BUFFY_COAT","temperature-60to-85,temperatureLN",,,,,,,,True,,,,,"sample_processing_sop,sample_storage_sop",directory_catalog,https://ejp-rd-vp.github.io/resource-metadata-schema/license/v1.0.txt,BBMRI-ERIC,English,,,,2026-07-23 05:02:07.214667,2026-07-23 05:02:07.214667,
1792,bbmri-eric:ID:ES_VHIR:collection:NephrologyBank_8,Nephrology Bank,,The collection comprises samples of DNA of patients with Nephrotic Syndrome who were treated at the Vall d'Hebron University Hospital.,https://vhir.vallhebron.com/en/research-support/biobank,Barcelona,ES,,,bbmri-eric:contactID:ES_Novoa_Garcia,bbmri-eric:contactID:ES_Novoa_Garcia,ES,False,,,bbmri-eric:ID:ES_VHIR,Vall d'Hebron Research Institute,bbmri-eric:networkID:ES_PISCIIIBB,,,RD,"BIOLOGICAL_SAMPLES,MEDICAL_RECORDS",0,1.0,rare_disease,,,accredited,1.0,0.0,MALE,urn:miriam:icd:N04.2,,,,,DNA,temperature-60to-85,,,,,,,,True,,,,,,directory_catalog,https://ejp-rd-vp.github.io/resource-metadata-schema/license/v1.0.txt,BBMRI-ERIC,English,Nephrotic syndrome - Nephrotic syndrome: Diffuse membranous glomerulonephritis,,,2026-07-23 05:02:08.227210,2026-07-23 05:02:08.227210,
1793,bbmri-eric:ID:ES_IDIBELL:collection:VASC,Vasculitis Collection,VASC,Biological fluids and cryopreserved lymphocytes from patients with renal vasculitis.,https://idibell.cat/en/services/scientific-and-technical-services/biobank/,Barcelona,ES,,,bbmri-eric:contactID:ES_Climent_Esteller,bbmri-eric:contactID:ES_Climent_Esteller,ES,False,,,bbmri-eric:ID:ES_IDIBELL,HUB-ICO-IDIBELL Biobank,bbmri-eric:networkID:ES_PISCIIIBB,,,"SAMPLE,HOSPITAL",BIOLOGICAL_SAMPLES,3,5678.0,,2026-05-28 00:00:00.000,,accredited,222.0,2.0,"MALE,FEMALE",,18.0,99.0,YEAR,,"PERIPHERAL_BLOOD_CELLS,SERUM,URINE","temperature-60to-85,temperatureLN",,,,,,,,True,,,,,"sample_processing_sop,sample_storage_sop",directory_catalog,https://ejp-rd-vp.github.io/resource-metadata-schema/license/v1.0.txt,BBMRI-ERIC,English,,,,2026-07-23 05:02:07.214667,2026-07-23 05:02:07.214667,
1799,bbmri-eric:ID:ES_VHIR:collection:ImmunologyBank_62,Immunology Bank,,The collection is made up of blood samples and blood derivatives from patients with immunodeficiencies who were treated at the Vall d'Hebron University Hospital.,https://vhir.vallhebron.com/en/research-support/biobank,Barcelona,ES,,,bbmri-eric:contactID:ES_Novoa_Garcia,bbmri-eric:contactID:ES_Novoa_Garcia,ES,False,,,bbmri-eric:ID:ES_VHIR,Vall d'Hebron Research Institute,bbmri-eric:networkID:ES_PISCIIIBB,,,RD,"BIOLOGICAL_SAMPLES,MEDICAL_RECORDS",0,3.0,"autoimmune,paediatrics,rare_disease",,,accredited,3.0,0.0,FEMALE,urn:miriam:icd:D84.9,9.0,19.0,YEAR,,"DNA,PLASMA,PERIPHERAL_BLOOD_CELLS,SERUM","temperature-60to-85,temperatureLN",,,,,,,,True,,,,,,directory_catalog,https://ejp-rd-vp.github.io/resource-metadata-schema/license/v1.0.txt,BBMRI-ERIC,English,"Other immunodeficiencies - Immunodeficiency,unspecified",,,2026-07-23 05:02:08.227210,2026-07-23 05:02:08.227210,
1800,bbmri-eric:ID:ES_VHIR:collection:NeurologicTissuesBank_1,Neurologic Tissues Bank,,The collection comprises tissues from patients with Neurologic diseases who were treated at the Vall d'Hebron University Hospital.,https://vhir.vallhebron.com/en/research-support/biobank,Barcelona,ES,,,bbmri-eric:contactID:ES_Novoa_Garcia,bbmri-eric:contactID:ES_Novoa_Garcia,ES,False,,,bbmri-eric:ID:ES_VHIR,Vall d'Hebron Research Institute,bbmri-eric:networkID:ES_PISCIIIBB,,,RD,"BIOLOGICAL_SAMPLES,MEDICAL_RECORDS",0,1.0,"rare_disease,infectious",,,accredited,1.0,0.0,FEMALE,urn:miriam:icd:A81.2,,,,,TISSUE_FROZEN,temperature-60to-85,,,,,,,,True,,,,,,directory_catalog,https://ejp-rd-vp.github.io/resource-metadata-schema/license/v1.0.txt,BBMRI-ERIC,English,Atypical virus infections of central nervous system - Progressive multifocal leukoencephalopathy,,,2026-07-23 05:02:08.227210,2026-07-23 05:02:08.227210,
1805,bbmri-eric:ID:ES_INCLIVA:collection:INC_16_MEL,Melanoma,,Sample collection from patients with melanoma,https://www.incliva.es/en/services/platforms/biobank/,Valencia,ES,,,bbmri-eric:contactID:ES_Alfaro-Cervello,bbmri-eric:contactID:ES_Alfaro-Cervello,ES,False,,,bbmri-eric:ID:ES_INCLIVA,INCLIVA Biobank,bbmri-eric:networkID:ES_PISCIIIBB,,,"SAMPLE,DISEASE_SPECIFIC,HOSPITAL","BIOLOGICAL_SAMPLES,MEDICAL_RECORDS",3,4736.0,"oncology,paediatrics",2023-05-16 00:00:00.000,,accredited,392.0,2.0,"FEMALE,MALE",urn:miriam:icd:C43.9,11.0,95.0,YEAR,,"DNA,PERIPHERAL_BLOOD_CELLS,PLASMA,RNA,SERUM,OTHER,TISSUE_PARAFFIN_EMBEDDED,BUFFY_COAT",temperature-60to-85,,,,True,True,,,True,,,,,,directory_catalog,https://ejp-rd-vp.github.io/resource-metadata-schema/license/v1.0.txt,BBMRI-ERIC,English,"Malignant melanoma of skin - Malignant neoplasm: Malignant melanoma of skin,unspecified",,,2026-07-23 05:02:07.734909,2026-07-23 05:02:07.734909,
1812,bbmri-eric:ID:ES_LAFE:collection:PE_2,BREAST Oncology,CMAMA,Breast Oncology patients,https://www.iislafe.es/es/apoyo-a-la-investigacion/plataformas-cientifico-tecnologicas/biobanco/,Valencia,ES,43297691,-2985980,bbmri-eric:contactID:ES_Cervera,bbmri-eric:contactID:ES_Amigo,ES,False,,,bbmri-eric:ID:ES_LAFE,Biobanco LA FE,bbmri-eric:networkID:ES_PISCIIIBB,,,"DISEASE_SPECIFIC,SAMPLE,HOSPITAL,CROSS_SECTIONAL,POPULATION_BASED,PROSPECTIVE_COLLECTION","BIOLOGICAL_SAMPLES,CLINICAL_SYMPTOMS,DiseaseDuration,IMAGING_DATA,NATIONAL_REGISTRIES,TREATMENT_PROTOCOL",2,695.0,"oncology,rare_disease,population",2021-05-02 00:00:00.000,,accredited,695.0,2.0,FEMALE,urn:miriam:icd:C50,20.0,85.0,YEAR,,"DNA,PLASMA,RNA,SERUM,OTHER",temperature-60to-85,,,,True,True,,,True,,,,,"sample_processing_sop,sample_transport_sop,sample_storage_sop,data_processing_sop,data_transport_sop,data_storage_sop",directory_catalog,https://ejp-rd-vp.github.io/resource-metadata-schema/license/v1.0.txt,BBMRI-ERIC,English,Malignant neoplasm of breast,,,2026-07-23 05:02:07.734909,2026-07-23 05:02:07.734909,
1826,bbmri-eric:ID:ES_VHIR:collection:ImmunologyBank_36,Immunology Bank,,The collection is made up of serum from patients with COVID-19 who were treated at the Vall d'Hebron University Hospital.,https://vhir.vallhebron.com/en/research-support/biobank,Barcelona,ES,,,bbmri-eric:contactID:ES_Novoa_Garcia,bbmri-eric:contactID:ES_Novoa_Garcia,ES,False,,,bbmri-eric:ID:ES_VHIR,Vall d'Hebron Research Institute,bbmri-eric:networkID:ES_PISCIIIBB,,,"SAMPLE,DISEASE_SPECIFIC,HOSPITAL","BIOLOGICAL_SAMPLES,MEDICAL_RECORDS",3,3016.0,"infectious,covid19",,,accredited,3016.0,3.0,"FEMALE,MALE",urn:miriam:icd:U07.1,18.0,99.0,YEAR,,SERUM,temperature-60to-85,,,,,,,,True,,,,,,directory_catalog,https://ejp-rd-vp.github.io/resource-metadata-schema/license/v1.0.txt,BBMRI-ERIC,English,"Emergency use of U07 - COVID-19,virus identified",,,2026-07-23 05:02:08.227210,2026-07-23 05:02:08.227210,
1849,bbmri-eric:ID:ES_VHIR:collection:CardiologyBank_7,Cardiology Bank,,"The collection is made up of tissue, serum, plasma and DNA samples from patients with Marfan syndrome and non-syndromic familial aortic pathology who were treated at the Vall d'Hebron University Hospital.",https://vhir.vallhebron.com/en/research-support/biobank,Barcelona,ES,,,bbmri-eric:contactID:ES_Novoa_Garcia,bbmri-eric:contactID:ES_Novoa_Garcia,ES,False,,,bbmri-eric:ID:ES_VHIR,Vall d'Hebron Research Institute,bbmri-eric:networkID:ES_PISCIIIBB,,,RD,"BIOLOGICAL_SAMPLES,MEDICAL_RECORDS",2,144.0,rare_disease,,,accredited,144.0,2.0,"FEMALE,MALE",urn:miriam:icd:Q87.4,,,,,"DNA,PLASMA,SERUM,TISSUE_FROZEN",temperature-60to-85,,,,,,,,True,,,,,,directory_catalog,https://ejp-rd-vp.github.io/resource-metadata-schema/license/v1.0.txt,BBMRI-ERIC,English,Other specified congenital malformation syndromes affecting multiple systems - Marfan syndrome,,,2026-07-23 05:02:08.227210,2026-07-23 05:02:08.227210,
1854,bbmri-eric:ID:ES_HMRIB:collection:C_0001330,Oncological Disease DNA Bank,,"Collection of samples of biological material from some of the most prevalent tumors in the Spanish population: solid tumors (colorectal, breast, capi coll scales, lung, prostate) and hematological tumors (chronic lymphocytic leukemia, chronic myeloproliferative syndrome, acute leukemia and non-Hodgkin lymphoma), together with the corresponding associated patients",https://marbiobanc.imim.es/es_index,Barcelona,ES,,,bbmri-eric:contactID:ES_Iglesias_Coma,bbmri-eric:contactID:ES_Iglesias_Coma,ES,False,,,bbmri-eric:ID:ES_HMRIB,Hospital Del Mar Research Institute Barcelona,bbmri-eric:networkID:ES_PISCIIIBB,,,HOSPITAL,MEDICAL_RECORDS,3,,paediatrics,,,accredited,,,,,0.0,99.0,YEAR,,DNA,temperature-60to-85,,,,,,,,True,,,,,,directory_catalog,https://ejp-rd-vp.github.io/resource-metadata-schema/license/v1.0.txt,BBMRI-ERIC,English,,,,2026-07-23 05:02:08.227210,2026-07-23 05:02:08.227210,
1869,bbmri-eric:ID:ES_BioNER-IIER:collection:Inmunodeficiencia_no_especificada,"Inmunodeficiencia, no especificada",,Disease sample;Disease control,https://www.isciii.es/QuienesSomos/CentrosPropios/IIER/Paginas/default.aspx,Madrid,ES,,,bbmri-eric:contactID:ES_Martinez_Delgado,bbmri-eric:contactID:ES_Martinez_Delgado,ES,False,,,bbmri-eric:ID:ES_BioNER-IIER,Rare Diseases National Biobank-Institute of Rare Diseases Research (Institute of Health Carlos III),bbmri-eric:networkID:ES_PISCIIIBB,,,RD,BIOLOGICAL_SAMPLES,1,44.0,"autoimmune,rare_disease",,,,3.0,0.0,"MALE,FEMALE",urn:miriam:icd:D84.9,,,YEAR,,"DNA,PERIPHERAL_BLOOD_CELLS,OTHER,BUFFY_COAT,PLASMA,SERUM","temperature-60to-85,temperatureLN",,,,,,,,True,,,,,,directory_catalog,https://ejp-rd-vp.github.io/resource-metadata-schema/license/v1.0.txt,BBMRI-ERIC,English,"Other immunodeficiencies - Immunodeficiency,unspecified",,,2026-07-23 05:02:06.175575,2026-07-23 05:02:06.175575,
1872,bbmri-eric:ID:ES_BioNER-IIER:collection:Sarcoidosis,Sarcoidosis,,Disease sample,https://www.isciii.es/QuienesSomos/CentrosPropios/IIER/Paginas/default.aspx,Madrid,ES,,,bbmri-eric:contactID:ES_Martinez_Delgado,bbmri-eric:contactID:ES_Martinez_Delgado,ES,False,,,bbmri-eric:ID:ES_BioNER-IIER,Rare Diseases National Biobank-Institute of Rare Diseases Research (Institute of Health Carlos III),bbmri-eric:networkID:ES_PISCIIIBB,,,RD,BIOLOGICAL_SAMPLES,1,70.0,"autoimmune,rare_disease",,,,6.0,0.0,"MALE,FEMALE",urn:miriam:icd:D86,,,YEAR,,"DNA,PERIPHERAL_BLOOD_CELLS,PLASMA,SALIVA,SERUM","temperature-60to-85,temperatureLN",,,,,,,,True,,,,,,directory_catalog,https://ejp-rd-vp.github.io/resource-metadata-schema/license/v1.0.txt,BBMRI-ERIC,English,Sarcoidosis,,,2026-07-23 05:02:06.175575,2026-07-23 05:02:06.175575,
1873,bbmri-eric:ID:ES_BioNER-IIER:collection:Pseudohipoparatiroidismo_tipo_1A,Pseudohipoparatiroidismo tipo 1A,,Disease sample,https://www.isciii.es/QuienesSomos/CentrosPropios/IIER/Paginas/default.aspx,Madrid,ES,,,bbmri-eric:contactID:ES_Martinez_Delgado,bbmri-eric:contactID:ES_Martinez_Delgado,ES,False,,,bbmri-eric:ID:ES_BioNER-IIER,Rare Diseases National Biobank-Institute of Rare Diseases Research (Institute of Health Carlos III),bbmri-eric:networkID:ES_PISCIIIBB,,,RD,BIOLOGICAL_SAMPLES,1,26.0,"rare_disease,metabolic",,,,2.0,0.0,MALE,urn:miriam:icd:E20.1,,,YEAR,,"DNA,PERIPHERAL_BLOOD_CELLS,PLASMA,SALIVA,SERUM","temperature-60to-85,temperatureLN",,,,,,,,True,,,,,,directory_catalog,https://ejp-rd-vp.github.io/resource-metadata-schema/license/v1.0.txt,BBMRI-ERIC,English,Pseudohypoparathyroidism,,,2026-07-23 05:02:06.175575,2026-07-23 05:02:06.175575,
1877,bbmri-eric:ID:ES_BioNER-IIER:collection:Glucogenosis_tipo_5,Glucogenosis tipo 5,,Disease sample,https://www.isciii.es/QuienesSomos/CentrosPropios/IIER/Paginas/default.aspx,Madrid,ES,,,bbmri-eric:contactID:ES_Martinez_Delgado,bbmri-eric:contactID:ES_Martinez_Delgado,ES,False,,,bbmri-eric:ID:ES_BioNER-IIER,Rare Diseases National Biobank-Institute of Rare Diseases Research (Institute of Health Carlos III),bbmri-eric:networkID:ES_PISCIIIBB,,,RD,BIOLOGICAL_SAMPLES,1,84.0,"rare_disease,metabolic",,,,4.0,0.0,"MALE,FEMALE",urn:miriam:icd:E74.0,,,YEAR,,"DNA,PERIPHERAL_BLOOD_CELLS,PLASMA,SERUM","temperature-60to-85,temperatureLN",,,,,,,,True,,,,,,directory_catalog,https://ejp-rd-vp.github.io/resource-metadata-schema/license/v1.0.txt,BBMRI-ERIC,English,Other disorders of carbohydrate metabolism - Glycogen storage disease,,,2026-07-23 05:02:06.175575,2026-07-23 05:02:06.175575,
1878,bbmri-eric:ID:ES_BioNER-IIER:collection:Glucogenosis_tipo_2,Glucogenosis tipo 2,,Disease sample;Disease control,https://www.isciii.es/QuienesSomos/CentrosPropios/IIER/Paginas/default.aspx,Madrid,ES,,,bbmri-eric:contactID:ES_Martinez_Delgado,bbmri-eric:contactID:ES_Martinez_Delgado,ES,False,,,bbmri-eric:ID:ES_BioNER-IIER,Rare Diseases National Biobank-Institute of Rare Diseases Research (Institute of Health Carlos III),bbmri-eric:networkID:ES_PISCIIIBB,,,RD,BIOLOGICAL_SAMPLES,1,59.0,"rare_disease,metabolic",,,,3.0,0.0,"MALE,FEMALE",urn:miriam:icd:E74.0,,,YEAR,,"DNA,PERIPHERAL_BLOOD_CELLS,PLASMA,SERUM","temperature-60to-85,temperatureLN",,,,,,,,True,,,,,,directory_catalog,https://ejp-rd-vp.github.io/resource-metadata-schema/license/v1.0.txt,BBMRI-ERIC,English,Other disorders of carbohydrate metabolism - Glycogen storage disease,,,2026-07-23 05:02:06.175575,2026-07-23 05:02:06.175575,
1882,bbmri-eric:ID:ES_BioNER-IIER:collection:Leucodistrofia_indeterminada,Leucodistrofia indeterminada,,Disease sample,https://www.isciii.es/QuienesSomos/CentrosPropios/IIER/Paginas/default.aspx,Madrid,ES,,,bbmri-eric:contactID:ES_Martinez_Delgado,bbmri-eric:contactID:ES_Martinez_Delgado,ES,False,,,bbmri-eric:ID:ES_BioNER-IIER,Rare Diseases National Biobank-Institute of Rare Diseases Research (Institute of Health Carlos III),bbmri-eric:networkID:ES_PISCIIIBB,,,RD,BIOLOGICAL_SAMPLES,1,34.0,"rare_disease,metabolic",,,,2.0,0.0,MALE,urn:miriam:icd:E75.2,,,YEAR,,"DNA,PERIPHERAL_BLOOD_CELLS,PLASMA,SERUM","temperature-60to-85,temperatureLN",,,,,,,,True,,,,,,directory_catalog,https://ejp-rd-vp.github.io/resource-metadata-schema/license/v1.0.txt,BBMRI-ERIC,English,Other sphingolipidosis,,,2026-07-23 05:02:06.175575,2026-07-23 05:02:06.175575,
1892,bbmri-eric:ID:ES_LAFE:collection:PE_6,TWIN,GEMEL,Newborn twins,https://www.iislafe.es/es/apoyo-a-la-investigacion/plataformas-cientifico-tecnologicas/biobanco/,Valencia,ES,43297691,-2985980,bbmri-eric:contactID:ES_Cervera,bbmri-eric:contactID:ES_Amigo,ES,False,,,bbmri-eric:ID:ES_LAFE,Biobanco LA FE,bbmri-eric:networkID:ES_PISCIIIBB,,,"SAMPLE,TWIN_STUDY,BIRTH_COHORT,HOSPITAL,OTHER","BIOLOGICAL_SAMPLES,CLINICAL_SYMPTOMS,MEDICAL_RECORDS,PHYSIOLOGICAL_BIOCHEMICAL_MEASUREMENTS,TREATMENT_PROTOCOL",2,450.0,paediatrics,2013-02-13 00:00:00.000,,accredited,450.0,2.0,"FEMALE,MALE",urn:miriam:icd:O30,0.0,0.0,YEAR,,"DNA,PERIPHERAL_BLOOD_CELLS,PLASMA,OTHER,SERUM,TISSUE_FROZEN",temperature-60to-85,,,,True,True,,,True,,,,,"sample_processing_sop,sample_transport_sop,sample_storage_sop,data_processing_sop,data_transport_sop,data_storage_sop",directory_catalog,https://ejp-rd-vp.github.io/resource-metadata-schema/license/v1.0.txt,BBMRI-ERIC,English,Multiple gestation,,,2026-07-23 05:02:07.734909,2026-07-23 05:02:07.734909,
1893,bbmri-eric:ID:ES_LAFE:collection:PE_8,OVARIAN Oncology,GINECO,Ovarian Oncology patients,https://www.iislafe.es/es/apoyo-a-la-investigacion/plataformas-cientifico-tecnologicas/biobanco/,Valencia,ES,43297691,-2985980,bbmri-eric:contactID:ES_Cervera,bbmri-eric:contactID:ES_Amigo,ES,False,,,bbmri-eric:ID:ES_LAFE,Biobanco LA FE,bbmri-eric:networkID:ES_PISCIIIBB,,,"SAMPLE,CASE_CONTROL,COHORT,DISEASE_SPECIFIC,HOSPITAL,QUALITY_CONTROL","BIOLOGICAL_SAMPLES,CLINICAL_SYMPTOMS,MEDICAL_RECORDS,PHYSIOLOGICAL_BIOCHEMICAL_MEASUREMENTS,TREATMENT_PROTOCOL",3,1210.0,"oncology,population",2013-02-06 00:00:00.000,,accredited,1210.0,3.0,FEMALE,urn:miriam:icd:C56,0.0,0.0,YEAR,,"DNA,PERIPHERAL_BLOOD_CELLS,PLASMA,RNA,SERUM,TISSUE_FROZEN",temperature-60to-85,,,,True,True,,,True,,,,,"sample_processing_sop,sample_transport_sop,sample_storage_sop,data_processing_sop,data_transport_sop,data_storage_sop",directory_catalog,https://ejp-rd-vp.github.io/resource-metadata-schema/license/v1.0.txt,BBMRI-ERIC,English,Malignant neoplasm of ovary,,,2026-07-23 05:02:07.734909,2026-07-23 05:02:07.734909,
1896,bbmri-eric:ID:ES_LAFE:collection:PE_52,HEMATOLOGICAL DISEASES,EH,Patients with leukemias acte and chronic and other pathologie,https://www.iislafe.es/es/apoyo-a-la-investigacion/plataformas-cientifico-tecnologicas/biobanco/,Valencia,ES,43297691,-2985980,bbmri-eric:contactID:ES_Cervera,bbmri-eric:contactID:ES_Amigo,ES,False,,,bbmri-eric:ID:ES_LAFE,Biobanco LA FE,bbmri-eric:networkID:ES_PISCIIIBB,,,"SAMPLE,CASE_CONTROL,COHORT,HOSPITAL,QUALITY_CONTROL,OTHER","BIOLOGICAL_SAMPLES,BLOOD,CLINICAL_SYMPTOMS,DiseaseDuration,MEDICAL_RECORDS,TREATMENT_PROTOCOL",3,7898.0,"autoimmune,population",2010-04-26 00:00:00.000,,accredited,7898.0,3.0,"MALE,FEMALE",urn:miriam:icd:D50,18.0,95.0,YEAR,,"DNA,PERIPHERAL_BLOOD_CELLS,PLASMA,RNA,SALIVA,SERUM,OTHER","temperature-60to-85,temperatureLN",,,,True,True,,,True,,,,,"sample_processing_sop,sample_transport_sop,sample_storage_sop,data_processing_sop,data_transport_sop,data_storage_sop",directory_catalog,https://ejp-rd-vp.github.io/resource-metadata-schema/license/v1.0.txt,BBMRI-ERIC,English,Iron deficiency anaemia,,,2026-07-23 05:02:07.734909,2026-07-23 05:02:07.734909,
1900,bbmri-eric:ID:ES_VHIR:collection:FetalTissueBank_8,Fetal Tissue Bank,,"The collection consists of frozen fetal tissue samples obtained from different stages of embryonic and fetal development (gestational weeks 8-22). The samples come from fetuses from the Program of Legal Termination of Pregnancy of the Hospital Universitari Vall d’Hebron._x000D_
_x000D_
The donations are from fetuses with congenital diseases associated with central nervous system disorders",https://vhir.vallhebron.com/en/research-support/biobank,Barcelona,ES,,,bbmri-eric:contactID:ES_Novoa_Garcia,bbmri-eric:contactID:ES_Novoa_Garcia,ES,False,,,bbmri-eric:ID:ES_VHIR,Vall d'Hebron Research Institute,bbmri-eric:networkID:ES_PISCIIIBB,,,RD,"BIOLOGICAL_SAMPLES,MEDICAL_RECORDS",1,56.0,rare_disease,,,accredited,56.0,1.0,"FEMALE,MALE,UNKNOWN",urn:miriam:icd:Q00,,,,,TISSUE_FROZEN,temperature-60to-85,,,,,,,,True,,,,,,directory_catalog,https://ejp-rd-vp.github.io/resource-metadata-schema/license/v1.0.txt,BBMRI-ERIC,English,Anencephaly and similar malformations,,,2026-07-23 05:02:08.227210,2026-07-23 05:02:08.227210,
1903,bbmri-eric:ID:ES_LAFE:collection:PE_17_1,Amyotrophic lateral sclerosis,NeuroELA,Patients with Amyotrophic lateral sclerosis,https://www.iislafe.es/es/apoyo-a-la-investigacion/plataformas-cientifico-tecnologicas/biobanco/,Valencia,ES,43297691,-2985980,bbmri-eric:contactID:ES_Cervera,bbmri-eric:contactID:ES_Amigo,ES,False,,,bbmri-eric:ID:ES_LAFE,Biobanco LA FE,bbmri-eric:networkID:ES_PISCIIIBB,,,"SAMPLE,CASE_CONTROL,COHORT,DISEASE_SPECIFIC,HOSPITAL,QUALITY_CONTROL","BIOLOGICAL_SAMPLES,BLOOD,CLINICAL_SYMPTOMS,DiseaseDuration,MEDICAL_RECORDS,TREATMENT_PROTOCOL",3,1448.0,"nervous_system,rare_disease,population",2013-11-29 00:00:00.000,,accredited,1448.0,3.0,"MALE,FEMALE",urn:miriam:icd:G12.2,53.0,93.0,YEAR,,"DNA,PLASMA,RNA,SERUM,PERIPHERAL_BLOOD_CELLS","temperature-60to-85,temperatureLN",,,,True,True,,,True,,,,,"sample_processing_sop,sample_transport_sop,sample_storage_sop,data_processing_sop,data_transport_sop,data_storage_sop",directory_catalog,https://ejp-rd-vp.github.io/resource-metadata-schema/license/v1.0.txt,BBMRI-ERIC,English,Spinal muscular atrophy and related syndromes - Motor neuron disease,,,2026-07-23 05:02:07.734909,2026-07-23 05:02:07.734909,
1906,bbmri-eric:ID:ES_LAFE:collection:PE_17_2,NEUROMUSCULAR DISEASES AND ATAXIAS,NeuroMUS,Patients with neuromuslcular diseases and ataxias,https://www.iislafe.es/es/apoyo-a-la-investigacion/plataformas-cientifico-tecnologicas/biobanco/,Valencia,ES,43297691,-2985980,bbmri-eric:contactID:ES_Cervera,bbmri-eric:contactID:ES_Amigo,ES,False,,,bbmri-eric:ID:ES_LAFE,Biobanco LA FE,bbmri-eric:networkID:ES_PISCIIIBB,,,"SAMPLE,CASE_CONTROL,COHORT,DISEASE_SPECIFIC,HOSPITAL,QUALITY_CONTROL","BIOLOGICAL_SAMPLES,BLOOD,CLINICAL_SYMPTOMS,DiseaseDuration,MEDICAL_RECORDS,TREATMENT_PROTOCOL",3,1436.0,"nervous_system,population",2014-01-21 00:00:00.000,,accredited,1436.0,3.0,"MALE,FEMALE","urn:miriam:icd:G71,urn:miriam:icd:G11",27.0,85.0,YEAR,,"DNA,PLASMA,RNA,SERUM",temperature-60to-85,,,,True,True,,,True,,,,,"sample_processing_sop,sample_transport_sop,sample_storage_sop,data_processing_sop,data_transport_sop,data_storage_sop",directory_catalog,https://ejp-rd-vp.github.io/resource-metadata-schema/license/v1.0.txt,BBMRI-ERIC,English,"Primary disorders of muscles,Hereditary ataxia",,,2026-07-23 05:02:07.734909,2026-07-23 05:02:07.734909,
1911,bbmri-eric:ID:ES_LAFE:collection:PE_17_4,ATROFIA MEDULAR ESPINAL,AME,Patients with spinal cord atrophy,https://www.iislafe.es/es/apoyo-a-la-investigacion/plataformas-cientifico-tecnologicas/biobanco/,Valencia,ES,43297691,-2985980,bbmri-eric:contactID:ES_Cervera,bbmri-eric:contactID:ES_Amigo,ES,False,,,bbmri-eric:ID:ES_LAFE,Biobanco LA FE,bbmri-eric:networkID:ES_PISCIIIBB,,,"SAMPLE,CASE_CONTROL,COHORT,DISEASE_SPECIFIC,HOSPITAL,QUALITY_CONTROL","BIOLOGICAL_SAMPLES,BLOOD,CLINICAL_SYMPTOMS,DiseaseDuration,MEDICAL_RECORDS,TREATMENT_PROTOCOL",2,784.0,"nervous_system,paediatrics,rare_disease,population",2014-01-16 00:00:00.000,,accredited,784.0,2.0,"MALE,FEMALE",urn:miriam:icd:G12.0,1.0,65.0,YEAR,,"DNA,PLASMA,RNA,SERUM,PERIPHERAL_BLOOD_CELLS","temperature-60to-85,temperatureLN",,,,True,True,,,True,,,,,"sample_processing_sop,sample_transport_sop,sample_storage_sop,data_processing_sop,data_transport_sop,data_storage_sop",directory_catalog,https://ejp-rd-vp.github.io/resource-metadata-schema/license/v1.0.txt,BBMRI-ERIC,English,"Infantile spinal muscular atrophy,type I [Werdnig-Hoffman]",,,2026-07-23 05:02:07.734909,2026-07-23 05:02:07.734909,
1914,bbmri-eric:ID:ES_HGUVBB:collection:COVID-19_BBHGUV,COVID-19_BBHGUV,,Disease caused by Severe acute respiratory syndrome coronavirus,,Valencia,ES,39.46843,-0.40775,bbmri-eric:contactID:ES_01,bbmri-eric:contactID:ES_01,ES,False,,,bbmri-eric:ID:ES_HGUVBB,Biobanco del Hospital General Universitario de Valencia,bbmri-eric:networkID:ES_PISCIIIBB,,,SAMPLE,BIOLOGICAL_SAMPLES,1,,,,,accredited,,,,,,,,,"SERUM,PLASMA",temperature-60to-85,,,,True,True,,,True,,,,,,directory_catalog,https://ejp-rd-vp.github.io/resource-metadata-schema/license/v1.0.txt,BBMRI-ERIC,English,,,,2026-07-23 05:02:07.734909,2026-07-23 05:02:07.734909,
1917,bbmri-eric:ID:ES_HGUVBB:collection:Oncology-BB,Solid tumors,,"Samples from patients with oncological disease diagnosed in collaboration with the Pathological Anatomy Department._x000D_
Includes solid and liquid samples.",,Valencia,ES,39.46843,-0.40775,bbmri-eric:contactID:ES_01,bbmri-eric:contactID:ES_01,ES,False,,,bbmri-eric:ID:ES_HGUVBB,Biobanco del Hospital General Universitario de Valencia,bbmri-eric:networkID:ES_PISCIIIBB,,,"SAMPLE,DISEASE_SPECIFIC","BIOLOGICAL_SAMPLES,CLINICAL_SYMPTOMS,DiseaseDuration",0,,oncology,,,accredited,,,"FEMALE,MALE",urn:miriam:icd:C43.9,,,,,DNA,temperature-60to-85,,,,True,True,,,True,,,,,,directory_catalog,https://ejp-rd-vp.github.io/resource-metadata-schema/license/v1.0.txt,BBMRI-ERIC,English,"Malignant melanoma of skin - Malignant neoplasm: Malignant melanoma of skin,unspecified",,,2026-07-23 05:02:07.734909,2026-07-23 05:02:07.734909,
1929,bbmri-eric:ID:ES_IRBLleida:collection:Tumor_Bank,Tumor_Bank,BT,Frozen tissue and blood derivatives samples from patients that underwent surgery.,https://www.irblleida.org/es/servicios-cientifico-tecnicos/biobanco/,LLeida,ES,,,bbmri-eric:contactID:ES_Matias_Guiu,bbmri-eric:contactID:ES_Matias_Guiu,ES,False,,,bbmri-eric:ID:ES_IRBLleida,Institut de Recerca Biomèdica de Lleida,bbmri-eric:networkID:ES_PISCIIIBB,,,SAMPLE,OTHER,3,,,,,accredited,,,,,,,,,"PLASMA,SERUM,OTHER",temperature-60to-85,,,,,,,,True,,,,,,directory_catalog,https://ejp-rd-vp.github.io/resource-metadata-schema/license/v1.0.txt,BBMRI-ERIC,English,,,,2026-07-23 05:02:07.734909,2026-07-23 05:02:07.734909,
1950,bbmri-eric:ID:ES_INCLIVA:collection:INC_05_AD,Autoimmune Diseases,,"Sample collection from patients with autoimmune diseases like Systemic Lupus Erythematosus, Vasculitis, Sjögren's Syndrome and others.",https://www.incliva.es/en/services/platforms/biobank/,Valencia,ES,,,bbmri-eric:contactID:ES_Alfaro-Cervello,bbmri-eric:contactID:ES_Alfaro-Cervello,ES,False,,,bbmri-eric:ID:ES_INCLIVA,INCLIVA Biobank,bbmri-eric:networkID:ES_PISCIIIBB,,,"SAMPLE,DISEASE_SPECIFIC,HOSPITAL","BIOLOGICAL_SAMPLES,MEDICAL_RECORDS",3,2475.0,"cardiovascular,paediatrics,rare_disease",2023-05-16 00:00:00.000,,accredited,245.0,2.0,"FEMALE,MALE","urn:miriam:icd:L93.0,urn:miriam:icd:I77.6",15.0,87.0,YEAR,,"DNA,PERIPHERAL_BLOOD_CELLS,PLASMA,RNA,SERUM",temperature-60to-85,,,,True,True,,,True,,,,,,directory_catalog,https://ejp-rd-vp.github.io/resource-metadata-schema/license/v1.0.txt,BBMRI-ERIC,English,"Discoid lupus erythematosus,Other disorders of arteries and arterioles - Arteritis,unspecified",,,2026-07-23 05:02:07.734909,2026-07-23 05:02:07.734909,
1957,bbmri-eric:ID:ES_BHCSC:collection:19,Control without diagnosis,,"Non affected liquid samples (plasma, serum and buffy coat) from 74 healthy patients since 2019",https://www.idissc.org/espacio-de-apoyo/biobanco/,Madrid,ES,,,bbmri-eric:contactID:ES_Ortega_Medina,bbmri-eric:contactID:ES_Ortega_Medina,ES,False,,,bbmri-eric:ID:ES_BHCSC,Hospital Clínico San Carlos Biobank,bbmri-eric:networkID:ES_PISCIIIBB,,,CASE_CONTROL,BIOLOGICAL_SAMPLES,2,192.0,population,,,accredited,74.0,,UNDIFFERENTIAL,,,,,,"PLASMA,SERUM,BUFFY_COAT",temperature-60to-85,,,,,,,,True,,,,,,directory_catalog,https://ejp-rd-vp.github.io/resource-metadata-schema/license/v1.0.txt,BBMRI-ERIC,English,,,,2026-07-23 05:02:07.734909,2026-07-23 05:02:07.734909,
1961,bbmri-eric:ID:ES_BHCSC:collection:EM,Esclerosis múltiple,,Affected liquid samples (serum) from 402 patients since 2004,https://www.idissc.org/espacio-de-apoyo/biobanco/,Madrid,ES,,,bbmri-eric:contactID:ES_Ortega_Medina,bbmri-eric:contactID:ES_Ortega_Medina,ES,False,,,bbmri-eric:ID:ES_BHCSC,Hospital Clínico San Carlos Biobank,bbmri-eric:networkID:ES_PISCIIIBB,,,SAMPLE,BIOLOGICAL_SAMPLES,3,1174.0,,,,accredited,402.0,,UNDIFFERENTIAL,,,,,,SERUM,temperature-60to-85,,,,,,,,True,,,,,,directory_catalog,https://ejp-rd-vp.github.io/resource-metadata-schema/license/v1.0.txt,BBMRI-ERIC,English,,,,2026-07-23 05:02:07.734909,2026-07-23 05:02:07.734909,
1965,bbmri-eric:ID:ES_BHCSC:collection:GC,Clinical genetics,,Affected liquid samples (DNA) from 129 patients since 2017,https://www.idissc.org/espacio-de-apoyo/biobanco/,Madrid,ES,,,bbmri-eric:contactID:ES_Ortega_Medina,bbmri-eric:contactID:ES_Ortega_Medina,ES,False,,,bbmri-eric:ID:ES_BHCSC,Hospital Clínico San Carlos Biobank,bbmri-eric:networkID:ES_PISCIIIBB,,,SAMPLE,BIOLOGICAL_SAMPLES,2,317.0,,,,accredited,129.0,,UNDIFFERENTIAL,,,,,,DNA,temperature-60to-85,,,,,,,,True,,,,,,directory_catalog,https://ejp-rd-vp.github.io/resource-metadata-schema/license/v1.0.txt,BBMRI-ERIC,English,,,,2026-07-23 05:02:07.734909,2026-07-23 05:02:07.734909,
1970,bbmri-eric:ID:ES_BHCSC:collection:H,Hematology,,Affected liquid samples  (DNA and RNA) from 182 patients since 2012,https://www.idissc.org/espacio-de-apoyo/biobanco/,Madrid,ES,,,bbmri-eric:contactID:ES_Ortega_Medina,bbmri-eric:contactID:ES_Ortega_Medina,ES,False,,,bbmri-eric:ID:ES_BHCSC,Hospital Clínico San Carlos Biobank,bbmri-eric:networkID:ES_PISCIIIBB,,,SAMPLE,BIOLOGICAL_SAMPLES,2,213.0,,,,accredited,213.0,,UNDIFFERENTIAL,,,,,,"DNA,RNA",temperature-60to-85,,,,,,,,True,,,,,,directory_catalog,https://ejp-rd-vp.github.io/resource-metadata-schema/license/v1.0.txt,BBMRI-ERIC,English,,,,2026-07-23 05:02:07.734909,2026-07-23 05:02:07.734909,
1973,bbmri-eric:ID:ES_BHCSC:collection:16,Glomerular pathology,,"Affected liquid samples (serum, blood, plasma-EDTA, buffy coat, urine) from 319 patients since 2018",https://www.idissc.org/espacio-de-apoyo/biobanco/,Madrid,ES,,,bbmri-eric:contactID:ES_Ortega_Medina,bbmri-eric:contactID:ES_Ortega_Medina,ES,False,,,bbmri-eric:ID:ES_BHCSC,Hospital Clínico San Carlos Biobank,bbmri-eric:networkID:ES_PISCIIIBB,,,SAMPLE,BIOLOGICAL_SAMPLES,3,9284.0,,,,accredited,319.0,,UNDIFFERENTIAL,,,,,,"PLASMA,SERUM,BUFFY_COAT,WHOLE_BLOOD,OTHER",temperature-60to-85,,,,,,,,True,,,,,,directory_catalog,https://ejp-rd-vp.github.io/resource-metadata-schema/license/v1.0.txt,BBMRI-ERIC,English,,,,2026-07-23 05:02:07.734909,2026-07-23 05:02:07.734909,
1975,bbmri-eric:ID:ES_BHCSC:collection:R,Rheumatology,,"Affected liquid samples (serum, blood, plasma-EDTA, buffy coat) from 31 patients since 2012",https://www.idissc.org/espacio-de-apoyo/biobanco/,Madrid,ES,,,bbmri-eric:contactID:ES_Ortega_Medina,bbmri-eric:contactID:ES_Ortega_Medina,ES,False,,,bbmri-eric:ID:ES_BHCSC,Hospital Clínico San Carlos Biobank,bbmri-eric:networkID:ES_PISCIIIBB,,,SAMPLE,BIOLOGICAL_SAMPLES,2,375.0,,,,accredited,31.0,,UNDIFFERENTIAL,,,,,,"PLASMA,SERUM,BUFFY_COAT,WHOLE_BLOOD",temperature-60to-85,,,,,,,,True,,,,,,directory_catalog,https://ejp-rd-vp.github.io/resource-metadata-schema/license/v1.0.txt,BBMRI-ERIC,English,,,,2026-07-23 05:02:07.734909,2026-07-23 05:02:07.734909,
1990,bbmri-eric:ID:ES_INCLIVA:collection:INC_11_ACS,Acute Coronary Syndrome,,Sample collection from patients with Acute Coronary Syndrome,https://www.incliva.es/en/services/platforms/biobank/,Valencia,ES,,,bbmri-eric:contactID:ES_Alfaro-Cervello,bbmri-eric:contactID:ES_Alfaro-Cervello,ES,False,,,bbmri-eric:ID:ES_INCLIVA,INCLIVA Biobank,bbmri-eric:networkID:ES_PISCIIIBB,,,"SAMPLE,DISEASE_SPECIFIC,HOSPITAL","BIOLOGICAL_SAMPLES,MEDICAL_RECORDS",2,679.0,,2023-05-16 00:00:00.000,,accredited,47.0,1.0,"FEMALE,MALE",,47.0,88.0,YEAR,,"DNA,PERIPHERAL_BLOOD_CELLS,PLASMA,SERUM,WHOLE_BLOOD",temperature-60to-85,,,,True,True,,,True,,,,,,directory_catalog,https://ejp-rd-vp.github.io/resource-metadata-schema/license/v1.0.txt,BBMRI-ERIC,English,,,,2026-07-23 05:02:07.734909,2026-07-23 05:02:07.734909,
1991,bbmri-eric:ID:ES_INCLIVA:collection:INC_09_AHF,Acute Heart Failure,,Sample collection from patients with Acute Heart Failure,https://www.incliva.es/en/services/platforms/biobank/,Valencia,ES,,,bbmri-eric:contactID:ES_Alfaro-Cervello,bbmri-eric:contactID:ES_Alfaro-Cervello,ES,False,,,bbmri-eric:ID:ES_INCLIVA,INCLIVA Biobank,bbmri-eric:networkID:ES_PISCIIIBB,,,"SAMPLE,DISEASE_SPECIFIC,HOSPITAL","BIOLOGICAL_SAMPLES,MEDICAL_RECORDS",3,3897.0,cardiovascular,2023-05-16 00:00:00.000,,accredited,185.0,2.0,"FEMALE,MALE",urn:miriam:icd:I50.9,37.0,92.0,YEAR,,"DNA,PERIPHERAL_BLOOD_CELLS,PLASMA,SERUM,URINE",temperature-60to-85,,,,True,True,,,True,,,,,,directory_catalog,https://ejp-rd-vp.github.io/resource-metadata-schema/license/v1.0.txt,BBMRI-ERIC,English,"Heart failure,unspecified",,,2026-07-23 05:02:07.734909,2026-07-23 05:02:07.734909,
1992,bbmri-eric:ID:ES_INCLIVA:collection:INC_12_AF,Atrial Fibrillation,,Sample collection from patients with Atrial Fibrillation,https://www.incliva.es/en/services/platforms/biobank/,Valencia,ES,,,bbmri-eric:contactID:ES_Alfaro-Cervello,bbmri-eric:contactID:ES_Alfaro-Cervello,ES,False,,,bbmri-eric:ID:ES_INCLIVA,INCLIVA Biobank,bbmri-eric:networkID:ES_PISCIIIBB,,,"SAMPLE,DISEASE_SPECIFIC,HOSPITAL","BIOLOGICAL_SAMPLES,MEDICAL_RECORDS",2,191.0,,2023-05-16 00:00:00.000,,accredited,12.0,1.0,"FEMALE,MALE",,59.0,87.0,YEAR,,"DNA,PERIPHERAL_BLOOD_CELLS,PLASMA,SERUM",temperature-60to-85,,,,True,True,,,True,,,,,,directory_catalog,https://ejp-rd-vp.github.io/resource-metadata-schema/license/v1.0.txt,BBMRI-ERIC,English,,,,2026-07-23 05:02:07.734909,2026-07-23 05:02:07.734909,
1993,bbmri-eric:ID:ES_INCLIVA:collection:INC_07_AH,Arterial Hypertension,,Sample collection from patients with Arterial Hypertension,https://www.incliva.es/en/services/platforms/biobank/,Valencia,ES,,,bbmri-eric:contactID:ES_Alfaro-Cervello,bbmri-eric:contactID:ES_Alfaro-Cervello,ES,False,,,bbmri-eric:ID:ES_INCLIVA,INCLIVA Biobank,bbmri-eric:networkID:ES_PISCIIIBB,,,"SAMPLE,DISEASE_SPECIFIC,HOSPITAL","BIOLOGICAL_SAMPLES,MEDICAL_RECORDS",2,538.0,cardiovascular,2023-05-16 00:00:00.000,,accredited,49.0,1.0,"FEMALE,MALE",urn:miriam:icd:I10,41.0,59.0,YEAR,,"PLASMA,SERUM",temperature-60to-85,,,,True,True,,,True,,,,,,directory_catalog,https://ejp-rd-vp.github.io/resource-metadata-schema/license/v1.0.txt,BBMRI-ERIC,English,Essential (primary) hypertension,,,2026-07-23 05:02:07.734909,2026-07-23 05:02:07.734909,
1995,bbmri-eric:ID:ES_INCLIVA:collection:INC_24_BC,Bladder Cancer,,Sample collection from patients with bladder cancer,https://www.incliva.es/en/services/platforms/biobank/,Valencia,ES,,,bbmri-eric:contactID:ES_Alfaro-Cervello,bbmri-eric:contactID:ES_Alfaro-Cervello,ES,False,,,bbmri-eric:ID:ES_INCLIVA,INCLIVA Biobank,bbmri-eric:networkID:ES_PISCIIIBB,,,"SAMPLE,DISEASE_SPECIFIC,HOSPITAL","BIOLOGICAL_SAMPLES,MEDICAL_RECORDS",2,632.0,"oncology,rare_disease",2023-05-16 00:00:00.000,,accredited,121.0,2.0,"FEMALE,MALE",urn:miriam:icd:C67.9,28.0,95.0,YEAR,,"PERIPHERAL_BLOOD_CELLS,PLASMA,TISSUE_PARAFFIN_EMBEDDED,OTHER,URINE",temperature-60to-85,,,,True,True,,,True,,,,,,directory_catalog,https://ejp-rd-vp.github.io/resource-metadata-schema/license/v1.0.txt,BBMRI-ERIC,English,"Malignant neoplasm of bladder - Malignant neoplasm: Bladder,unspecified",,,2026-07-23 05:02:07.734909,2026-07-23 05:02:07.734909,
1999,bbmri-eric:ID:ES_INCLIVA:collection:INC_22_BT,Brain Tumors,,Sample collection from patients with brain tumors,https://www.incliva.es/en/services/platforms/biobank/,Valencia,ES,,,bbmri-eric:contactID:ES_Alfaro-Cervello,bbmri-eric:contactID:ES_Alfaro-Cervello,ES,False,,,bbmri-eric:ID:ES_INCLIVA,INCLIVA Biobank,bbmri-eric:networkID:ES_PISCIIIBB,,,"SAMPLE,DISEASE_SPECIFIC,HOSPITAL","BIOLOGICAL_SAMPLES,MEDICAL_RECORDS",2,753.0,"oncology,paediatrics",2023-05-16 00:00:00.000,,accredited,153.0,2.0,"FEMALE,MALE",urn:miriam:icd:C71,1.0,84.0,YEAR,,"PERIPHERAL_BLOOD_CELLS,PLASMA,SERUM,OTHER,TISSUE_PARAFFIN_EMBEDDED,OTHER",temperature-60to-85,,,,True,True,,,True,,,,,,directory_catalog,https://ejp-rd-vp.github.io/resource-metadata-schema/license/v1.0.txt,BBMRI-ERIC,English,Malignant neoplasm of brain,,,2026-07-23 05:02:07.734909,2026-07-23 05:02:07.734909,
2000,bbmri-eric:ID:ES_INCLIVA:collection:INC_17_CC,Colon Cancer,,Sample collection from patients with colon cancer,https://www.incliva.es/en/services/platforms/biobank/,Valencia,ES,,,bbmri-eric:contactID:ES_Alfaro-Cervello,bbmri-eric:contactID:ES_Alfaro-Cervello,ES,False,,,bbmri-eric:ID:ES_INCLIVA,INCLIVA Biobank,bbmri-eric:networkID:ES_PISCIIIBB,,,"SAMPLE,DISEASE_SPECIFIC,HOSPITAL,LONGITUDINAL","BIOLOGICAL_SAMPLES,MEDICAL_RECORDS",5,100426.0,,2023-05-16 00:00:00.000,,accredited,840.0,2.0,"FEMALE,MALE",,18.0,96.0,YEAR,,"DNA,PERIPHERAL_BLOOD_CELLS,PLASMA,RNA,SERUM,OTHER,TISSUE_PARAFFIN_EMBEDDED,BUFFY_COAT",temperature-60to-85,,,,True,True,,,True,,,,,,directory_catalog,https://ejp-rd-vp.github.io/resource-metadata-schema/license/v1.0.txt,BBMRI-ERIC,English,,,,2026-07-23 05:02:08.227210,2026-07-23 05:02:08.227210,
2001,bbmri-eric:ID:ES_INCLIVA:collection:INC_14_BC,Breast Cancer,,Sample collection from patients with breast cancer,https://www.incliva.es/en/services/platforms/biobank/,Valencia,ES,,,bbmri-eric:contactID:ES_Alfaro-Cervello,bbmri-eric:contactID:ES_Alfaro-Cervello,ES,False,,,bbmri-eric:ID:ES_INCLIVA,INCLIVA Biobank,bbmri-eric:networkID:ES_PISCIIIBB,,,"SAMPLE,DISEASE_SPECIFIC,HOSPITAL,LONGITUDINAL","BIOLOGICAL_SAMPLES,MEDICAL_RECORDS",5,105004.0,"oncology,rare_disease",2023-05-16 00:00:00.000,,accredited,3128.0,3.0,"FEMALE,MALE",urn:miriam:icd:C50.9,23.0,87.0,YEAR,,"DNA,PERIPHERAL_BLOOD_CELLS,PLASMA,RNA,SERUM,OTHER,TISSUE_PARAFFIN_EMBEDDED,BUFFY_COAT",temperature-60to-85,,,,True,True,,,True,,,,,,directory_catalog,https://ejp-rd-vp.github.io/resource-metadata-schema/license/v1.0.txt,BBMRI-ERIC,English,"Malignant neoplasm of breast - Malignant neoplasm: Breast,unspecified",,,2026-07-23 05:02:08.227210,2026-07-23 05:02:08.227210,
2004,bbmri-eric:ID:ES_INCLIVA:collection:INC_03_COVID_Vac,COVID-19 Vaccinated,,Administration of vaccine product against Severe Acute Respiratory Syndrome coronavirus 2,https://www.incliva.es/en/services/platforms/biobank/,Valencia,ES,,,bbmri-eric:contactID:ES_Alfaro-Cervello,bbmri-eric:contactID:ES_Alfaro-Cervello,ES,False,,,bbmri-eric:ID:ES_INCLIVA,INCLIVA Biobank,bbmri-eric:networkID:ES_PISCIIIBB,,,"SAMPLE,POPULATION_BASED",BIOLOGICAL_SAMPLES,3,1439.0,population,2023-05-16 00:00:00.000,,accredited,126.0,2.0,"FEMALE,MALE",,28.0,100.0,YEAR,,"PLASMA,PERIPHERAL_BLOOD_CELLS","temperature-60to-85,temperatureOther",,,,True,True,,,True,,,,,,directory_catalog,https://ejp-rd-vp.github.io/resource-metadata-schema/license/v1.0.txt,BBMRI-ERIC,English,,,,2026-07-23 05:02:07.734909,2026-07-23 05:02:07.734909,
2009,bbmri-eric:ID:ES_INCLIVA:collection:INC_19_GC,Gastric Cancer,,Sample collection from patients with gastric cancer,https://www.incliva.es/en/services/platforms/biobank/,Valencia,ES,,,bbmri-eric:contactID:ES_Alfaro-Cervello,bbmri-eric:contactID:ES_Alfaro-Cervello,ES,False,,,bbmri-eric:ID:ES_INCLIVA,INCLIVA Biobank,bbmri-eric:networkID:ES_PISCIIIBB,,,"SAMPLE,DISEASE_SPECIFIC,HOSPITAL,LONGITUDINAL","BIOLOGICAL_SAMPLES,MEDICAL_RECORDS",3,4829.0,,2023-05-16 00:00:00.000,,accredited,133.0,2.0,"FEMALE,MALE",,31.0,94.0,YEAR,,"DNA,PERIPHERAL_BLOOD_CELLS,PLASMA,SERUM,TISSUE_PARAFFIN_EMBEDDED,OTHER,BUFFY_COAT",temperature-60to-85,,,,True,True,,,True,,,,,,directory_catalog,https://ejp-rd-vp.github.io/resource-metadata-schema/license/v1.0.txt,BBMRI-ERIC,English,,,,2026-07-23 05:02:07.734909,2026-07-23 05:02:07.734909,
2011,bbmri-eric:ID:ES_INCLIVA:collection:INC_21_HNC,Head and Neck Cancer,,Sample collection from patients with head and neck cancer,https://www.incliva.es/en/services/platforms/biobank/,Valencia,ES,,,bbmri-eric:contactID:ES_Alfaro-Cervello,bbmri-eric:contactID:ES_Alfaro-Cervello,ES,False,,,bbmri-eric:ID:ES_INCLIVA,INCLIVA Biobank,bbmri-eric:networkID:ES_PISCIIIBB,,,"SAMPLE,DISEASE_SPECIFIC,HOSPITAL,LONGITUDINAL","BIOLOGICAL_SAMPLES,MEDICAL_RECORDS",4,24442.0,oncology,2023-05-16 00:00:00.000,,accredited,264.0,2.0,"FEMALE,MALE",urn:miriam:icd:C49.1,20.0,87.0,YEAR,,"DNA,PERIPHERAL_BLOOD_CELLS,PLASMA,SERUM,TISSUE_PARAFFIN_EMBEDDED,BUFFY_COAT",temperature-60to-85,,,,True,True,,,True,,,,,,directory_catalog,https://ejp-rd-vp.github.io/resource-metadata-schema/license/v1.0.txt,BBMRI-ERIC,English,"Malignant neoplasm of other connective and soft tissue - Malignant neoplasm: Connective and soft tissue of upper limb,including shoulder",,,2026-07-23 05:02:07.734909,2026-07-23 05:02:07.734909,
2013,bbmri-eric:ID:ES_INCLIVA:collection:INC_13_HD,Hematology Disease,,"Sample collection from patients with Acute leukemias, Myelodysplastic Syndromes, Chronic Myeloproliferative Syndromes, Chronic Lymphoproliferative Syndromes, Multiple myeloma lymphomas, Hematopoietic transplantation and CAR-T therapy",https://www.incliva.es/en/services/platforms/biobank/,Valencia,ES,,,bbmri-eric:contactID:ES_Alfaro-Cervello,bbmri-eric:contactID:ES_Alfaro-Cervello,ES,False,,,bbmri-eric:ID:ES_INCLIVA,INCLIVA Biobank,bbmri-eric:networkID:ES_PISCIIIBB,,,"SAMPLE,DISEASE_SPECIFIC,HOSPITAL","BIOLOGICAL_SAMPLES,MEDICAL_RECORDS",4,,,2023-05-16 00:00:00.000,,accredited,,3.0,"FEMALE,MALE",,,,YEAR,,"DNA,PERIPHERAL_BLOOD_CELLS,PLASMA,RNA,SERUM,OTHER",temperature-60to-85,,,,True,True,,,True,,,,,,directory_catalog,https://ejp-rd-vp.github.io/resource-metadata-schema/license/v1.0.txt,BBMRI-ERIC,English,,,,2026-07-23 05:02:08.227210,2026-07-23 05:02:08.227210,
2015,bbmri-eric:ID:ES_VHIR:collection:DigestivePathologiesBank_8,Digestive Pathologies Bank,,"The collection comprises samples of blood, tissue and feces of patients with Microscopic Colitis who were treated at the Vall d'Hebron University Hospital and other collaborating centres of the Spanish Microscopic Colitis Group.",https://vhir.vallhebron.com/en/research-support/biobank,Barcelona,ES,,,bbmri-eric:contactID:ES_Novoa_Garcia,bbmri-eric:contactID:ES_Novoa_Garcia,ES,False,,,bbmri-eric:ID:ES_VHIR,Vall d'Hebron Research Institute,bbmri-eric:networkID:ES_PISCIIIBB,,,RD,"BIOLOGICAL_SAMPLES,MEDICAL_RECORDS",1,65.0,rare_disease,,,accredited,65.0,1.0,"FEMALE,MALE",urn:miriam:icd:K52.8,,,,,"DNA,SERUM,PLASMA,TISSUE_FROZEN,OTHER,FECES","temperature-60to-85,temperatureLN",,,,,,,,True,,,,,,directory_catalog,https://ejp-rd-vp.github.io/resource-metadata-schema/license/v1.0.txt,BBMRI-ERIC,English,Other specified noninfective gastroenteritis and colitis,,,2026-07-23 05:02:08.227210,2026-07-23 05:02:08.227210,
2018,bbmri-eric:ID:ES_INCLIVA:collection:INC_08_HALD,Hyperaldosteronism,,Sample collection from patients with Hyperaldosteronism,https://www.incliva.es/en/services/platforms/biobank/,Valencia,ES,,,bbmri-eric:contactID:ES_Alfaro-Cervello,bbmri-eric:contactID:ES_Alfaro-Cervello,ES,False,,,bbmri-eric:ID:ES_INCLIVA,INCLIVA Biobank,bbmri-eric:networkID:ES_PISCIIIBB,,,"SAMPLE,DISEASE_SPECIFIC,HOSPITAL","BIOLOGICAL_SAMPLES,MEDICAL_RECORDS",2,236.0,metabolic,2023-05-16 00:00:00.000,,accredited,14.0,1.0,"FEMALE,MALE",urn:miriam:icd:E26.9,46.0,81.0,YEAR,,"DNA,PERIPHERAL_BLOOD_CELLS,PLASMA,SERUM",temperature-60to-85,,,,True,True,,,True,,,,,,directory_catalog,https://ejp-rd-vp.github.io/resource-metadata-schema/license/v1.0.txt,BBMRI-ERIC,English,"Hyperaldosteronism,unspecified",,,2026-07-23 05:02:07.734909,2026-07-23 05:02:07.734909,
2019,bbmri-eric:ID:ES_INCLIVA:collection:INC_15_LC,Lung Cancer,,Sample collection from patients with lung cancer,https://www.incliva.es/en/services/platforms/biobank/,Valencia,ES,,,bbmri-eric:contactID:ES_Alfaro-Cervello,bbmri-eric:contactID:ES_Alfaro-Cervello,ES,False,,,bbmri-eric:ID:ES_INCLIVA,INCLIVA Biobank,bbmri-eric:networkID:ES_PISCIIIBB,,,"SAMPLE,DISEASE_SPECIFIC,HOSPITAL,LONGITUDINAL","BIOLOGICAL_SAMPLES,MEDICAL_RECORDS",4,37420.0,"oncology,rare_disease",2023-05-16 00:00:00.000,,accredited,1838.0,3.0,"FEMALE,MALE",urn:miriam:icd:C34.9,18.0,93.0,YEAR,,"DNA,PERIPHERAL_BLOOD_CELLS,PLASMA,RNA,SERUM,OTHER,TISSUE_PARAFFIN_EMBEDDED,BUFFY_COAT",temperature-60to-85,,,,True,True,,,True,,,,,,directory_catalog,https://ejp-rd-vp.github.io/resource-metadata-schema/license/v1.0.txt,BBMRI-ERIC,English,"Malignant neoplasm of bronchus and lung - Malignant neoplasm: Bronchus or lung,unspecified",,,2026-07-23 05:02:08.227210,2026-07-23 05:02:08.227210,
2023,bbmri-eric:ID:ES_INCLIVA:collection:INC_25_OST,Other Solid Tumors,,Sample collection from patients with other solid tumors,https://www.incliva.es/en/services/platforms/biobank/,Valencia,ES,,,bbmri-eric:contactID:ES_Alfaro-Cervello,bbmri-eric:contactID:ES_Alfaro-Cervello,ES,False,,,bbmri-eric:ID:ES_INCLIVA,INCLIVA Biobank,bbmri-eric:networkID:ES_PISCIIIBB,,,"SAMPLE,DISEASE_SPECIFIC,HOSPITAL","BIOLOGICAL_SAMPLES,MEDICAL_RECORDS",2,,,2023-05-16 00:00:00.000,,accredited,,2.0,"FEMALE,MALE",,18.0,96.0,YEAR,,"TISSUE_PARAFFIN_EMBEDDED,OTHER",temperature-60to-85,,,,True,True,,,True,,,,,,directory_catalog,https://ejp-rd-vp.github.io/resource-metadata-schema/license/v1.0.txt,BBMRI-ERIC,English,,,,2026-07-23 05:02:08.227210,2026-07-23 05:02:08.227210,
2027,bbmri-eric:ID:ES_INCLIVA:collection:INC_18_PC,Pancreatic Cancer,,Sample collection from patients with pancreatic cancer,https://www.incliva.es/en/services/platforms/biobank/,Valencia,ES,,,bbmri-eric:contactID:ES_Alfaro-Cervello,bbmri-eric:contactID:ES_Alfaro-Cervello,ES,False,,,bbmri-eric:ID:ES_INCLIVA,INCLIVA Biobank,bbmri-eric:networkID:ES_PISCIIIBB,,,"SAMPLE,DISEASE_SPECIFIC,HOSPITAL,LONGITUDINAL","BIOLOGICAL_SAMPLES,MEDICAL_RECORDS",4,27205.0,,2023-05-16 00:00:00.000,,accredited,277.0,2.0,"FEMALE,MALE",,29.0,89.0,YEAR,,"DNA,PERIPHERAL_BLOOD_CELLS,PLASMA,SERUM,TISSUE_PARAFFIN_EMBEDDED,OTHER,BUFFY_COAT",temperature-60to-85,,,,True,True,,,True,,,,,,directory_catalog,https://ejp-rd-vp.github.io/resource-metadata-schema/license/v1.0.txt,BBMRI-ERIC,English,,,,2026-07-23 05:02:07.734909,2026-07-23 05:02:07.734909,
2029,bbmri-eric:ID:ES_INCLIVA:collection:INC_02_P_COVID,Post COVID-19,,Study of changes in lung function (lung fibrotic changes) in patients with SARS-CoV-2 pneumonia after hospital discharge.,https://www.incliva.es/en/services/platforms/biobank/,Valencia,ES,,,bbmri-eric:contactID:ES_Alfaro-Cervello,bbmri-eric:contactID:ES_Alfaro-Cervello,ES,False,,,bbmri-eric:ID:ES_INCLIVA,INCLIVA Biobank,bbmri-eric:networkID:ES_PISCIIIBB,,,"SAMPLE,LONGITUDINAL","BIOLOGICAL_SAMPLES,MEDICAL_RECORDS",3,1012.0,"infectious,covid19",2023-05-16 00:00:00.000,,accredited,76.0,1.0,"FEMALE,MALE","urn:miriam:icd:U07.1,urn:miriam:icd:J84.1",18.0,78.0,YEAR,,"DNA,SERUM,PLASMA",temperature-60to-85,,,,True,True,,,True,,,,,,directory_catalog,https://ejp-rd-vp.github.io/resource-metadata-schema/license/v1.0.txt,BBMRI-ERIC,English,"Emergency use of U07 - COVID-19,virus identified,Other interstitial pulmonary diseases with fibrosis",,,2026-07-23 05:02:07.734909,2026-07-23 05:02:07.734909,
2032,bbmri-eric:ID:ES_INCLIVA:collection:INC_28_PE,Pulmonary Emphysema,,Sample collection from patients with Pulmonary Emphysema,https://www.incliva.es/en/services/platforms/biobank/,Valencia,ES,,,bbmri-eric:contactID:ES_Alfaro-Cervello,bbmri-eric:contactID:ES_Alfaro-Cervello,ES,False,,,bbmri-eric:ID:ES_INCLIVA,INCLIVA Biobank,bbmri-eric:networkID:ES_PISCIIIBB,,,"SAMPLE,DISEASE_SPECIFIC,HOSPITAL","BIOLOGICAL_SAMPLES,MEDICAL_RECORDS",2,960.0,,2023-05-16 00:00:00.000,,accredited,134.0,2.0,"FEMALE,MALE",urn:miriam:icd:J44.9,27.0,67.0,YEAR,,"PERIPHERAL_BLOOD_CELLS,PLASMA",temperature-60to-85,,,,True,True,,,True,,,,,,directory_catalog,https://ejp-rd-vp.github.io/resource-metadata-schema/license/v1.0.txt,BBMRI-ERIC,English,"Chronic obstructive pulmonary disease,unspecified",,,2026-07-23 05:02:07.734909,2026-07-23 05:02:07.734909,
2034,bbmri-eric:ID:ES_INCLIVA:collection:INC_20_RC,Rectal Cancer,,Sample collection from patients with rectal cancer,https://www.incliva.es/en/services/platforms/biobank/,Valencia,ES,,,bbmri-eric:contactID:ES_Alfaro-Cervello,bbmri-eric:contactID:ES_Alfaro-Cervello,ES,False,,,bbmri-eric:ID:ES_INCLIVA,INCLIVA Biobank,bbmri-eric:networkID:ES_PISCIIIBB,,,"SAMPLE,DISEASE_SPECIFIC,HOSPITAL,LONGITUDINAL","BIOLOGICAL_SAMPLES,MEDICAL_RECORDS",4,24581.0,,2023-05-16 00:00:00.000,,accredited,199.0,2.0,"FEMALE,MALE",,33.0,93.0,YEAR,,"DNA,PERIPHERAL_BLOOD_CELLS,PLASMA,RNA,SERUM,OTHER,TISSUE_PARAFFIN_EMBEDDED,BUFFY_COAT",temperature-60to-85,,,,True,True,,,True,,,,,,directory_catalog,https://ejp-rd-vp.github.io/resource-metadata-schema/license/v1.0.txt,BBMRI-ERIC,English,,,,2026-07-23 05:02:07.734909,2026-07-23 05:02:07.734909,
2035,bbmri-eric:ID:ES_INCLIVA:collection:INC_27_SS_SS,Severe Sepsis and Septic Shock,,Sample collection from patients with Severe Sepsis and Septic Shock and other ICU non septic patients (controls),https://www.incliva.es/en/services/platforms/biobank/,Valencia,ES,,,bbmri-eric:contactID:ES_Alfaro-Cervello,bbmri-eric:contactID:ES_Alfaro-Cervello,ES,False,,,bbmri-eric:ID:ES_INCLIVA,INCLIVA Biobank,bbmri-eric:networkID:ES_PISCIIIBB,,,"SAMPLE,DISEASE_SPECIFIC,HOSPITAL,CASE_CONTROL","BIOLOGICAL_SAMPLES,MEDICAL_RECORDS",3,7567.0,"paediatrics,population",2023-05-16 00:00:00.000,,accredited,262.0,2.0,"FEMALE,MALE",,16.0,94.0,YEAR,,"DNA,PERIPHERAL_BLOOD_CELLS,PLASMA,SERUM,BUFFY_COAT,OTHER",temperature-60to-85,,,,True,True,,,True,,,,,,directory_catalog,https://ejp-rd-vp.github.io/resource-metadata-schema/license/v1.0.txt,BBMRI-ERIC,English,,,,2026-07-23 05:02:07.734909,2026-07-23 05:02:07.734909,
2036,bbmri-eric:ID:ES_INCLIVA:collection:INC_04_SP,Standard population,,Sample collection from standard population volunteers,https://www.incliva.es/en/services/platforms/biobank/,Valencia,ES,,,bbmri-eric:contactID:ES_Alfaro-Cervello,bbmri-eric:contactID:ES_Alfaro-Cervello,ES,False,,,bbmri-eric:ID:ES_INCLIVA,INCLIVA Biobank,bbmri-eric:networkID:ES_PISCIIIBB,,,"SAMPLE,POPULATION_BASED","BIOLOGICAL_SAMPLES,SURVEY_DATA",3,2913.0,population,2023-05-16 00:00:00.000,,accredited,195.0,2.0,"FEMALE,MALE",,18.0,84.0,YEAR,,"DNA,PERIPHERAL_BLOOD_CELLS,PLASMA,RNA,SERUM,URINE",temperature-60to-85,,,,True,True,,,True,,,,,,directory_catalog,https://ejp-rd-vp.github.io/resource-metadata-schema/license/v1.0.txt,BBMRI-ERIC,English,,,,2026-07-23 05:02:07.734909,2026-07-23 05:02:07.734909,
2046,bbmri-eric:ID:ES_HMRIB:collection:C_0001323,Cryopreserved Tumor Bank,,Collections of samples of biological material surplus to diagnosis obtained as part of the healthcare process in patients with tumor pathology,https://marbiobanc.imim.es/es_index,Barcelona,ES,,,bbmri-eric:contactID:ES_Iglesias_Coma,bbmri-eric:contactID:ES_Iglesias_Coma,ES,False,,,bbmri-eric:ID:ES_HMRIB,Hospital Del Mar Research Institute Barcelona,bbmri-eric:networkID:ES_PISCIIIBB,,,HOSPITAL,MEDICAL_RECORDS,4,,paediatrics,,,accredited,,,,,0.0,99.0,YEAR,,PERIPHERAL_BLOOD_CELLS,temperatureLN,,,,,,,,True,,,,,,directory_catalog,https://ejp-rd-vp.github.io/resource-metadata-schema/license/v1.0.txt,BBMRI-ERIC,English,,,,2026-07-23 05:02:08.227210,2026-07-23 05:02:08.227210,
2047,bbmri-eric:ID:ES_HMRIB:collection:C_0001327,Cardiovascular Disease DNA Bank,BasicMar,"Collection of samples of the most prevalent cardiovascular diseases in the Spanish population: myocardial infarction, hypertension, atrial fibrillation, stroke and heart failure, as well as associated data",https://marbiobanc.imim.es/es_index,Barcelona,ES,,,bbmri-eric:contactID:ES_Iglesias_Coma,bbmri-eric:contactID:ES_Iglesias_Coma,ES,False,,,bbmri-eric:ID:ES_HMRIB,Hospital Del Mar Research Institute Barcelona,bbmri-eric:networkID:ES_PISCIIIBB,,,SAMPLE,BIOLOGICAL_SAMPLES,2,,,,,accredited,,,,,,,,,DNA,temperature-60to-85,,,,,,,,True,,,,,,directory_catalog,https://ejp-rd-vp.github.io/resource-metadata-schema/license/v1.0.txt,BBMRI-ERIC,English,,,,2026-07-23 05:02:08.227210,2026-07-23 05:02:08.227210,
2049,bbmri-eric:ID:ES_HMRIB:collection:C_0001328,Sample Bank of Patients with Influenza A (H1N1),,"Collection of peripheral blood samples from all cases (with additional samples of serum, plasma, saliva, sputum, bronchoalveolar lavage, transbronchial biopsy, and lung tissue in some cases) from patients admitted to Hospital del Mar with a confirmed diagnosis of Influenza A (H1N1).",https://marbiobanc.imim.es/es_index,Barcelona,ES,,,bbmri-eric:contactID:ES_Iglesias_Coma,bbmri-eric:contactID:ES_Iglesias_Coma,ES,False,,,bbmri-eric:ID:ES_HMRIB,Hospital Del Mar Research Institute Barcelona,bbmri-eric:networkID:ES_PISCIIIBB,,,SAMPLE,BIOLOGICAL_SAMPLES,2,,,,,accredited,,,,,18.0,99.0,YEAR,,WHOLE_BLOOD,temperature-60to-85,,,,,,,,True,,,,,,directory_catalog,https://ejp-rd-vp.github.io/resource-metadata-schema/license/v1.0.txt,BBMRI-ERIC,English,,,,2026-07-23 05:02:08.227210,2026-07-23 05:02:08.227210,
2050,bbmri-eric:ID:ES_HMRIB:collection:C_0001329,Pulmonary Disease Sample Bank (Pulmonary Biobank Platform),,"This is a collection of lung tissue samples and relevant clinical information obtained from patients undergoing pulmonary resection surgery for clinical reasons. The collection includes lung tissue samples but may also include other associated biological samples (blood, plasma, sputum, bronchoalveolar lavage).",https://marbiobanc.imim.es/es_index,Barcelona,ES,,,bbmri-eric:contactID:ES_Iglesias_Coma,bbmri-eric:contactID:ES_Iglesias_Coma,ES,False,,,bbmri-eric:ID:ES_HMRIB,Hospital Del Mar Research Institute Barcelona,bbmri-eric:networkID:ES_PISCIIIBB,,,SAMPLE,BIOLOGICAL_SAMPLES,2,,,,,accredited,,,,,,,,,TISSUE_PARAFFIN_EMBEDDED,temperatureRoom,,,,,,,,True,,,,,,directory_catalog,https://ejp-rd-vp.github.io/resource-metadata-schema/license/v1.0.txt,BBMRI-ERIC,English,,,,2026-07-23 05:02:08.227210,2026-07-23 05:02:08.227210,
2051,bbmri-eric:ID:ES_HMRIB:collection:C_0001326,Hematologic Neoplasms Bank,,"Collection of biological material from patients diagnosed with hematologic neoplasms (Myelodysplastic Syndromes, Myeloproliferative Neoplasms, Acute Myeloid Leukemia, Acute Lymphoblastic Leukemia, Multiple Myeloma, Chronic Lymphocytic Leukemia, Non-Hodgkin Lymphoma, etc.), along with the corresponding associated data.",https://marbiobanc.imim.es/es_index,Barcelona,ES,,,bbmri-eric:contactID:ES_Iglesias_Coma,bbmri-eric:contactID:ES_Iglesias_Coma,ES,False,,,bbmri-eric:ID:ES_HMRIB,Hospital Del Mar Research Institute Barcelona,bbmri-eric:networkID:ES_PISCIIIBB,,,HOSPITAL,MEDICAL_RECORDS,4,,paediatrics,,,accredited,,,,,0.0,99.0,YEAR,,WHOLE_BLOOD,temperature-60to-85,,,,,,,,True,,,,,,directory_catalog,https://ejp-rd-vp.github.io/resource-metadata-schema/license/v1.0.txt,BBMRI-ERIC,English,,,,2026-07-23 05:02:08.227210,2026-07-23 05:02:08.227210,
2052,bbmri-eric:ID:ES_HMRIB:collection:CP_0000001,Collection of Samples from Rheumatic and Musculoskeletal Diseases,ERyME,A collection consisting of surplus biological samples from procedures performed for the diagnosis and/or treatment of patients with rheumatic or musculoskeletal diseases.,https://marbiobanc.imim.es/es_index,Barcelona,ES,,,bbmri-eric:contactID:ES_Iglesias_Coma,bbmri-eric:contactID:ES_Iglesias_Coma,ES,False,,,bbmri-eric:ID:ES_HMRIB,Hospital Del Mar Research Institute Barcelona,bbmri-eric:networkID:ES_PISCIIIBB,,,HOSPITAL,MEDICAL_RECORDS,3,,paediatrics,,,accredited,,,,,0.0,99.0,YEAR,,PERIPHERAL_BLOOD_CELLS,temperature-60to-85,,,,,,,,True,,,,,,directory_catalog,https://ejp-rd-vp.github.io/resource-metadata-schema/license/v1.0.txt,BBMRI-ERIC,English,,,,2026-07-23 05:02:08.227210,2026-07-23 05:02:08.227210,
2053,bbmri-eric:ID:ES_HMRIB:collection:C_0008401,Artralgia,,Clinical and Genetic Determinants of Musculoskeletal Events in Postmenopausal Women Treated with Aromatase Inhibitors for Breast Cancer. B-ABLE Prospective Cohort,https://marbiobanc.imim.es/es_index,Barcelona,ES,,,bbmri-eric:contactID:ES_Iglesias_Coma,bbmri-eric:contactID:ES_Iglesias_Coma,ES,False,,,bbmri-eric:ID:ES_HMRIB,Hospital Del Mar Research Institute Barcelona,bbmri-eric:networkID:ES_PISCIIIBB,,,COHORT,PHYSIOLOGICAL_BIOCHEMICAL_MEASUREMENTS,4,,,,,accredited,,,,,,,,,WHOLE_BLOOD,temperature-60to-85,,,,,,,,True,,,,,,directory_catalog,https://ejp-rd-vp.github.io/resource-metadata-schema/license/v1.0.txt,BBMRI-ERIC,English,,,,2026-07-23 05:02:08.227210,2026-07-23 05:02:08.227210,
2055,bbmri-eric:ID:ES_HMRIB:collection:CP_0000002,Acute Myocardial Infarction Sample Collection,FORTIAM,Collection consisting of biological samples from patients diagnosed with Acute Myocardial Infarction.,https://marbiobanc.imim.es/es_index,Barcelona,ES,,,bbmri-eric:contactID:ES_Iglesias_Coma,bbmri-eric:contactID:ES_Iglesias_Coma,ES,False,,,bbmri-eric:ID:ES_HMRIB,Hospital Del Mar Research Institute Barcelona,bbmri-eric:networkID:ES_PISCIIIBB,,,SAMPLE,BIOLOGICAL_SAMPLES,2,,,,,accredited,,,,,25.0,74.0,YEAR,,SERUM,temperature-60to-85,,,,,,,,True,,,,,,directory_catalog,https://ejp-rd-vp.github.io/resource-metadata-schema/license/v1.0.txt,BBMRI-ERIC,English,,,,2026-07-23 05:02:08.227210,2026-07-23 05:02:08.227210,
2079,bbmri-eric:ID:ES_MDAN:collection:BPHC,Healthy control blood collection,,"Samples of whole blood, plasma and serum obtained from voluntary healthy donors with no history of malignant neoplastic disease, collected as part of the care activities at the Hospital.",https://fundacionmdanderson.es/biobanco,Madrid,ES,,,bbmri-eric:contactID:ES_Garcia_Garcia,bbmri-eric:contactID:ES_Garcia_Garcia,ES,False,,,bbmri-eric:ID:ES_MDAN,MD Anderson Foundation Biobank - Hospiten,bbmri-eric:networkID:ES_PISCIIIBB,,,HOSPITAL,BIOLOGICAL_SAMPLES,2,,,,,accredited,,,,,18.0,99.0,,,PLASMA,temperature-60to-85,,,,,,,,True,,,,,,directory_catalog,https://ejp-rd-vp.github.io/resource-metadata-schema/license/v1.0.txt,BBMRI-ERIC,English,,,,2026-07-23 05:02:08.227210,2026-07-23 05:02:08.227210,
2081,bbmri-eric:ID:ES_BHCSC:collection:30,Neurology,,Affected liquid samples (serum and LCR) from 55 patients since 2022,https://www.idissc.org/espacio-de-apoyo/biobanco/,Madrid,ES,,,bbmri-eric:contactID:ES_Ortega_Medina,bbmri-eric:contactID:ES_Ortega_Medina,ES,False,,,bbmri-eric:ID:ES_BHCSC,Hospital Clínico San Carlos Biobank,bbmri-eric:networkID:ES_PISCIIIBB,,,SAMPLE,BIOLOGICAL_SAMPLES,2,216.0,,,,accredited,55.0,,UNDIFFERENTIAL,,,,,,"SERUM,OTHER",temperature-60to-85,,,,,,,,True,,,,,,directory_catalog,https://ejp-rd-vp.github.io/resource-metadata-schema/license/v1.0.txt,BBMRI-ERIC,English,,,,2026-07-23 05:02:06.175575,2026-07-23 05:02:06.175575,
2085,bbmri-eric:ID:ES_VHIR:collection:ImmunologyBank_37,Immunology Bank,,The collection is made up of blood samples and blood derivatives from patients with immunodeficiencies who were treated at the Vall d'Hebron University Hospital.,https://vhir.vallhebron.com/en/research-support/biobank,Barcelona,ES,,,bbmri-eric:contactID:ES_Novoa_Garcia,bbmri-eric:contactID:ES_Novoa_Garcia,ES,False,,,bbmri-eric:ID:ES_VHIR,Vall d'Hebron Research Institute,bbmri-eric:networkID:ES_PISCIIIBB,,,RD,"BIOLOGICAL_SAMPLES,MEDICAL_RECORDS",1,27.0,"autoimmune,rare_disease",,,accredited,27.0,1.0,"FEMALE,MALE",urn:miriam:icd:D71,33.0,34.0,YEAR,,"DNA,PLASMA,PERIPHERAL_BLOOD_CELLS,SERUM","temperature-60to-85,temperatureLN",,,,,,,,True,,,,,,directory_catalog,https://ejp-rd-vp.github.io/resource-metadata-schema/license/v1.0.txt,BBMRI-ERIC,English,Functional disorders of polymorphonuclear neutrophils,,,2026-07-23 05:02:08.227210,2026-07-23 05:02:08.227210,
2091,bbmri-eric:ID:ES_VHIR:collection:ImmunologyBank_38,Immunology Bank,,The collection is made up of blood samples and blood derivatives from patients with immunodeficiencies who were treated at the Vall d'Hebron University Hospital.,https://vhir.vallhebron.com/en/research-support/biobank,Barcelona,ES,,,bbmri-eric:contactID:ES_Novoa_Garcia,bbmri-eric:contactID:ES_Novoa_Garcia,ES,False,,,bbmri-eric:ID:ES_VHIR,Vall d'Hebron Research Institute,bbmri-eric:networkID:ES_PISCIIIBB,,,RD,"BIOLOGICAL_SAMPLES,MEDICAL_RECORDS",0,3.0,"autoimmune,paediatrics,rare_disease",,,accredited,3.0,0.0,"FEMALE,MALE",urn:miriam:icd:D76.1,3.0,14.0,YEAR,,"DNA,PLASMA,PERIPHERAL_BLOOD_CELLS,SERUM","temperature-60to-85,temperatureLN",,,,,,,,True,,,,,,directory_catalog,https://ejp-rd-vp.github.io/resource-metadata-schema/license/v1.0.txt,BBMRI-ERIC,English,Other specified diseases with participation of lymphoreticular and reticulohistiocytic tissue - Haemophagocytic lymphohistiocytosis,,,2026-07-23 05:02:08.227210,2026-07-23 05:02:08.227210,
2092,bbmri-eric:ID:ES_VHIR:collection:ImmunologyBank_39,Immunology Bank,,The collection is made up of blood samples and blood derivatives from patients with immunodeficiencies who were treated at the Vall d'Hebron University Hospital.,https://vhir.vallhebron.com/en/research-support/biobank,Barcelona,ES,,,bbmri-eric:contactID:ES_Novoa_Garcia,bbmri-eric:contactID:ES_Novoa_Garcia,ES,False,,,bbmri-eric:ID:ES_VHIR,Vall d'Hebron Research Institute,bbmri-eric:networkID:ES_PISCIIIBB,,,RD,"BIOLOGICAL_SAMPLES,MEDICAL_RECORDS",0,2.0,"autoimmune,rare_disease",,,accredited,2.0,0.0,"FEMALE,MALE",urn:miriam:icd:D80,22.0,24.0,YEAR,,"DNA,PLASMA,PERIPHERAL_BLOOD_CELLS,SERUM","temperature-60to-85,temperatureLN",,,,,,,,True,,,,,,directory_catalog,https://ejp-rd-vp.github.io/resource-metadata-schema/license/v1.0.txt,BBMRI-ERIC,English,Immunodeficiency with predominantly antibody defects,,,2026-07-23 05:02:08.227210,2026-07-23 05:02:08.227210,
2094,bbmri-eric:ID:ES_VHIR:collection:ImmunologyBank_40,Immunology Bank,,The collection is made up of blood samples and blood derivatives from patients with immunodeficiencies who were treated at the Vall d'Hebron University Hospital.,https://vhir.vallhebron.com/en/research-support/biobank,Barcelona,ES,,,bbmri-eric:contactID:ES_Novoa_Garcia,bbmri-eric:contactID:ES_Novoa_Garcia,ES,False,,,bbmri-eric:ID:ES_VHIR,Vall d'Hebron Research Institute,bbmri-eric:networkID:ES_PISCIIIBB,,,RD,"BIOLOGICAL_SAMPLES,MEDICAL_RECORDS",1,11.0,"autoimmune,paediatrics,rare_disease",,,accredited,11.0,1.0,"FEMALE,MALE",urn:miriam:icd:D80.0,7.0,26.0,YEAR,,"DNA,PLASMA,PERIPHERAL_BLOOD_CELLS,SERUM","temperature-60to-85,temperatureLN",,,,,,,,True,,,,,,directory_catalog,https://ejp-rd-vp.github.io/resource-metadata-schema/license/v1.0.txt,BBMRI-ERIC,English,Immunodeficiency with predominantly antibody defects - Hereditary hypogammaglobulinaemia,,,2026-07-23 05:02:08.227210,2026-07-23 05:02:08.227210,
2096,bbmri-eric:ID:ES_VHIR:collection:ImmunologyBank_41,Immunology Bank,,The collection is made up of blood samples and blood derivatives from patients with immunodeficiencies who were treated at the Vall d'Hebron University Hospital.,https://vhir.vallhebron.com/en/research-support/biobank,Barcelona,ES,,,bbmri-eric:contactID:ES_Novoa_Garcia,bbmri-eric:contactID:ES_Novoa_Garcia,ES,False,,,bbmri-eric:ID:ES_VHIR,Vall d'Hebron Research Institute,bbmri-eric:networkID:ES_PISCIIIBB,,,RD,"BIOLOGICAL_SAMPLES,MEDICAL_RECORDS",0,7.0,"autoimmune,paediatrics,rare_disease",,,accredited,7.0,0.0,"FEMALE,MALE",urn:miriam:icd:D80.1,9.0,53.0,YEAR,,"DNA,PLASMA,PERIPHERAL_BLOOD_CELLS,SERUM","temperature-60to-85,temperatureLN",,,,,,,,True,,,,,,directory_catalog,https://ejp-rd-vp.github.io/resource-metadata-schema/license/v1.0.txt,BBMRI-ERIC,English,Immunodeficiency with predominantly antibody defects - Nonfamilial hypogammaglobulinaemia,,,2026-07-23 05:02:08.227210,2026-07-23 05:02:08.227210,
2101,bbmri-eric:ID:ES_VHIR:collection:ImmunologyBank_42,Immunology Bank,,The collection is made up of blood samples and blood derivatives from patients with immunodeficiencies who were treated at the Vall d'Hebron University Hospital.,https://vhir.vallhebron.com/en/research-support/biobank,Barcelona,ES,,,bbmri-eric:contactID:ES_Novoa_Garcia,bbmri-eric:contactID:ES_Novoa_Garcia,ES,False,,,bbmri-eric:ID:ES_VHIR,Vall d'Hebron Research Institute,bbmri-eric:networkID:ES_PISCIIIBB,,,RD,"BIOLOGICAL_SAMPLES,MEDICAL_RECORDS",2,126.0,"autoimmune,paediatrics,rare_disease",,,accredited,126.0,2.0,"FEMALE,MALE",urn:miriam:icd:D80.2,9.0,70.0,YEAR,,"DNA,PLASMA,PERIPHERAL_BLOOD_CELLS,SERUM","temperature-60to-85,temperatureLN",,,,,,,,True,,,,,,directory_catalog,https://ejp-rd-vp.github.io/resource-metadata-schema/license/v1.0.txt,BBMRI-ERIC,English,Immunodeficiency with predominantly antibody defects - Selective deficiency of immunoglobulin A [IgA],,,2026-07-23 05:02:08.227210,2026-07-23 05:02:08.227210,
2102,bbmri-eric:ID:ES_VHIR:collection:ImmunologyBank_43,Immunology Bank,,The collection is made up of blood samples and blood derivatives from patients with immunodeficiencies who were treated at the Vall d'Hebron University Hospital.,https://vhir.vallhebron.com/en/research-support/biobank,Barcelona,ES,,,bbmri-eric:contactID:ES_Novoa_Garcia,bbmri-eric:contactID:ES_Novoa_Garcia,ES,False,,,bbmri-eric:ID:ES_VHIR,Vall d'Hebron Research Institute,bbmri-eric:networkID:ES_PISCIIIBB,,,RD,"BIOLOGICAL_SAMPLES,MEDICAL_RECORDS",0,1.0,"autoimmune,paediatrics,rare_disease",,,accredited,1.0,0.0,MALE,urn:miriam:icd:D80.3,16.0,16.0,YEAR,,"DNA,PLASMA,PERIPHERAL_BLOOD_CELLS,SERUM","temperature-60to-85,temperatureLN",,,,,,,,True,,,,,,directory_catalog,https://ejp-rd-vp.github.io/resource-metadata-schema/license/v1.0.txt,BBMRI-ERIC,English,Immunodeficiency with predominantly antibody defects - Selective deficiency of immunoglobulin G [IgG] subclasses,,,2026-07-23 05:02:08.227210,2026-07-23 05:02:08.227210,
2105,bbmri-eric:ID:ES_VHIR:collection:ImmunologyBank_44,Immunology Bank,,The collection is made up of blood samples and blood derivatives from patients with immunodeficiencies who were treated at the Vall d'Hebron University Hospital.,https://vhir.vallhebron.com/en/research-support/biobank,Barcelona,ES,,,bbmri-eric:contactID:ES_Novoa_Garcia,bbmri-eric:contactID:ES_Novoa_Garcia,ES,False,,,bbmri-eric:ID:ES_VHIR,Vall d'Hebron Research Institute,bbmri-eric:networkID:ES_PISCIIIBB,,,RD,"BIOLOGICAL_SAMPLES,MEDICAL_RECORDS",0,3.0,"autoimmune,paediatrics,rare_disease",,,accredited,3.0,0.0,"FEMALE,MALE",urn:miriam:icd:D80.5,10.0,31.0,YEAR,,"DNA,PLASMA,PERIPHERAL_BLOOD_CELLS,SERUM","temperature-60to-85,temperatureLN",,,,,,,,True,,,,,,directory_catalog,https://ejp-rd-vp.github.io/resource-metadata-schema/license/v1.0.txt,BBMRI-ERIC,English,Immunodeficiency with increased immunoglobulin M [IgM],,,2026-07-23 05:02:08.227210,2026-07-23 05:02:08.227210,
2109,bbmri-eric:ID:ES_VHIR:collection:ImmunologyBank_48,Immunology Bank,,The collection is made up of blood samples and blood derivatives from patients with immunodeficiencies who were treated at the Vall d'Hebron University Hospital.,https://vhir.vallhebron.com/en/research-support/biobank,Barcelona,ES,,,bbmri-eric:contactID:ES_Novoa_Garcia,bbmri-eric:contactID:ES_Novoa_Garcia,ES,False,,,bbmri-eric:ID:ES_VHIR,Vall d'Hebron Research Institute,bbmri-eric:networkID:ES_PISCIIIBB,,,RD,"BIOLOGICAL_SAMPLES,MEDICAL_RECORDS",0,4.0,"autoimmune,paediatrics,rare_disease",,,accredited,4.0,0.0,"FEMALE,MALE",urn:miriam:icd:D81.2,1.0,20.0,YEAR,,"DNA,PLASMA,PERIPHERAL_BLOOD_CELLS,SERUM","temperature-60to-85,temperatureLN",,,,,,,,True,,,,,,directory_catalog,https://ejp-rd-vp.github.io/resource-metadata-schema/license/v1.0.txt,BBMRI-ERIC,English,Severe combined immunodeficiency [SCID] with low or normal B-cell numbers,,,2026-07-23 05:02:08.227210,2026-07-23 05:02:08.227210,
2110,bbmri-eric:ID:ES_VHIR:collection:ImmunologyBank_49,Immunology Bank,,The collection is made up of blood samples and blood derivatives from patients with immunodeficiencies who were treated at the Vall d'Hebron University Hospital.,https://vhir.vallhebron.com/en/research-support/biobank,Barcelona,ES,,,bbmri-eric:contactID:ES_Novoa_Garcia,bbmri-eric:contactID:ES_Novoa_Garcia,ES,False,,,bbmri-eric:ID:ES_VHIR,Vall d'Hebron Research Institute,bbmri-eric:networkID:ES_PISCIIIBB,,,RD,"BIOLOGICAL_SAMPLES,MEDICAL_RECORDS",0,1.0,"autoimmune,rare_disease",,,accredited,1.0,0.0,MALE,urn:miriam:icd:D81.3,23.0,23.0,YEAR,,"DNA,PLASMA,PERIPHERAL_BLOOD_CELLS,SERUM","temperature-60to-85,temperatureLN",,,,,,,,True,,,,,,directory_catalog,https://ejp-rd-vp.github.io/resource-metadata-schema/license/v1.0.txt,BBMRI-ERIC,English,Combined immunodeficiencies - Adenosine deaminase [ADA] deficiency,,,2026-07-23 05:02:08.227210,2026-07-23 05:02:08.227210,
2111,bbmri-eric:ID:ES_VHIR:collection:ImmunologyBank_50,Immunology Bank,,The collection is made up of blood samples and blood derivatives from patients with immunodeficiencies who were treated at the Vall d'Hebron University Hospital.,https://vhir.vallhebron.com/en/research-support/biobank,Barcelona,ES,,,bbmri-eric:contactID:ES_Novoa_Garcia,bbmri-eric:contactID:ES_Novoa_Garcia,ES,False,,,bbmri-eric:ID:ES_VHIR,Vall d'Hebron Research Institute,bbmri-eric:networkID:ES_PISCIIIBB,,,RD,"BIOLOGICAL_SAMPLES,MEDICAL_RECORDS",1,17.0,"autoimmune,paediatrics,rare_disease",,,accredited,17.0,1.0,"FEMALE,MALE",urn:miriam:icd:D81.9,3.0,25.0,YEAR,,"DNA,PLASMA,PERIPHERAL_BLOOD_CELLS,SERUM","temperature-60to-85,temperatureLN",,,,,,,,True,,,,,,directory_catalog,https://ejp-rd-vp.github.io/resource-metadata-schema/license/v1.0.txt,BBMRI-ERIC,English,"Combined immunodeficiency,unspecified",,,2026-07-23 05:02:08.227210,2026-07-23 05:02:08.227210,
2112,bbmri-eric:ID:ES_VHIR:collection:ImmunologyBank_51,Immunology Bank,,The collection is made up of blood samples and blood derivatives from patients with immunodeficiencies who were treated at the Vall d'Hebron University Hospital.,https://vhir.vallhebron.com/en/research-support/biobank,Barcelona,ES,,,bbmri-eric:contactID:ES_Novoa_Garcia,bbmri-eric:contactID:ES_Novoa_Garcia,ES,False,,,bbmri-eric:ID:ES_VHIR,Vall d'Hebron Research Institute,bbmri-eric:networkID:ES_PISCIIIBB,,,RD,"BIOLOGICAL_SAMPLES,MEDICAL_RECORDS",0,3.0,"autoimmune,paediatrics,rare_disease",,,accredited,3.0,0.0,"FEMALE,MALE",urn:miriam:icd:D82,11.0,24.0,YEAR,,"DNA,PLASMA,PERIPHERAL_BLOOD_CELLS,SERUM","temperature-60to-85,temperatureLN",,,,,,,,True,,,,,,directory_catalog,https://ejp-rd-vp.github.io/resource-metadata-schema/license/v1.0.txt,BBMRI-ERIC,English,Immunodeficiency associated with other major defects,,,2026-07-23 05:02:08.227210,2026-07-23 05:02:08.227210,
2113,bbmri-eric:ID:ES_VHIR:collection:ImmunologyBank_52,Immunology Bank,,The collection is made up of blood samples and blood derivatives from patients with immunodeficiencies who were treated at the Vall d'Hebron University Hospital.,https://vhir.vallhebron.com/en/research-support/biobank,Barcelona,ES,,,bbmri-eric:contactID:ES_Novoa_Garcia,bbmri-eric:contactID:ES_Novoa_Garcia,ES,False,,,bbmri-eric:ID:ES_VHIR,Vall d'Hebron Research Institute,bbmri-eric:networkID:ES_PISCIIIBB,,,RD,"BIOLOGICAL_SAMPLES,MEDICAL_RECORDS",0,1.0,"autoimmune,paediatrics,rare_disease",,,accredited,1.0,0.0,MALE,urn:miriam:icd:D82.0,7.0,7.0,YEAR,,"DNA,PLASMA,PERIPHERAL_BLOOD_CELLS,SERUM","temperature-60to-85,temperatureLN",,,,,,,,True,,,,,,directory_catalog,https://ejp-rd-vp.github.io/resource-metadata-schema/license/v1.0.txt,BBMRI-ERIC,English,Immunodeficiency associated with other major defects - Wiskott-Aldrich syndrome,,,2026-07-23 05:02:08.227210,2026-07-23 05:02:08.227210,
2115,bbmri-eric:ID:ES_VHIR:collection:ImmunologyBank_53,Immunology Bank,,The collection is made up of blood samples and blood derivatives from patients with immunodeficiencies who were treated at the Vall d'Hebron University Hospital.,https://vhir.vallhebron.com/en/research-support/biobank,Barcelona,ES,,,bbmri-eric:contactID:ES_Novoa_Garcia,bbmri-eric:contactID:ES_Novoa_Garcia,ES,False,,,bbmri-eric:ID:ES_VHIR,Vall d'Hebron Research Institute,bbmri-eric:networkID:ES_PISCIIIBB,,,RD,"BIOLOGICAL_SAMPLES,MEDICAL_RECORDS",1,62.0,"autoimmune,paediatrics,rare_disease",,,accredited,62.0,1.0,"FEMALE,MALE",urn:miriam:icd:D82.1,3.0,27.0,YEAR,,"DNA,PLASMA,PERIPHERAL_BLOOD_CELLS,SERUM","temperature-60to-85,temperatureLN",,,,,,,,True,,,,,,directory_catalog,https://ejp-rd-vp.github.io/resource-metadata-schema/license/v1.0.txt,BBMRI-ERIC,English,Immunodeficiency associated with other major defects - Di George syndrome,,,2026-07-23 05:02:08.227210,2026-07-23 05:02:08.227210,
2116,bbmri-eric:ID:ES_VHIR:collection:ImmunologyBank_54,Immunology Bank,,The collection is made up of blood samples and blood derivatives from patients with immunodeficiencies who were treated at the Vall d'Hebron University Hospital.,https://vhir.vallhebron.com/en/research-support/biobank,Barcelona,ES,,,bbmri-eric:contactID:ES_Novoa_Garcia,bbmri-eric:contactID:ES_Novoa_Garcia,ES,False,,,bbmri-eric:ID:ES_VHIR,Vall d'Hebron Research Institute,bbmri-eric:networkID:ES_PISCIIIBB,,,RD,"BIOLOGICAL_SAMPLES,MEDICAL_RECORDS",0,1.0,"autoimmune,paediatrics,rare_disease",,,accredited,1.0,0.0,FEMALE,urn:miriam:icd:D82.2,12.0,12.0,YEAR,,"DNA,PLASMA,PERIPHERAL_BLOOD_CELLS,SERUM","temperature-60to-85,temperatureLN",,,,,,,,True,,,,,,directory_catalog,https://ejp-rd-vp.github.io/resource-metadata-schema/license/v1.0.txt,BBMRI-ERIC,English,Immunodeficiency with short-limbed stature,,,2026-07-23 05:02:08.227210,2026-07-23 05:02:08.227210,
2121,bbmri-eric:ID:ES_VHIR:collection:ImmunologyBank_57,Immunology Bank,,The collection is made up of blood samples and blood derivatives from patients with immunodeficiencies who were treated at the Vall d'Hebron University Hospital.,https://vhir.vallhebron.com/en/research-support/biobank,Barcelona,ES,,,bbmri-eric:contactID:ES_Novoa_Garcia,bbmri-eric:contactID:ES_Novoa_Garcia,ES,False,,,bbmri-eric:ID:ES_VHIR,Vall d'Hebron Research Institute,bbmri-eric:networkID:ES_PISCIIIBB,,,RD,"BIOLOGICAL_SAMPLES,MEDICAL_RECORDS",0,4.0,"autoimmune,paediatrics,rare_disease",,,accredited,4.0,0.0,"FEMALE,MALE",urn:miriam:icd:D82.9,13.0,16.0,YEAR,,"DNA,PLASMA,PERIPHERAL_BLOOD_CELLS,SERUM","temperature-60to-85,temperatureLN",,,,,,,,True,,,,,,directory_catalog,https://ejp-rd-vp.github.io/resource-metadata-schema/license/v1.0.txt,BBMRI-ERIC,English,"Immunodeficiency associated with major defect,unspecified",,,2026-07-23 05:02:08.227210,2026-07-23 05:02:08.227210,
2128,bbmri-eric:ID:ES_VHIR:collection:ImmunologyBank_59,Immunology Bank,,The collection is made up of blood samples and blood derivatives from patients with immunodeficiencies who were treated at the Vall d'Hebron University Hospital.,https://vhir.vallhebron.com/en/research-support/biobank,Barcelona,ES,,,bbmri-eric:contactID:ES_Novoa_Garcia,bbmri-eric:contactID:ES_Novoa_Garcia,ES,False,,,bbmri-eric:ID:ES_VHIR,Vall d'Hebron Research Institute,bbmri-eric:networkID:ES_PISCIIIBB,,,RD,"BIOLOGICAL_SAMPLES,MEDICAL_RECORDS",1,31.0,"autoimmune,paediatrics,rare_disease",,,accredited,31.0,1.0,"FEMALE,MALE",urn:miriam:icd:D83.1,14.0,73.0,YEAR,,"DNA,PLASMA,PERIPHERAL_BLOOD_CELLS,SERUM","temperature-60to-85,temperatureLN",,,,,,,,True,,,,,,directory_catalog,https://ejp-rd-vp.github.io/resource-metadata-schema/license/v1.0.txt,BBMRI-ERIC,English,Common variable immunodeficiency with predominant immunoregulatory T-cell disorders,,,2026-07-23 05:02:08.227210,2026-07-23 05:02:08.227210,
2131,bbmri-eric:ID:ES_VHIR:collection:ImmunologyBank_60,Immunology Bank,,The collection is made up of blood samples and blood derivatives from patients with immunodeficiencies who were treated at the Vall d'Hebron University Hospital.,https://vhir.vallhebron.com/en/research-support/biobank,Barcelona,ES,,,bbmri-eric:contactID:ES_Novoa_Garcia,bbmri-eric:contactID:ES_Novoa_Garcia,ES,False,,,bbmri-eric:ID:ES_VHIR,Vall d'Hebron Research Institute,bbmri-eric:networkID:ES_PISCIIIBB,,,RD,"BIOLOGICAL_SAMPLES,MEDICAL_RECORDS",0,1.0,"autoimmune,rare_disease",,,accredited,1.0,0.0,FEMALE,urn:miriam:icd:D84,21.0,21.0,YEAR,,"DNA,PLASMA,PERIPHERAL_BLOOD_CELLS,SERUM","temperature-60to-85,temperatureLN",,,,,,,,True,,,,,,directory_catalog,https://ejp-rd-vp.github.io/resource-metadata-schema/license/v1.0.txt,BBMRI-ERIC,English,Other immunodeficiencies,,,2026-07-23 05:02:08.227210,2026-07-23 05:02:08.227210,
2132,bbmri-eric:ID:ES_VHIR:collection:ImmunologyBank_61,Immunology Bank,,The collection is made up of blood samples and blood derivatives from patients with immunodeficiencies who were treated at the Vall d'Hebron University Hospital.,https://vhir.vallhebron.com/en/research-support/biobank,Barcelona,ES,,,bbmri-eric:contactID:ES_Novoa_Garcia,bbmri-eric:contactID:ES_Novoa_Garcia,ES,False,,,bbmri-eric:ID:ES_VHIR,Vall d'Hebron Research Institute,bbmri-eric:networkID:ES_PISCIIIBB,,,RD,"BIOLOGICAL_SAMPLES,MEDICAL_RECORDS",1,18.0,"autoimmune,paediatrics,rare_disease",,,accredited,18.0,1.0,"FEMALE,MALE",urn:miriam:icd:D84.1,6.0,25.0,YEAR,,"DNA,PLASMA,PERIPHERAL_BLOOD_CELLS,SERUM","temperature-60to-85,temperatureLN",,,,,,,,True,,,,,,directory_catalog,https://ejp-rd-vp.github.io/resource-metadata-schema/license/v1.0.txt,BBMRI-ERIC,English,Other immunodeficiencies - Defects in the complement system,,,2026-07-23 05:02:08.227210,2026-07-23 05:02:08.227210,
2139,bbmri-eric:ID:ES_VHIR:collection:ImmunologyBank_64,Immunology Bank,,The collection is made up of blood samples and blood derivatives from patients with immunodeficiencies who were treated at the Vall d'Hebron University Hospital.,https://vhir.vallhebron.com/en/research-support/biobank,Barcelona,ES,,,bbmri-eric:contactID:ES_Novoa_Garcia,bbmri-eric:contactID:ES_Novoa_Garcia,ES,False,,,bbmri-eric:ID:ES_VHIR,Vall d'Hebron Research Institute,bbmri-eric:networkID:ES_PISCIIIBB,,,RD,"BIOLOGICAL_SAMPLES,MEDICAL_RECORDS",1,22.0,"autoimmune,paediatrics,rare_disease",,,accredited,22.0,1.0,"FEMALE,MALE",urn:miriam:icd:D89.9,2.0,25.0,YEAR,,"DNA,PLASMA,PERIPHERAL_BLOOD_CELLS,SERUM","temperature-60to-85,temperatureLN",,,,,,,,True,,,,,,directory_catalog,https://ejp-rd-vp.github.io/resource-metadata-schema/license/v1.0.txt,BBMRI-ERIC,English,"Disorder involving the immune mechanism,unspecified",,,2026-07-23 05:02:08.227210,2026-07-23 05:02:08.227210,
2140,bbmri-eric:ID:ES_VHIR:collection:ImmunologyBank_65,Immunology Bank,,The collection is made up of blood samples and blood derivatives from patients with immunodeficiencies who were treated at the Vall d'Hebron University Hospital.,https://vhir.vallhebron.com/en/research-support/biobank,Barcelona,ES,,,bbmri-eric:contactID:ES_Novoa_Garcia,bbmri-eric:contactID:ES_Novoa_Garcia,ES,False,,,bbmri-eric:ID:ES_VHIR,Vall d'Hebron Research Institute,bbmri-eric:networkID:ES_PISCIIIBB,,,RD,"BIOLOGICAL_SAMPLES,MEDICAL_RECORDS",0,3.0,"nervous_system,paediatrics,rare_disease",,,accredited,3.0,0.0,"FEMALE,MALE",urn:miriam:icd:G11.3,15.0,28.0,YEAR,,"DNA,PLASMA,PERIPHERAL_BLOOD_CELLS,SERUM","temperature-60to-85,temperatureLN",,,,,,,,True,,,,,,directory_catalog,https://ejp-rd-vp.github.io/resource-metadata-schema/license/v1.0.txt,BBMRI-ERIC,English,Cerebellar ataxia with defective DNA repair,,,2026-07-23 05:02:08.227210,2026-07-23 05:02:08.227210,
2142,bbmri-eric:ID:ES_VHIR:collection:ImmunologyBank_66,Immunology Bank,,The collection is made up of blood samples and blood derivatives from patients with immunodeficiencies who were treated at the Vall d'Hebron University Hospital.,https://vhir.vallhebron.com/en/research-support/biobank,Barcelona,ES,,,bbmri-eric:contactID:ES_Novoa_Garcia,bbmri-eric:contactID:ES_Novoa_Garcia,ES,False,,,bbmri-eric:ID:ES_VHIR,Vall d'Hebron Research Institute,bbmri-eric:networkID:ES_PISCIIIBB,,,RD,"BIOLOGICAL_SAMPLES,MEDICAL_RECORDS",0,4.0,"paediatrics,rare_disease",,,accredited,4.0,0.0,"FEMALE,MALE",urn:miriam:icd:Q87.0,11.0,24.0,YEAR,,"DNA,PLASMA,PERIPHERAL_BLOOD_CELLS,SERUM","temperature-60to-85,temperatureLN",,,,,,,,True,,,,,,directory_catalog,https://ejp-rd-vp.github.io/resource-metadata-schema/license/v1.0.txt,BBMRI-ERIC,English,Congenital malformation syndromes predominantly affecting facial appearance,,,2026-07-23 05:02:08.227210,2026-07-23 05:02:08.227210,
2147,bbmri-eric:ID:ES_VHIR:collection:FetalTissueBank_1,Fetal Tissue Bank,,"The collection consists of frozen fetal tissue samples obtained from different stages of embryonic and fetal development (gestational weeks 8-22). The samples come from fetuses from the Program of Legal Termination of Pregnancy of the Hospital Universitari Vall d’Hebron._x000D_
_x000D_
The donations are from control fetuses (normal morphological development)",https://vhir.vallhebron.com/en/research-support/biobank,Barcelona,ES,,,bbmri-eric:contactID:ES_Novoa_Garcia,bbmri-eric:contactID:ES_Novoa_Garcia,ES,False,,,bbmri-eric:ID:ES_VHIR,Vall d'Hebron Research Institute,bbmri-eric:networkID:ES_PISCIIIBB,,,RD,"BIOLOGICAL_SAMPLES,MEDICAL_RECORDS",2,330.0,rare_disease,,,accredited,330.0,2.0,"FEMALE,MALE,UNKNOWN",,,,,,TISSUE_FROZEN,temperature-60to-85,,,,,,,,True,,,,,,directory_catalog,https://ejp-rd-vp.github.io/resource-metadata-schema/license/v1.0.txt,BBMRI-ERIC,English,,,,2026-07-23 05:02:08.227210,2026-07-23 05:02:08.227210,
2157,bbmri-eric:ID:ES_VHIR:collection:FetalTissueBank_2,Fetal Tissue Bank,,"The collection consists of frozen fetal tissue samples obtained from different stages of embryonic and fetal development (gestational weeks 8-22). The samples come from fetuses from the Program of Legal Termination of Pregnancy of the Hospital Universitari Vall d’Hebron._x000D_
_x000D_
The donations are from fetuses with Down's syndrome (Trisomy 21)",https://vhir.vallhebron.com/en/research-support/biobank,Barcelona,ES,,,bbmri-eric:contactID:ES_Novoa_Garcia,bbmri-eric:contactID:ES_Novoa_Garcia,ES,False,,,bbmri-eric:ID:ES_VHIR,Vall d'Hebron Research Institute,bbmri-eric:networkID:ES_PISCIIIBB,,,RD,"BIOLOGICAL_SAMPLES,MEDICAL_RECORDS",2,191.0,rare_disease,,,accredited,191.0,2.0,"FEMALE,MALE,UNKNOWN",urn:miriam:icd:Q90,,,,,TISSUE_FROZEN,temperature-60to-85,,,,,,,,True,,,,,,directory_catalog,https://ejp-rd-vp.github.io/resource-metadata-schema/license/v1.0.txt,BBMRI-ERIC,English,Down syndrome,,,2026-07-23 05:02:08.227210,2026-07-23 05:02:08.227210,
2159,bbmri-eric:ID:ES_VHIR:collection:FetalTissueBank_3,Fetal Tissue Bank,,"The collection consists of frozen fetal tissue samples obtained from different stages of embryonic and fetal development (gestational weeks 8-22). The samples come from fetuses from the Program of Legal Termination of Pregnancy of the Hospital Universitari Vall d’Hebron._x000D_
_x000D_
The donations are from fetuses with cardiac malformation",https://vhir.vallhebron.com/en/research-support/biobank,Barcelona,ES,,,bbmri-eric:contactID:ES_Novoa_Garcia,bbmri-eric:contactID:ES_Novoa_Garcia,ES,False,,,bbmri-eric:ID:ES_VHIR,Vall d'Hebron Research Institute,bbmri-eric:networkID:ES_PISCIIIBB,,,RD,"BIOLOGICAL_SAMPLES,MEDICAL_RECORDS",2,146.0,rare_disease,,,accredited,146.0,2.0,"FEMALE,MALE,UNKNOWN",urn:miriam:icd:Q20-Q28,,,,,TISSUE_FROZEN,temperature-60to-85,,,,,,,,True,,,,,,directory_catalog,https://ejp-rd-vp.github.io/resource-metadata-schema/license/v1.0.txt,BBMRI-ERIC,English,Congenital malformations of the circulatory system,,,2026-07-23 05:02:08.227210,2026-07-23 05:02:08.227210,
2162,bbmri-eric:ID:ES_VHIR:collection:FetalTissueBank_4,Fetal Tissue Bank,,"The collection consists of frozen fetal tissue samples obtained from different stages of embryonic and fetal development (gestational weeks 8-22). The samples come from fetuses from the Program of Legal Termination of Pregnancy of the Hospital Universitari Vall d’Hebron._x000D_
_x000D_
The donations are from fetuses with Trisomy 18 syndrome",https://vhir.vallhebron.com/en/research-support/biobank,Barcelona,ES,,,bbmri-eric:contactID:ES_Novoa_Garcia,bbmri-eric:contactID:ES_Novoa_Garcia,ES,False,,,bbmri-eric:ID:ES_VHIR,Vall d'Hebron Research Institute,bbmri-eric:networkID:ES_PISCIIIBB,,,RD,"BIOLOGICAL_SAMPLES,MEDICAL_RECORDS",1,54.0,rare_disease,,,accredited,54.0,1.0,"FEMALE,MALE,UNKNOWN","urn:miriam:icd:Q91.0,urn:miriam:icd:Q91.1,urn:miriam:icd:Q91.2,urn:miriam:icd:Q91.3",,,,,TISSUE_FROZEN,temperature-60to-85,,,,,,,,True,,,,,,directory_catalog,https://ejp-rd-vp.github.io/resource-metadata-schema/license/v1.0.txt,BBMRI-ERIC,English,"Edwards syndrome and Patau syndrome - Trisomy 18,meiotic nondisjunction,Edwards syndrome and Patau syndrome - Trisomy 18,mosaicism (mitotic nondisjunction),Edwards syndrome and Patau syndrome - Trisomy 18,translocation,Edwards syndrome,unspecified",,,2026-07-23 05:02:08.227210,2026-07-23 05:02:08.227210,
2165,bbmri-eric:ID:ES_VHIR:collection:FetalTissueBank_5,Fetal Tissue Bank,,"The collection consists of frozen fetal tissue samples obtained from different stages of embryonic and fetal development (gestational weeks 8-22). The samples come from fetuses from the Program of Legal Termination of Pregnancy of the Hospital Universitari Vall d’Hebron._x000D_
_x000D_
The donations are from fetuses with Trisomy 13 syndrome",https://vhir.vallhebron.com/en/research-support/biobank,Barcelona,ES,,,bbmri-eric:contactID:ES_Novoa_Garcia,bbmri-eric:contactID:ES_Novoa_Garcia,ES,False,,,bbmri-eric:ID:ES_VHIR,Vall d'Hebron Research Institute,bbmri-eric:networkID:ES_PISCIIIBB,,,RD,"BIOLOGICAL_SAMPLES,MEDICAL_RECORDS",1,14.0,rare_disease,,,accredited,14.0,1.0,"FEMALE,MALE,UNKNOWN","urn:miriam:icd:Q91.4,urn:miriam:icd:Q91.5,urn:miriam:icd:Q91.6,urn:miriam:icd:Q91.7",,,,,TISSUE_FROZEN,temperature-60to-85,,,,,,,,True,,,,,,directory_catalog,https://ejp-rd-vp.github.io/resource-metadata-schema/license/v1.0.txt,BBMRI-ERIC,English,"Edwards syndrome and Patau syndrome - Trisomy 13,meiotic nondisjunction,Edwards syndrome and Patau syndrome - Trisomy 13,mosaicism (mitotic nondisjunction),Edwards syndrome and Patau syndrome - Trisomy 13,translocation,Patau syndrome,unspecified",,,2026-07-23 05:02:08.227210,2026-07-23 05:02:08.227210,
2168,bbmri-eric:ID:ES_VHIR:collection:FetalTissueBank_6,Fetal Tissue Bank,,"The collection consists of frozen fetal tissue samples obtained from different stages of embryonic and fetal development (gestational weeks 8-22). The samples come from fetuses from the Program of Legal Termination of Pregnancy of the Hospital Universitari Vall d’Hebron._x000D_
_x000D_
The donations are from fetuses with chromosomopathies",https://vhir.vallhebron.com/en/research-support/biobank,Barcelona,ES,,,bbmri-eric:contactID:ES_Novoa_Garcia,bbmri-eric:contactID:ES_Novoa_Garcia,ES,False,,,bbmri-eric:ID:ES_VHIR,Vall d'Hebron Research Institute,bbmri-eric:networkID:ES_PISCIIIBB,,,RD,"BIOLOGICAL_SAMPLES,MEDICAL_RECORDS",2,167.0,rare_disease,,,accredited,167.0,2.0,"FEMALE,MALE,UNKNOWN",urn:miriam:icd:Q92,,,,,TISSUE_FROZEN,temperature-60to-85,,,,,,,,True,,,,,,directory_catalog,https://ejp-rd-vp.github.io/resource-metadata-schema/license/v1.0.txt,BBMRI-ERIC,English,"Other trisomies and partial trisomies of the autosomes,not elsewhere classified",,,2026-07-23 05:02:08.227210,2026-07-23 05:02:08.227210,
2173,bbmri-eric:ID:ES_VHIR:collection:FetalTissueBank_7,Fetal Tissue Bank,,"The collection consists of frozen fetal tissue samples obtained from different stages of embryonic and fetal development (gestational weeks 8-22). The samples come from fetuses from the Program of Legal Termination of Pregnancy of the Hospital Universitari Vall d’Hebron._x000D_
_x000D_
The donations are from fetuses with urinary tract malformations",https://vhir.vallhebron.com/en/research-support/biobank,Barcelona,ES,,,bbmri-eric:contactID:ES_Novoa_Garcia,bbmri-eric:contactID:ES_Novoa_Garcia,ES,False,,,bbmri-eric:ID:ES_VHIR,Vall d'Hebron Research Institute,bbmri-eric:networkID:ES_PISCIIIBB,,,RD,"BIOLOGICAL_SAMPLES,MEDICAL_RECORDS",1,28.0,rare_disease,,,accredited,28.0,1.0,"FEMALE,MALE,UNKNOWN",urn:miriam:icd:Q60-Q64,,,,,TISSUE_FROZEN,temperature-60to-85,,,,,,,,True,,,,,,directory_catalog,https://ejp-rd-vp.github.io/resource-metadata-schema/license/v1.0.txt,BBMRI-ERIC,English,Congenital malformations of the urinary system,,,2026-07-23 05:02:08.227210,2026-07-23 05:02:08.227210,
2181,bbmri-eric:ID:ES_VHIR:collection:FetalTissueBank_9,Fetal Tissue Bank,,"The collection consists of frozen fetal tissue samples obtained from different stages of embryonic and fetal development (gestational weeks 8-22). The samples come from fetuses from the Program of Legal Termination of Pregnancy of the Hospital Universitari Vall d’Hebron._x000D_
_x000D_
The donations are from fetuses malformations affecting several organs",https://vhir.vallhebron.com/en/research-support/biobank,Barcelona,ES,,,bbmri-eric:contactID:ES_Novoa_Garcia,bbmri-eric:contactID:ES_Novoa_Garcia,ES,False,,,bbmri-eric:ID:ES_VHIR,Vall d'Hebron Research Institute,bbmri-eric:networkID:ES_PISCIIIBB,,,RD,"BIOLOGICAL_SAMPLES,MEDICAL_RECORDS",2,251.0,rare_disease,,,accredited,251.0,2.0,"FEMALE,MALE,UNKNOWN",,,,,,TISSUE_FROZEN,temperature-60to-85,,,,,,,,True,,,,,,directory_catalog,https://ejp-rd-vp.github.io/resource-metadata-schema/license/v1.0.txt,BBMRI-ERIC,English,,,,2026-07-23 05:02:08.227210,2026-07-23 05:02:08.227210,
2205,bbmri-eric:ID:ES_VHIR:collection:NephrologyBank_9,Nephrology Bank,,The collection comprises samples of DNA of patients with Nephrotic Syndrome who were treated at the Vall d'Hebron University Hospital.,https://vhir.vallhebron.com/en/research-support/biobank,Barcelona,ES,,,bbmri-eric:contactID:ES_Novoa_Garcia,bbmri-eric:contactID:ES_Novoa_Garcia,ES,False,,,bbmri-eric:ID:ES_VHIR,Vall d'Hebron Research Institute,bbmri-eric:networkID:ES_PISCIIIBB,,,RD,"BIOLOGICAL_SAMPLES,MEDICAL_RECORDS",0,2.0,rare_disease,,,accredited,2.0,0.0,"FEMALE,MALE",urn:miriam:icd:N04.9,,,,,DNA,temperature-60to-85,,,,,,,,True,,,,,,directory_catalog,https://ejp-rd-vp.github.io/resource-metadata-schema/license/v1.0.txt,BBMRI-ERIC,English,Nephrotic syndrome - Nephrotic syndrome: Unspecified,,,2026-07-23 05:02:08.227210,2026-07-23 05:02:08.227210,
2211,bbmri-eric:ID:ES_VHIR:collection:CardiologyBank_8,Cardiology Bank,,"The collection is made up of tissue, serum, plasma and DNA samples from patients with Marfan syndrome and non-syndromic familial aortic pathology who were treated at the Vall d'Hebron University Hospital.",https://vhir.vallhebron.com/en/research-support/biobank,Barcelona,ES,,,bbmri-eric:contactID:ES_Novoa_Garcia,bbmri-eric:contactID:ES_Novoa_Garcia,ES,False,,,bbmri-eric:ID:ES_VHIR,Vall d'Hebron Research Institute,bbmri-eric:networkID:ES_PISCIIIBB,,,RD,"BIOLOGICAL_SAMPLES,MEDICAL_RECORDS",1,31.0,"cardiovascular,rare_disease",,,accredited,31.0,2.0,"FEMALE,MALE",urn:miriam:icd:I71.2,,,,,"DNA,PLASMA,SERUM,TISSUE_FROZEN",temperature-60to-85,,,,,,,,True,,,,,,directory_catalog,https://ejp-rd-vp.github.io/resource-metadata-schema/license/v1.0.txt,BBMRI-ERIC,English,"Thoracic aortic aneurysm,without mention of rupture",,,2026-07-23 05:02:08.227210,2026-07-23 05:02:08.227210,
2215,bbmri-eric:ID:ES_VHIR:collection:NeurologicTissuesBank_2,Neurologic Tissues Bank,,The collection comprises tissues from patients with Neurologic diseases who were treated at the Vall d'Hebron University Hospital.,https://vhir.vallhebron.com/en/research-support/biobank,Barcelona,ES,,,bbmri-eric:contactID:ES_Novoa_Garcia,bbmri-eric:contactID:ES_Novoa_Garcia,ES,False,,,bbmri-eric:ID:ES_VHIR,Vall d'Hebron Research Institute,bbmri-eric:networkID:ES_PISCIIIBB,,,RD,"BIOLOGICAL_SAMPLES,MEDICAL_RECORDS",0,1.0,rare_disease,,,accredited,1.0,0.0,MALE,ORPHA:282,,,,,TISSUE_FROZEN,temperature-60to-85,,,,,,,,True,,,,,,directory_catalog,https://ejp-rd-vp.github.io/resource-metadata-schema/license/v1.0.txt,BBMRI-ERIC,English,Frontotemporal dementia,,,2026-07-23 05:02:08.227210,2026-07-23 05:02:08.227210,
2223,bbmri-eric:ID:ES_VHIR:collection:NeurologicTissuesBank_3,Neurologic Tissues Bank,,The collection comprises tissues from patients with Neurologic diseases who were treated at the Vall d'Hebron University Hospital.,https://vhir.vallhebron.com/en/research-support/biobank,Barcelona,ES,,,bbmri-eric:contactID:ES_Novoa_Garcia,bbmri-eric:contactID:ES_Novoa_Garcia,ES,False,,,bbmri-eric:ID:ES_VHIR,Vall d'Hebron Research Institute,bbmri-eric:networkID:ES_PISCIIIBB,,,RD,"BIOLOGICAL_SAMPLES,MEDICAL_RECORDS",0,1.0,"nervous_system,rare_disease",,,accredited,1.0,0.0,FEMALE,urn:miriam:icd:G12.2,,,,,TISSUE_FROZEN,temperature-60to-85,,,,,,,,True,,,,,,directory_catalog,https://ejp-rd-vp.github.io/resource-metadata-schema/license/v1.0.txt,BBMRI-ERIC,English,Spinal muscular atrophy and related syndromes - Motor neuron disease,,,2026-07-23 05:02:08.227210,2026-07-23 05:02:08.227210,
2224,bbmri-eric:ID:ES_VHIR:collection:NeurologicTissuesBank_4,Neurologic Tissues Bank,,The collection comprises tissues from patients with Neurologic diseases who were treated at the Vall d'Hebron University Hospital.,https://vhir.vallhebron.com/en/research-support/biobank,Barcelona,ES,,,bbmri-eric:contactID:ES_Novoa_Garcia,bbmri-eric:contactID:ES_Novoa_Garcia,ES,False,,,bbmri-eric:ID:ES_VHIR,Vall d'Hebron Research Institute,bbmri-eric:networkID:ES_PISCIIIBB,,,RD,"BIOLOGICAL_SAMPLES,MEDICAL_RECORDS",0,1.0,rare_disease,,,accredited,1.0,0.0,MALE,,,,,,TISSUE_FROZEN,temperature-60to-85,,,,,,,,True,,,,,,directory_catalog,https://ejp-rd-vp.github.io/resource-metadata-schema/license/v1.0.txt,BBMRI-ERIC,English,,,,2026-07-23 05:02:08.227210,2026-07-23 05:02:08.227210,
2225,bbmri-eric:ID:ES_VHIR:collection:NeurologicTissuesBank_5,Neurologic Tissues Bank,,The collection comprises tissues from patients with Neurologic diseases who were treated at the Vall d'Hebron University Hospital.,https://vhir.vallhebron.com/en/research-support/biobank,Barcelona,ES,,,bbmri-eric:contactID:ES_Novoa_Garcia,bbmri-eric:contactID:ES_Novoa_Garcia,ES,False,,,bbmri-eric:ID:ES_VHIR,Vall d'Hebron Research Institute,bbmri-eric:networkID:ES_PISCIIIBB,,,RD,"BIOLOGICAL_SAMPLES,MEDICAL_RECORDS",0,1.0,rare_disease,,,accredited,1.0,0.0,FEMALE,,,,,,TISSUE_FROZEN,temperature-60to-85,,,,,,,,True,,,,,,directory_catalog,https://ejp-rd-vp.github.io/resource-metadata-schema/license/v1.0.txt,BBMRI-ERIC,English,,,,2026-07-23 05:02:08.227210,2026-07-23 05:02:08.227210,
2227,bbmri-eric:ID:ES_VHIR:collection:NeurologicTissuesBank_6,Neurologic Tissues Bank,,The collection comprises tissues from patients with Neurologic diseases who were treated at the Vall d'Hebron University Hospital.,https://vhir.vallhebron.com/en/research-support/biobank,Barcelona,ES,,,bbmri-eric:contactID:ES_Novoa_Garcia,bbmri-eric:contactID:ES_Novoa_Garcia,ES,False,,,bbmri-eric:ID:ES_VHIR,Vall d'Hebron Research Institute,bbmri-eric:networkID:ES_PISCIIIBB,,,RD,"BIOLOGICAL_SAMPLES,MEDICAL_RECORDS",0,1.0,rare_disease,,,accredited,1.0,0.0,MALE,ORPHA:98534,,,,,TISSUE_FROZEN,temperature-60to-85,,,,,,,,True,,,,,,directory_catalog,https://ejp-rd-vp.github.io/resource-metadata-schema/license/v1.0.txt,BBMRI-ERIC,English,Neurodegenerative disease with dementia,,,2026-07-23 05:02:08.227210,2026-07-23 05:02:08.227210,
2229,bbmri-eric:ID:ES_VHIR:collection:NeurologicTissuesBank_7,Neurologic Tissues Bank,,The collection comprises tissues from patients with Neurologic diseases who were treated at the Vall d'Hebron University Hospital.,https://vhir.vallhebron.com/en/research-support/biobank,Barcelona,ES,,,bbmri-eric:contactID:ES_Novoa_Garcia,bbmri-eric:contactID:ES_Novoa_Garcia,ES,False,,,bbmri-eric:ID:ES_VHIR,Vall d'Hebron Research Institute,bbmri-eric:networkID:ES_PISCIIIBB,,,RD,"BIOLOGICAL_SAMPLES,MEDICAL_RECORDS",0,1.0,"oncology,rare_disease",,,accredited,1.0,0.0,MALE,urn:miriam:icd:C71.9,,,,,TISSUE_FROZEN,temperature-60to-85,,,,,,,,True,,,,,,directory_catalog,https://ejp-rd-vp.github.io/resource-metadata-schema/license/v1.0.txt,BBMRI-ERIC,English,"Malignant neoplasm of brain - Malignant neoplasm: Brain,unspecified",,,2026-07-23 05:02:08.227210,2026-07-23 05:02:08.227210,
2230,bbmri-eric:ID:ES_VHIR:collection:NeurologicTissuesBank_8,Neurologic Tissues Bank,,The collection comprises tissues from patients with Neurologic diseases who were treated at the Vall d'Hebron University Hospital.,https://vhir.vallhebron.com/en/research-support/biobank,Barcelona,ES,,,bbmri-eric:contactID:ES_Novoa_Garcia,bbmri-eric:contactID:ES_Novoa_Garcia,ES,False,,,bbmri-eric:ID:ES_VHIR,Vall d'Hebron Research Institute,bbmri-eric:networkID:ES_PISCIIIBB,,,RD,"BIOLOGICAL_SAMPLES,MEDICAL_RECORDS",0,1.0,"nervous_system,rare_disease,infectious",,,accredited,1.0,0.0,MALE,"urn:miriam:icd:B00.4,urn:miriam:icd:G05.1",,,,,TISSUE_FROZEN,temperature-60to-85,,,,,,,,True,,,,,,directory_catalog,https://ejp-rd-vp.github.io/resource-metadata-schema/license/v1.0.txt,BBMRI-ERIC,English,"Herpesviral encephalitis,Encephalitis,myelitis and encephalomyelitis in viral diseases classified elsewhere",,,2026-07-23 05:02:08.227210,2026-07-23 05:02:08.227210,
2239,bbmri-eric:ID:ES_BioNER-IIER:collection:Miocardiopatia_arritmogenica,Miocardiopatia arritmogénica,,Disease sample;Disease control,https://www.isciii.es/QuienesSomos/CentrosPropios/IIER/Paginas/default.aspx,Madrid,ES,,,bbmri-eric:contactID:ES_Martinez_Delgado,bbmri-eric:contactID:ES_Martinez_Delgado,ES,False,,,bbmri-eric:ID:ES_BioNER-IIER,Rare Diseases National Biobank-Institute of Rare Diseases Research (Institute of Health Carlos III),bbmri-eric:networkID:ES_PISCIIIBB,,,RD,BIOLOGICAL_SAMPLES,1,14.0,"cardiovascular,rare_disease",,,,14.0,1.0,"MALE,FEMALE",urn:miriam:icd:I42.8,,,YEAR,,DNA,temperature-60to-85,,,,,,,,True,,,,,,directory_catalog,https://ejp-rd-vp.github.io/resource-metadata-schema/license/v1.0.txt,BBMRI-ERIC,English,Cardiomyopathy - Other cardiomyopathies,,,2026-07-23 05:02:06.556069,2026-07-23 05:02:06.556069,
2254,bbmri-eric:ID:ES_BioNER-IIER:collection:TRASTORNOS_GENERALIZADOS_DEL_DESARROLLO,TRASTORNOS GENERALIZADOS DEL DESARROLLO,,Disease sample;Disease control,https://www.isciii.es/QuienesSomos/CentrosPropios/IIER/Paginas/default.aspx,Madrid,ES,,,bbmri-eric:contactID:ES_Martinez_Delgado,bbmri-eric:contactID:ES_Martinez_Delgado,ES,False,,,bbmri-eric:ID:ES_BioNER-IIER,Rare Diseases National Biobank-Institute of Rare Diseases Research (Institute of Health Carlos III),bbmri-eric:networkID:ES_PISCIIIBB,,,RD,BIOLOGICAL_SAMPLES,3,2767.0,rare_disease,,,,163.0,2.0,"MALE,FEMALE",urn:miriam:icd:F84,,,YEAR,,"DNA,PERIPHERAL_BLOOD_CELLS,PLASMA,SERUM","temperature-60to-85,temperatureLN",,,,,,,,True,,,,,,directory_catalog,https://ejp-rd-vp.github.io/resource-metadata-schema/license/v1.0.txt,BBMRI-ERIC,English,Pervasive developmental disorders,,,2026-07-23 05:02:06.175575,2026-07-23 05:02:06.175575,
2272,bbmri-eric:ID:ES_BioNER-IIER:collection:Discapacidad_intelectual_autosomica_dominante_34_COL4A3BP,"Discapacidad intelectual autosómica dominante 34, COL4A3BP",,Disease sample;Disease control,https://www.isciii.es/QuienesSomos/CentrosPropios/IIER/Paginas/default.aspx,Madrid,ES,,,bbmri-eric:contactID:ES_Martinez_Delgado,bbmri-eric:contactID:ES_Martinez_Delgado,ES,False,,,bbmri-eric:ID:ES_BioNER-IIER,Rare Diseases National Biobank-Institute of Rare Diseases Research (Institute of Health Carlos III),bbmri-eric:networkID:ES_PISCIIIBB,,,RD,BIOLOGICAL_SAMPLES,1,67.0,rare_disease,,,,4.0,0.0,"MALE,FEMALE",urn:miriam:icd:F79.9,,,YEAR,,"DNA,PERIPHERAL_BLOOD_CELLS,OTHER,BUFFY_COAT,PLASMA,SERUM","temperature-60to-85,temperatureLN",,,,,,,,True,,,,,,directory_catalog,https://ejp-rd-vp.github.io/resource-metadata-schema/license/v1.0.txt,BBMRI-ERIC,English,Unspecified mental retardation - Unspecified mental retardation: Without mention of impairment of behaviour,,,2026-07-23 05:02:06.175575,2026-07-23 05:02:06.175575,
2273,bbmri-eric:ID:ES_BioNER-IIER:collection:Discapacidad_intelectual_ligada_al_X_tipo_Houge_CNKSR2,"Discapacidad intelectual ligada al X, tipo Houge, CNKSR2",,Disease sample;Disease control,https://www.isciii.es/QuienesSomos/CentrosPropios/IIER/Paginas/default.aspx,Madrid,ES,,,bbmri-eric:contactID:ES_Martinez_Delgado,bbmri-eric:contactID:ES_Martinez_Delgado,ES,False,,,bbmri-eric:ID:ES_BioNER-IIER,Rare Diseases National Biobank-Institute of Rare Diseases Research (Institute of Health Carlos III),bbmri-eric:networkID:ES_PISCIIIBB,,,RD,BIOLOGICAL_SAMPLES,1,59.0,rare_disease,,,,3.0,0.0,"MALE,FEMALE",urn:miriam:icd:F79.9,,,YEAR,,"DNA,PERIPHERAL_BLOOD_CELLS,OTHER,BUFFY_COAT,PLASMA,SERUM","temperature-60to-85,temperatureLN",,,,,,,,True,,,,,,directory_catalog,https://ejp-rd-vp.github.io/resource-metadata-schema/license/v1.0.txt,BBMRI-ERIC,English,Unspecified mental retardation - Unspecified mental retardation: Without mention of impairment of behaviour,,,2026-07-23 05:02:06.175575,2026-07-23 05:02:06.175575,
2540,bbmri-eric:ID:NO_CancerBiobankOUH:collection:all_samples2,The Norwegian Childhood Cancer Biobank,,"Pediatric cancer is the dominant cause of disease-related death in children over one year of age in Western countries. New treatment strategies are warranted, and rapid advancements in molecular and genetic sequencing technologies are realizing the potential for improving care through precision medicine. In pediatric oncology, this encompasses the identification of unique cancer predispositions, somatic tumor mutations, personalized surveillance, and targeted treatment.
The clinical benefits of these scientific advancements rely on the development of translational bioinformatic expertise, clinical pipelines for extended testing and services, and ethically sound information and decision systems for families and healthcare professionals within pediatric oncology.
The Norwegian Childhood Cancer Biobank was established in 2017 as a national initiative to support research and improve outcomes for children with cancer. The biobank collects and provides a broad range of high-quality biological samples, including plasma, serum, buffy coat, bone marrow, cerebrospinal fluid, urine, biopsy, feces, extracted tumor DNA and RNA, extracted genomic DNA (gDNA), and mononuclear cells (MNC) from leukemia patients.
Our goal is to use the generated knowledge toward the establishment of a general translational platform that integrates different molecular modalities, where novel molecular and genetic information is systematically translated into clinical application.
The biobank has also established an advisory board to guide its development and ensure its alignment with clinical and research needs.",http://www.ous-research.no/barnekreftbiobank,Oslo,NO,,,,,NO,False,,,bbmri-eric:ID:NO_OUS,Oslo University Hospital,,,,"DISEASE_SPECIFIC,SAMPLE,HOSPITAL",BIOLOGICAL_SAMPLES,4,,"oncology,paediatrics,rare_disease",,,,1200.0,,"MALE,FEMALE","ORPHA:519,ORPHA:513,ORPHA:391,ORPHA:547,ORPHA:635,ORPHA:449,ORPHA:223727,ORPHA:3394,ORPHA:668,ORPHA:319,ORPHA:780,ORPHA:3399,ORPHA:790",0.0,18.0,YEAR,,"RNA,FECES,SERUM,BUFFY_COAT,OTHER,PLASMA,DNA,URINE","temperature-60to-85,temperatureOther",,,,,,,,True,,,,,,directory_catalog,https://ejp-rd-vp.github.io/resource-metadata-schema/license/v1.0.txt,BBMRI-ERIC,English,"Acute myeloid leukemia,Acute lymphoblastic leukemia,Classic Hodgkin lymphoma,Non-Hodgkin lymphoma,Neuroblastoma,Hepatoblastoma,Bone sarcoma,Soft tissue sarcoma,Osteosarcoma,Skeletal Ewing sarcoma,Rhabdomyosarcoma,Germ cell tumor,Retinoblastoma",,,2026-07-23 05:02:09.374542,2026-07-23 05:02:09.374542,True
2725,bbmri-eric:ID:NL_UMCG:collection:GLGS:collection:Baseline,Baseline,,FDT (frequency-doubling perimetry) and GDx (nerve fibre analyser) tests were performed. Prospectively followed for 4 years.,,,NL,,,,bbmri-eric:contactID:NL_contactFromEmail013,NL,False,bbmri-eric:ID:NL_UMCG:collection:GLGS,,bbmri-eric:ID:NL_UMCG,UMCG Biobank,,,,SAMPLE,NAV,0,,,,,,,,,,,,,,NAV,,,,,,,,,True,,,,,,directory_catalog,https://ejp-rd-vp.github.io/resource-metadata-schema/license/v1.0.txt,BBMRI-ERIC,English,,,,2026-07-23 05:02:12.349257,2026-07-23 05:02:12.349257,
2804,bbmri-eric:ID:NL_UMCG:collection:COVID_HOME:collection:18months_followup,18months_followup,,"All participants were invited to continue follow-up at 3-, 6-, 12- and 18-months post-infection to assess long-term sequelae and immunological status. ",,,NL,,,,bbmri-eric:contactID:NL_contactFromEmail030,NL,False,bbmri-eric:ID:NL_UMCG:collection:COVID_HOME,,bbmri-eric:ID:NL_UMCG,UMCG Biobank,,,,SAMPLE,"PHYSIOLOGICAL_BIOCHEMICAL_MEASUREMENTS,BIOLOGICAL_SAMPLES,SURVEY_DATA",0,,paediatrics,,,,,,,,0.0,,YEAR,,"NASAL_SWAB,OTHER,WHOLE_BLOOD,URINE,FECES",,,,,,,,,True,,,,,,directory_catalog,https://ejp-rd-vp.github.io/resource-metadata-schema/license/v1.0.txt,BBMRI-ERIC,English,,,,2026-07-23 05:02:12.692911,2026-07-23 05:02:12.692911,
3073,bbmri-eric:ID:NL_UMCG:collection:CEDNN:collection:at_visit,at visit,,Description not available yet,,,NL,,,,bbmri-eric:contactID:NL_contactFromEmail03,NL,False,bbmri-eric:ID:NL_UMCG:collection:CEDNN,,bbmri-eric:ID:NL_UMCG,UMCG Biobank,,,,SAMPLE,NAV,0,,,,,,,,,,,,,,NAV,,,,,,,,,True,,,,,,directory_catalog,https://ejp-rd-vp.github.io/resource-metadata-schema/license/v1.0.txt,BBMRI-ERIC,English,,,,2026-07-23 05:02:13.211921,2026-07-23 05:02:13.211921,
3789,bbmri-eric:ID:NL_UMCG:collection:CEDNN,Celiac Disease Northern Netherlands (CeDNN),,"Celiac Disease Northern Netherlands, CeDNN, is collecting (bio)materials from celiac disease patients, relatives, partners and IBS patients. The aim is to get a better understanding of how CeD risk genes, the microbiome and environmental factors contribute to disease aetiology. To achieve this, a holistic approach will be applied in which we will study the behaviour of immune cells and the microbiome in CeD patients and compare that to non-patients using “omics” technology (i.e. the full repertoire of all transcripts, cytokine profiles, proteins, metabolites etc.) in the background of the genetic profile of each individual. To generate this information we will profile different immune cells from patients and controls. These datasets will be analysed and integrated using bioinformatics approaches to develop insights into the mechanisms underlying celiac disease. The hope is that the newly gained knowledge will contribute to disease prevention in patients with increased risk for developing celiac disease and to the discovery of novel treatment targets in patients that have developed disease already.",https://doi.org/10.34760/6a16c5c5dd5bd,,NL,,,,bbmri-eric:contactID:NL_contactFromEmail03,NL,False,,bbmri-eric:ID:NL_UMCG:collection:CEDNN:collection:at_visit,bbmri-eric:ID:NL_UMCG,UMCG Biobank,,,,"COHORT,SAMPLE","NAV,BIOLOGICAL_SAMPLES",2,,paediatrics,,,,706.0,2.0,,,0.0,,YEAR,,NAV,,,,,,,,,True,,,,,,directory_catalog,https://ejp-rd-vp.github.io/resource-metadata-schema/license/v1.0.txt,BBMRI-ERIC,English,,,,2026-07-23 05:02:12.692911,2026-07-23 05:02:12.692911,
3795,bbmri-eric:ID:NL_UMCG:collection:COVID_HOME,Prospective cohort study of non-hospitalised COVID-19 patients (COVID HOME),,"Longitudinal COVID-19 population cohort that was initiated during the COVID-19 pandemic in 2020 and continued until 2024. Enrolled participants were visited at home within 48-hours of diagnoses and followed-up over the next three weeks to collect clinical data, blood, nasal swaps, and other biological samples.",https://doi.org/10.34760/6800d78bd68ec,,NL,,,,bbmri-eric:contactID:NL_contactFromEmail030,NL,False,,"bbmri-eric:ID:NL_UMCG:collection:COVID_HOME:collection:18months_followup,bbmri-eric:ID:NL_UMCG:collection:COVID_HOME:collection:48hour_followup,bbmri-eric:ID:NL_UMCG:collection:COVID_HOME:collection:6months_followup,bbmri-eric:ID:NL_UMCG:collection:COVID_HOME:collection:7day_followup,bbmri-eric:ID:NL_UMCG:collection:COVID_HOME:collection:Baseline_inclusion,bbmri-eric:ID:NL_UMCG:collection:COVID_HOME:collection:21day_followup,bbmri-eric:ID:NL_UMCG:collection:COVID_HOME:collection:14day_followup,bbmri-eric:ID:NL_UMCG:collection:COVID_HOME:collection:3months_followup,bbmri-eric:ID:NL_UMCG:collection:COVID_HOME:collection:12months_followup",bbmri-eric:ID:NL_UMCG,UMCG Biobank,,,,"COHORT,SAMPLE","PHYSIOLOGICAL_BIOCHEMICAL_MEASUREMENTS,BIOLOGICAL_SAMPLES,SURVEY_DATA",0,,paediatrics,,,,,,,,0.0,,YEAR,,"NASAL_SWAB,OTHER,WHOLE_BLOOD,URINE,FECES",,,,,,,,,True,,,,,,directory_catalog,https://ejp-rd-vp.github.io/resource-metadata-schema/license/v1.0.txt,BBMRI-ERIC,English,,,,2026-07-23 05:02:12.349257,2026-07-23 05:02:12.349257,
3800,bbmri-eric:ID:NL_UMCG:collection:COVID_HOME:collection:48hour_followup,48hour_followup,,"Enrolled participants were visited at home within 48 hours after initial diagnosis, and then weekly on days 7, 14 and 21 to obtain clinical data, a blood sample for biochemical parameters/cytokines and serological determination; and a nasopharyngeal/throat swab plus urine, stool and sperm or vaginal secretion (if consenting) to test for SARS-CoV-2 by RT-PCR (viral shedding) and for viral culturing. 

Weekly nasopharyngeal/throat swabs and stool samples, plus a blood sample on days 0 and 21 were also taken from HH members to determine whether and when they became infected.",,,NL,,,,bbmri-eric:contactID:NL_contactFromEmail030,NL,False,bbmri-eric:ID:NL_UMCG:collection:COVID_HOME,,bbmri-eric:ID:NL_UMCG,UMCG Biobank,,,,SAMPLE,"PHYSIOLOGICAL_BIOCHEMICAL_MEASUREMENTS,BIOLOGICAL_SAMPLES,SURVEY_DATA",0,,paediatrics,,,,,,,,0.0,,YEAR,,"NASAL_SWAB,OTHER,WHOLE_BLOOD,URINE,FECES",,,,,,,,,True,,,,,,directory_catalog,https://ejp-rd-vp.github.io/resource-metadata-schema/license/v1.0.txt,BBMRI-ERIC,English,,,,2026-07-23 05:02:12.349257,2026-07-23 05:02:12.349257,
3807,bbmri-eric:ID:NL_UMCG:collection:COVID_HOME:collection:6months_followup,6months_followup,,"All participants were invited to continue follow-up at 3-, 6-, 12- and 18-months post-infection to assess long-term sequelae and immunological status. ",,,NL,,,,bbmri-eric:contactID:NL_contactFromEmail030,NL,False,bbmri-eric:ID:NL_UMCG:collection:COVID_HOME,,bbmri-eric:ID:NL_UMCG,UMCG Biobank,,,,SAMPLE,"PHYSIOLOGICAL_BIOCHEMICAL_MEASUREMENTS,BIOLOGICAL_SAMPLES,SURVEY_DATA",0,,paediatrics,,,,,,,,0.0,,YEAR,,"NASAL_SWAB,OTHER,WHOLE_BLOOD,URINE,FECES",,,,,,,,,True,,,,,,directory_catalog,https://ejp-rd-vp.github.io/resource-metadata-schema/license/v1.0.txt,BBMRI-ERIC,English,,,,2026-07-23 05:02:12.349257,2026-07-23 05:02:12.349257,
3810,bbmri-eric:ID:NL_UMCG:collection:COVID_HOME:collection:7day_followup,7day_followup,,"Enrolled participants were visited at home within 48 hours after initial diagnosis, and then weekly on days 7, 14 and 21 to obtain clinical data, a blood sample for biochemical parameters/cytokines and serological determination; and a nasopharyngeal/throat swab plus urine, stool and sperm or vaginal secretion (if consenting) to test for SARS-CoV-2 by RT-PCR (viral shedding) and for viral culturing. 

Weekly nasopharyngeal/throat swabs and stool samples, plus a blood sample on days 0 and 21 were also taken from HH members to determine whether and when they became infected.",,,NL,,,,bbmri-eric:contactID:NL_contactFromEmail030,NL,False,bbmri-eric:ID:NL_UMCG:collection:COVID_HOME,,bbmri-eric:ID:NL_UMCG,UMCG Biobank,,,,SAMPLE,"PHYSIOLOGICAL_BIOCHEMICAL_MEASUREMENTS,BIOLOGICAL_SAMPLES,SURVEY_DATA",0,,paediatrics,,,,,,,,0.0,,YEAR,,"NASAL_SWAB,OTHER,WHOLE_BLOOD,URINE,FECES",,,,,,,,,True,,,,,,directory_catalog,https://ejp-rd-vp.github.io/resource-metadata-schema/license/v1.0.txt,BBMRI-ERIC,English,,,,2026-07-23 05:02:12.349257,2026-07-23 05:02:12.349257,
3813,bbmri-eric:ID:NL_UMCG:collection:COVID_HOME:collection:Baseline_inclusion,Baseline_inclusion,,"Laboratory confirmed SARS-CoV-2 infected individuals of all ages that did not merit hospitalisation, and their household (HH) members, were enrolled after written informed consent.",,,NL,,,,bbmri-eric:contactID:NL_contactFromEmail030,NL,False,bbmri-eric:ID:NL_UMCG:collection:COVID_HOME,,bbmri-eric:ID:NL_UMCG,UMCG Biobank,,,,SAMPLE,BIOLOGICAL_SAMPLES,0,,paediatrics,,,,,,,,0.0,,YEAR,,NASAL_SWAB,,,,,,,,,True,,,,,,directory_catalog,https://ejp-rd-vp.github.io/resource-metadata-schema/license/v1.0.txt,BBMRI-ERIC,English,,,,2026-07-23 05:02:12.349257,2026-07-23 05:02:12.349257,
3819,bbmri-eric:ID:NL_UMCG:collection:DonorLines,DonorLines,,"DonorLines is a nationwide prospective biobank and cohort study of deceased organ donors in the Netherlands. The study includes all deceased organ donors, including donors whose organs are ultimately not transplanted. DonorLines integrates prospectively collected clinical data with blood, urine and tissue biospecimens to support research on donor pathophysiology, donor management, organ quality and transplant outcomes. Through integration with TransplantLines, donor data can be linked to recipient outcomes, enabling comprehensive donor-recipient research.",,,NL,,,,bbmri-eric:contactID:NL_investigators,NL,False,,bbmri-eric:ID:NL_UMCG:collection:DonorLines:collection:Clinical_and_biomaterial_collection,bbmri-eric:ID:NL_UMCG,UMCG Biobank,,,,"COHORT,SAMPLE","BIOLOGICAL_SAMPLES,MEDICAL_RECORDS",2,,population,,,,573.0,2.0,,"urn:miriam:icd:Z00.5,urn:miriam:icd:Z52",18.0,,YEAR,,"OTHER,WHOLE_BLOOD,URINE,SERUM,BUFFY_COAT,PLASMA",,,,,,,,,True,,,,,,directory_catalog,https://ejp-rd-vp.github.io/resource-metadata-schema/license/v1.0.txt,BBMRI-ERIC,English,"Examination of potential donor of organ and tissue,Donors of organs and tissues",,,2026-07-23 05:02:12.349257,2026-07-23 05:02:12.349257,
3821,bbmri-eric:ID:NL_UMCG:collection:DonorLines:collection:Clinical_and_biomaterial_collection,Clinical and biomaterial collection,,"Clinical data, blood and urine samples are collected and integrated to support research on donor management, organ quality and transplant outcomes.",,,NL,,,,bbmri-eric:contactID:NL_investigators,NL,False,bbmri-eric:ID:NL_UMCG:collection:DonorLines,,bbmri-eric:ID:NL_UMCG,UMCG Biobank,,,,SAMPLE,"BIOLOGICAL_SAMPLES,MEDICAL_RECORDS",2,,population,,,,800.0,2.0,,"urn:miriam:icd:Z00.5,urn:miriam:icd:Z52",,,,bbmri-eric:factID:NL_UMCG_0497,"OTHER,WHOLE_BLOOD,URINE,SERUM,BUFFY_COAT,PLASMA",,,,,,,,,True,,,,,,directory_catalog,https://ejp-rd-vp.github.io/resource-metadata-schema/license/v1.0.txt,BBMRI-ERIC,English,"Examination of potential donor of organ and tissue,Donors of organs and tissues",,,2026-07-23 05:02:12.349257,2026-07-23 05:02:12.349257,
4177,bbmri-eric:ID:NL_UMCG:collection:UMCG_SSC:collection:CALCSSc,CALC-SSc,,CALCification as an early marker of vasculopathy and organ involvement in Systemic Sclerosis serumbank. Full details = https://onderzoekmetmensen.nl/en/node/48902/pdf,,,NL,,,,bbmri-eric:contactID:NL_Mulder,NL,False,bbmri-eric:ID:NL_UMCG:collection:UMCG_SSC,,bbmri-eric:ID:NL_UMCG,UMCG Biobank,bbmri-eric:networkID:NL_IMMUNOLINES,,,SAMPLE,"BIOLOGICAL_SAMPLES,MEDICAL_RECORDS",2,,,,,,120.0,2.0,,,18.0,,YEAR,,"SERUM,WHOLE_BLOOD,BUFFY_COAT,PLASMA",,,,,,,,,True,,,,,,directory_catalog,https://ejp-rd-vp.github.io/resource-metadata-schema/license/v1.0.txt,BBMRI-ERIC,English,,,,2026-07-23 05:02:13.984022,2026-07-23 05:02:13.984022,
4231,bbmri-eric:ID:NL_UMCG:collection:COVID_HOME:collection:21day_followup,21day_followup,,"Enrolled participants were visited at home within 48 hours after initial diagnosis, and then weekly on days 7, 14 and 21 to obtain clinical data, a blood sample for biochemical parameters/cytokines and serological determination; and a nasopharyngeal/throat swab plus urine, stool and sperm or vaginal secretion (if consenting) to test for SARS-CoV-2 by RT-PCR (viral shedding) and for viral culturing. 

Weekly nasopharyngeal/throat swabs and stool samples, plus a blood sample on days 0 and 21 were also taken from HH members to determine whether and when they became infected.",,,NL,,,,bbmri-eric:contactID:NL_contactFromEmail030,NL,False,bbmri-eric:ID:NL_UMCG:collection:COVID_HOME,,bbmri-eric:ID:NL_UMCG,UMCG Biobank,,,,SAMPLE,"PHYSIOLOGICAL_BIOCHEMICAL_MEASUREMENTS,BIOLOGICAL_SAMPLES,SURVEY_DATA",0,,paediatrics,,,,,,,,0.0,,YEAR,,"NASAL_SWAB,OTHER,WHOLE_BLOOD,URINE,FECES",,,,,,,,,True,,,,,,directory_catalog,https://ejp-rd-vp.github.io/resource-metadata-schema/license/v1.0.txt,BBMRI-ERIC,English,,,,2026-07-23 05:02:15.449488,2026-07-23 05:02:15.449488,
4452,bbmri-eric:ID:NL_UMCG:collection:COVID_HOME:collection:14day_followup,14day_followup,,"Enrolled participants were visited at home within 48 hours after initial diagnosis, and then weekly on days 7, 14 and 21 to obtain clinical data, a blood sample for biochemical parameters/cytokines and serological determination; and a nasopharyngeal/throat swab plus urine, stool and sperm or vaginal secretion (if consenting) to test for SARS-CoV-2 by RT-PCR (viral shedding) and for viral culturing. 

Weekly nasopharyngeal/throat swabs and stool samples, plus a blood sample on days 0 and 21 were also taken from HH members to determine whether and when they became infected.",,,NL,,,,bbmri-eric:contactID:NL_contactFromEmail030,NL,False,bbmri-eric:ID:NL_UMCG:collection:COVID_HOME,,bbmri-eric:ID:NL_UMCG,UMCG Biobank,,,,SAMPLE,"PHYSIOLOGICAL_BIOCHEMICAL_MEASUREMENTS,BIOLOGICAL_SAMPLES,SURVEY_DATA",0,,paediatrics,,,,,,,,0.0,,YEAR,,"NASAL_SWAB,OTHER,WHOLE_BLOOD,URINE,FECES",,,,,,,,,True,,,,,,directory_catalog,https://ejp-rd-vp.github.io/resource-metadata-schema/license/v1.0.txt,BBMRI-ERIC,English,,,,2026-07-23 05:02:15.449488,2026-07-23 05:02:15.449488,
4476,bbmri-eric:ID:NL_UMCG:collection:COVID_HOME:collection:3months_followup,3months_followup,,"All participants were invited to continue follow-up at 3-, 6-, 12- and 18-months post-infection to assess long-term sequelae and immunological status. ",,,NL,,,,bbmri-eric:contactID:NL_contactFromEmail030,NL,False,bbmri-eric:ID:NL_UMCG:collection:COVID_HOME,,bbmri-eric:ID:NL_UMCG,UMCG Biobank,,,,SAMPLE,"PHYSIOLOGICAL_BIOCHEMICAL_MEASUREMENTS,BIOLOGICAL_SAMPLES,SURVEY_DATA",0,,paediatrics,,,,,,,,0.0,,YEAR,,"NASAL_SWAB,OTHER,WHOLE_BLOOD,URINE,FECES",,,,,,,,,True,,,,,,directory_catalog,https://ejp-rd-vp.github.io/resource-metadata-schema/license/v1.0.txt,BBMRI-ERIC,English,,,,2026-07-23 05:02:15.449488,2026-07-23 05:02:15.449488,
4538,bbmri-eric:ID:NL_UMCG:collection:COVID_HOME:collection:12months_followup,12months_followup,,"All participants were invited to continue follow-up at 3-, 6-, 12- and 18-months post-infection to assess long-term sequelae and immunological status. ",,,NL,,,,bbmri-eric:contactID:NL_contactFromEmail030,NL,False,bbmri-eric:ID:NL_UMCG:collection:COVID_HOME,,bbmri-eric:ID:NL_UMCG,UMCG Biobank,,,,SAMPLE,"PHYSIOLOGICAL_BIOCHEMICAL_MEASUREMENTS,BIOLOGICAL_SAMPLES,SURVEY_DATA",0,,paediatrics,,,,,,,,0.0,,YEAR,,"NASAL_SWAB,OTHER,WHOLE_BLOOD,URINE,FECES",,,,,,,,,True,,,,,,directory_catalog,https://ejp-rd-vp.github.io/resource-metadata-schema/license/v1.0.txt,BBMRI-ERIC,English,,,,2026-07-23 05:02:15.449488,2026-07-23 05:02:15.449488,
4660,bbmri-eric:ID:NL_UMCG:collection:UMCG_SSC:collection:ILDSSc,ILD-SSc,,Assessing the role of local inflammatory biomarkers and fibroproliferative changes in Systemic Sclerosis related Interstitial Lung Disease: a proof of concept study. Meer informatie is te vinden op https://onderzoekmetmensen.nl/en/node/49016/pdf,,,NL,,,,bbmri-eric:contactID:NL_Mulder,NL,False,bbmri-eric:ID:NL_UMCG:collection:UMCG_SSC,,bbmri-eric:ID:NL_UMCG,UMCG Biobank,bbmri-eric:networkID:NL_IMMUNOLINES,,,SAMPLE,"BIOLOGICAL_SAMPLES,MEDICAL_RECORDS",1,,,,,,20.0,1.0,,,18.0,,YEAR,,OTHER,,,,,,,,,True,,,,,,directory_catalog,https://ejp-rd-vp.github.io/resource-metadata-schema/license/v1.0.txt,BBMRI-ERIC,English,,,,2026-07-23 05:02:15.449488,2026-07-23 05:02:15.449488,
4986,bbmri-eric:ID:DE_UDS_Biobank_MedicalFaculty:collection:MainCollection,Main collection of UdS Medical Faculty Biobank,MAIN-BB-MedFak-UdS,Collection of pseudonymized human biospecimens and associated metadata collected from clinical and research contexts for biomedical research purposes.,,"Homburg, Saarland, Germany",DE,,,bbmri-eric:contactID:DE_UDS_Biobank_MedicalFaculty_KH,bbmri-eric:contactID:DE_UDS_Biobank_MedicalFaculty_KH,DE,False,,,bbmri-eric:ID:DE_UDS_Biobank_MedicalFaculty,"Biobank, Faculty of Medicine, Saarland University",,,,SAMPLE,"MEDICAL_RECORDS,BIOLOGICAL_SAMPLES",3,,,,,,,,,,,,,,,,,,,,,,,True,,,,,,directory_catalog,https://ejp-rd-vp.github.io/resource-metadata-schema/license/v1.0.txt,BBMRI-ERIC,English,,,,2026-07-23 05:02:16.956743,2026-07-23 05:02:16.956743,False
5433,bbmri-eric:ID:IT_1604913322414751:collection:1a7e74fa612f46079a42e72b726a62fe,LIPODYSTROPHIES,ECLip,"The European Consortium of Lipodystrophies (ECLip) is an international network dedicated to the study and management of lipodystrophy syndromes, which are rare disorders characterized by the loss or abnormal distribution of adipose tissue. The collection comprises plasma (ISO 20387-accredited), serum (ISO 20387-accredited), buffy-coat specimens.",,,IT,,,bbmri-eric:contactID:IT_8ba237bd8ba44cab8d85d2435ee11135,bbmri-eric:contactID:IT_d2e24c15f7f14304b9947209e245e2be,IT,False,,,bbmri-eric:ID:IT_1604913322414751,UNITA' OPERATIVA COMPLESSA BIOBANCHE – BIOBANCA BMS,bbmri-eric:networkID:IT_68e869d490ef443,,,SAMPLE,"BIOLOGICAL_SAMPLES,CLINICAL_SYMPTOMS,MEDICAL_RECORDS",3,,,,,"eric,accredited",,,"MALE,FEMALE",,,,YEAR,,"PLASMA,SERUM,BUFFY_COAT",temperature-60to-85,,,,False,False,DUO_0000006,,False,,"samples,data",,https://www.ao-pisa.toscana.it/index.php?option=com_content&view=article&id=401:sod-biobanche-appartententi-a-cf&catid=112&Itemid=113,"sample_processing_sop,data_processing_sop,sample_storage_sop,data_transport_sop,data_storage_sop,sample_transport_sop",directory_catalog,https://ejp-rd-vp.github.io/resource-metadata-schema/license/v1.0.txt,BBMRI-ERIC,English,,,,2026-07-23 05:02:19.184207,2026-07-23 05:02:19.184207,
5437,bbmri-eric:ID:IT_1385547708942390:collection:25b19345cd55455f9ea528cc8322c83e,Microisolates in South Tyrol Study,MICROS,"The MICROS Collection is a population based collection of biological samples and associated data established within the MICROS study (Microisolates in South Tyrol), a longitudinal genetic epidemiology study conducted in small, isolated populations in South Tyrol, Italy. 
The collection includes samples and data from adult participants recruited in three geographically and historically isolated communities (Stelvio, Martello and Vallelunga), with the aim of investigating the genetic structure of the population and the epidemiology of complex and Mendelian diseases. 
Biological materials collected comprise blood, urine and DNA, which are associated with a wide range of data including genealogical information, clinical measurements, and questionnaire-based data. The presence of extended genealogical records and large reconstructed pedigrees provides a unique framework for studying heritable traits and genetic determinants of disease in isolated populations. 
The collection was developed with a community-based recruitment approach and includes participants enrolled in the early 2000s, representing a well-characterised resource for genetic and epidemiological research. A subset of individuals from the MICROS study has subsequently been included in the CHRIS study, enabling continuity and integration with a larger population-based longitudinal cohort. 
Overall, the MICROS Collection represents a valuable resource for studying genetic architecture, population isolates, and disease mechanisms, supporting research in genetic epidemiology, complex trait analysis and translational biomedical science.",https://pubmed.ncbi.nlm.nih.gov/17550581/,Bolzano - Merano / Bozen - Meran,IT,46.6115,10.6016,bbmri-eric:contactID:IT_a175d33d8b8d4296b154bc95706477e0,bbmri-eric:contactID:IT_1de135531cb341f184fa5f3ab418a553,IT,False,,,bbmri-eric:ID:IT_1385547708942390,Cooperative Health Research in South Tyrol Biobank,"bbmri-eric:networkID:IT_68e869d490ef443,bbmri-eric:networkID:EU_BBMRI-ERIC:networks:BBMRI-Cohorts,bbmri-eric:networkID:EU_BBMRI-ERIC:networks:BBMRI-Cohorts_DNA",,,"POPULATION_BASED,COHORT,LONGITUDINAL","BIOLOGICAL_SAMPLES,BLOOD,GENEALOGICAL_RECORDS,MEDICAL_RECORDS,PHYSIOLOGICAL_BIOCHEMICAL_MEASUREMENTS,TREATMENT_PROTOCOL,SURVEY_DATA",4,8177.0,"paediatrics,population",2026-05-19 22:00:00,,,1400.0,3.0,"MALE,FEMALE,UNKNOWN",,6.0,87.0,YEAR,"bbmri-eric:factID:IT_25b19345cd55455f9ea528cc8322c83e:1,bbmri-eric:factID:IT_25b19345cd55455f9ea528cc8322c83e:3,bbmri-eric:factID:IT_25b19345cd55455f9ea528cc8322c83e:4,bbmri-eric:factID:IT_25b19345cd55455f9ea528cc8322c83e:5,bbmri-eric:factID:IT_25b19345cd55455f9ea528cc8322c83e:6,bbmri-eric:factID:IT_25b19345cd55455f9ea528cc8322c83e:35,bbmri-eric:factID:IT_25b19345cd55455f9ea528cc8322c83e:7,bbmri-eric:factID:IT_25b19345cd55455f9ea528cc8322c83e:8,bbmri-eric:factID:IT_25b19345cd55455f9ea528cc8322c83e:9,bbmri-eric:factID:IT_25b19345cd55455f9ea528cc8322c83e:10,bbmri-eric:factID:IT_25b19345cd55455f9ea528cc8322c83e:11,bbmri-eric:factID:IT_25b19345cd55455f9ea528cc8322c83e:12,bbmri-eric:factID:IT_25b19345cd55455f9ea528cc8322c83e:13,bbmri-eric:factID:IT_25b19345cd55455f9ea528cc8322c83e:14,bbmri-eric:factID:IT_25b19345cd55455f9ea528cc8322c83e:15,bbmri-eric:factID:IT_25b19345cd55455f9ea528cc8322c83e:16,bbmri-eric:factID:IT_25b19345cd55455f9ea528cc8322c83e:17,bbmri-eric:factID:IT_25b19345cd55455f9ea528cc8322c83e:18,bbmri-eric:factID:IT_25b19345cd55455f9ea528cc8322c83e:19,bbmri-eric:factID:IT_25b19345cd55455f9ea528cc8322c83e:20,bbmri-eric:factID:IT_25b19345cd55455f9ea528cc8322c83e:21,bbmri-eric:factID:IT_25b19345cd55455f9ea528cc8322c83e:22,bbmri-eric:factID:IT_25b19345cd55455f9ea528cc8322c83e:23,bbmri-eric:factID:IT_25b19345cd55455f9ea528cc8322c83e:24,bbmri-eric:factID:IT_25b19345cd55455f9ea528cc8322c83e:25,bbmri-eric:factID:IT_25b19345cd55455f9ea528cc8322c83e:26,bbmri-eric:factID:IT_25b19345cd55455f9ea528cc8322c83e:27,bbmri-eric:factID:IT_25b19345cd55455f9ea528cc8322c83e:28,bbmri-eric:factID:IT_25b19345cd55455f9ea528cc8322c83e:29,bbmri-eric:factID:IT_25b19345cd55455f9ea528cc8322c83e:30,bbmri-eric:factID:IT_25b19345cd55455f9ea528cc8322c83e:31,bbmri-eric:factID:IT_25b19345cd55455f9ea528cc8322c83e:33,bbmri-eric:factID:IT_25b19345cd55455f9ea528cc8322c83e:34,bbmri-eric:factID:IT_25b19345cd55455f9ea528cc8322c83e:2,bbmri-eric:factID:IT_25b19345cd55455f9ea528cc8322c83e:32","DNA,SERUM,WHOLE_BLOOD,BUFFY_COAT","temperature-18to-35,temperature-60to-85,temperatureLN",,,,False,True,"DUO_0000011,DUO_0000018,DUO_0000032,DUO_0000012,DUO_0000040,DUO_0000038,DUO_0000037,DUO_0000029,DUO_0000027,DUO_0000021,DUO_0000017,DUO_0000014,DUO_0000001",,False,,,"Data and samples are made available for specific research projects upon approval by the CHRIS Access Committee and governed by dedicated legal agreements (e.g., DTAs/MTAs) that define scope of use, access limitations, and compliance with GDPR (including Art. 89) and applicable national provisions.",https://chrisportal.eurac.edu/,"data_processing_sop,data_storage_sop,data_transport_sop,sample_processing_sop,sample_storage_sop,sample_transport_sop",directory_catalog,https://ejp-rd-vp.github.io/resource-metadata-schema/license/v1.0.txt,BBMRI-ERIC,English,,,,2026-07-23 05:02:19.184207,2026-07-23 05:02:19.184207,
5438,bbmri-eric:ID:IT_1463060660514422:collection:65127391c1d844fa87dd4d80f0987a0b,Cardiological Diseases,CARDIO,Samples from patients with cardiological disorders,,,IT,,,,bbmri-eric:contactID:IT_a207480528e940739416fdb26ce67922,IT,False,,,bbmri-eric:ID:IT_1463060660514422,Biobanca SDN,"bbmri-eric:networkID:IT_68e869d490ef443,bbmri-eric:networkID:IT_474ed7c85cd74ce,bbmri-eric:networkID:EU_BBMRI-ERIC:networks:BBMRI-Cohorts",,,"DISEASE_SPECIFIC,IMAGE,LONGITUDINAL","BIOLOGICAL_SAMPLES,IMAGING_DATA",3,4500.0,,,,,,,,,,,YEAR,bbmri-eric:factID:IT_65127391c1d844fa87dd4d80f0987a0b:1,"BUFFY_COAT,PLASMA,SERUM","temperature-60to-85,temperatureLN","T-D4000,T-42000",CT,,False,True,,,False,,,,,,directory_catalog,https://ejp-rd-vp.github.io/resource-metadata-schema/license/v1.0.txt,BBMRI-ERIC,English,,,,2026-07-23 05:02:19.184207,2026-07-23 05:02:19.184207,
5444,bbmri-eric:ID:IT_66572kf087597s333a57r2022ja266w3:collection:100929fdbd0a4eb9baf16e84459fc7a9,Hereditary Optic Atrophy,HOA,"Collection of patients referred to the hospital with a suspected diagnosis of Hereditary Optic Atrophy, including confirmed cases (LHON, DOA), unaffected carriers, and subjects in whom an alternative diagnosis was established. For more detailed information, please concact us to irccs.biobanca@ausl.bologna.it",,Bologna,IT,,,,bbmri-eric:contactID:IT_a1fe076b402f42c78b710d83acec3d4f,IT,False,,,bbmri-eric:ID:IT_66572kf087597s333a57r2022ja266w3,Biobanca delle Neuroscienze di Bologna,bbmri-eric:networkID:IT_68e869d490ef443,,,RD,"BIOLOGICAL_SAMPLES,IMAGING_DATA,MEDICAL_RECORDS",2,136.0,"rare_disease,nervous_system,paediatrics,metabolic",2026-05-13 22:00:00,,,24.0,1.0,"FEMALE,MALE","ORPHA:104,ORPHA:98673,urn:miriam:icd:H47.2,urn:miriam:icd:Z03.8,urn:miriam:icd:Q87.0,urn:miriam:icd:E88.8,urn:miriam:icd:G71.3",9.0,81.0,YEAR,"bbmri-eric:factID:IT_100929fdbd0a4eb9baf16e84459fc7a9:2,bbmri-eric:factID:IT_100929fdbd0a4eb9baf16e84459fc7a9:3,bbmri-eric:factID:IT_100929fdbd0a4eb9baf16e84459fc7a9:4,bbmri-eric:factID:IT_100929fdbd0a4eb9baf16e84459fc7a9:15,bbmri-eric:factID:IT_100929fdbd0a4eb9baf16e84459fc7a9:16,bbmri-eric:factID:IT_100929fdbd0a4eb9baf16e84459fc7a9:18,bbmri-eric:factID:IT_100929fdbd0a4eb9baf16e84459fc7a9:23,bbmri-eric:factID:IT_100929fdbd0a4eb9baf16e84459fc7a9:25,bbmri-eric:factID:IT_100929fdbd0a4eb9baf16e84459fc7a9:1,bbmri-eric:factID:IT_100929fdbd0a4eb9baf16e84459fc7a9:17,bbmri-eric:factID:IT_100929fdbd0a4eb9baf16e84459fc7a9:7,bbmri-eric:factID:IT_100929fdbd0a4eb9baf16e84459fc7a9:19,bbmri-eric:factID:IT_100929fdbd0a4eb9baf16e84459fc7a9:20,bbmri-eric:factID:IT_100929fdbd0a4eb9baf16e84459fc7a9:8,bbmri-eric:factID:IT_100929fdbd0a4eb9baf16e84459fc7a9:11,bbmri-eric:factID:IT_100929fdbd0a4eb9baf16e84459fc7a9:13,bbmri-eric:factID:IT_100929fdbd0a4eb9baf16e84459fc7a9:21,bbmri-eric:factID:IT_100929fdbd0a4eb9baf16e84459fc7a9:14,bbmri-eric:factID:IT_100929fdbd0a4eb9baf16e84459fc7a9:22,bbmri-eric:factID:IT_100929fdbd0a4eb9baf16e84459fc7a9:5,bbmri-eric:factID:IT_100929fdbd0a4eb9baf16e84459fc7a9:6,bbmri-eric:factID:IT_100929fdbd0a4eb9baf16e84459fc7a9:9,bbmri-eric:factID:IT_100929fdbd0a4eb9baf16e84459fc7a9:10,bbmri-eric:factID:IT_100929fdbd0a4eb9baf16e84459fc7a9:26,bbmri-eric:factID:IT_100929fdbd0a4eb9baf16e84459fc7a9:12,bbmri-eric:factID:IT_100929fdbd0a4eb9baf16e84459fc7a9:27,bbmri-eric:factID:IT_100929fdbd0a4eb9baf16e84459fc7a9:28,bbmri-eric:factID:IT_100929fdbd0a4eb9baf16e84459fc7a9:24,bbmri-eric:factID:IT_100929fdbd0a4eb9baf16e84459fc7a9:29,bbmri-eric:factID:IT_100929fdbd0a4eb9baf16e84459fc7a9:30,bbmri-eric:factID:IT_100929fdbd0a4eb9baf16e84459fc7a9:31,bbmri-eric:factID:IT_100929fdbd0a4eb9baf16e84459fc7a9:32","WHOLE_BLOOD,DNA,BUFFY_COAT,PLASMA,SERUM",temperature-60to-85,T-AA000,OCT,,False,True,,,False,,images,Please contact the BNB to irccs.biobanca@ausl.bologna.it,,,directory_catalog,https://ejp-rd-vp.github.io/resource-metadata-schema/license/v1.0.txt,BBMRI-ERIC,English,"Leber hereditary optic neuropathy,Autosomal dominant optic atrophy,classic form,Optic atrophy,Observation for other suspected diseases and conditions,Congenital malformation syndromes predominantly affecting facial appearance,Other specified metabolic disorders,Primary disorders of muscles - Mitochondrial myopathy,not elsewhere classified",,,2026-07-23 05:02:19.184207,2026-07-23 05:02:19.184207,
5445,bbmri-eric:ID:IT_1385547708942390:collection:5657b6439a7940e6af07fdab013176de,CHRIS COVID-19,CHRIS-Covid,"The CHRIS-Covid Collection is a disease specific collection of biological samples and associated data established during the SARS CoV 2 pandemic by the CHRIS Biobank (Eurac Research – Institute for Biomedicine) in collaboration with the local healthcare system of the Autonomous Province of Bolzano/Bozen. 
The collection is derived from the population based CHRIS cohort and represents a prospective extension focused on COVID 19, integrating newly collected data with pre existing longitudinal information from the cohort. 
It includes whole blood, serum and genomic DNA samples linked to epidemiological and clinical data from approximately 7,000 individuals, recruited within the CHRIS Covid study and related population-based investigations conducted in the region.
Samples are processed and stored according to the biobank’s standard operating procedures, ensuring quality and consistency. The collection supports epidemiological, clinical and genetic research on SARS CoV 2 infection, including studies on determinants of susceptibility and disease outcomes.",https://www.tandfonline.com/doi/full/10.1080/20477724.2021.1978225,Bolzano - Merano / Bozen - Meran,IT,46.62901,10.77835,bbmri-eric:contactID:IT_742c6c90089b4478ab2e40a15dc425ad,bbmri-eric:contactID:IT_910e40d4793442fa8bbe3d8fd5521b90,IT,False,bbmri-eric:ID:IT_1385547708942390:collection:144471782055360,,bbmri-eric:ID:IT_1385547708942390,Cooperative Health Research in South Tyrol Biobank,"bbmri-eric:networkID:IT_68e869d490ef443,bbmri-eric:networkID:EU_BBMRI-ERIC:networks:BBMRI-Cohorts,bbmri-eric:networkID:EU_BBMRI-ERIC:networks:BBMRI-Cohorts_DNA,bbmri-eric:networkID:EU_BBMRI-ERIC:networks:COVID19",,,"DISEASE_SPECIFIC,COHORT,PROSPECTIVE_COLLECTION,LONGITUDINAL,SAMPLE,POPULATION_BASED","BIOLOGICAL_SAMPLES,MEDICAL_RECORDS,PHYSIOLOGICAL_BIOCHEMICAL_MEASUREMENTS,SURVEY_DATA,CLINICAL_SYMPTOMS,DiseaseDuration,ANTIBODIES,GENEALOGICAL_RECORDS",4,18203.0,"infectious,paediatrics,population,covid19",2026-05-19 22:00:00,,,2346.0,3.0,"MALE,FEMALE,UNKNOWN","urn:miriam:icd:U07.1,urn:miriam:icd:R69,urn:miriam:icd:U08.9",5.0,94.0,YEAR,"bbmri-eric:factID:IT_5657b6439a7940e6af07fdab013176de:1,bbmri-eric:factID:IT_5657b6439a7940e6af07fdab013176de:2,bbmri-eric:factID:IT_5657b6439a7940e6af07fdab013176de:3,bbmri-eric:factID:IT_5657b6439a7940e6af07fdab013176de:4,bbmri-eric:factID:IT_5657b6439a7940e6af07fdab013176de:5,bbmri-eric:factID:IT_5657b6439a7940e6af07fdab013176de:6,bbmri-eric:factID:IT_5657b6439a7940e6af07fdab013176de:7,bbmri-eric:factID:IT_5657b6439a7940e6af07fdab013176de:8,bbmri-eric:factID:IT_5657b6439a7940e6af07fdab013176de:9,bbmri-eric:factID:IT_5657b6439a7940e6af07fdab013176de:10,bbmri-eric:factID:IT_5657b6439a7940e6af07fdab013176de:11,bbmri-eric:factID:IT_5657b6439a7940e6af07fdab013176de:12,bbmri-eric:factID:IT_5657b6439a7940e6af07fdab013176de:13,bbmri-eric:factID:IT_5657b6439a7940e6af07fdab013176de:14,bbmri-eric:factID:IT_5657b6439a7940e6af07fdab013176de:15,bbmri-eric:factID:IT_5657b6439a7940e6af07fdab013176de:16,bbmri-eric:factID:IT_5657b6439a7940e6af07fdab013176de:17,bbmri-eric:factID:IT_5657b6439a7940e6af07fdab013176de:18,bbmri-eric:factID:IT_5657b6439a7940e6af07fdab013176de:19,bbmri-eric:factID:IT_5657b6439a7940e6af07fdab013176de:20,bbmri-eric:factID:IT_5657b6439a7940e6af07fdab013176de:21,bbmri-eric:factID:IT_5657b6439a7940e6af07fdab013176de:22,bbmri-eric:factID:IT_5657b6439a7940e6af07fdab013176de:23,bbmri-eric:factID:IT_5657b6439a7940e6af07fdab013176de:24,bbmri-eric:factID:IT_5657b6439a7940e6af07fdab013176de:25,bbmri-eric:factID:IT_5657b6439a7940e6af07fdab013176de:26,bbmri-eric:factID:IT_5657b6439a7940e6af07fdab013176de:27,bbmri-eric:factID:IT_5657b6439a7940e6af07fdab013176de:28,bbmri-eric:factID:IT_5657b6439a7940e6af07fdab013176de:29,bbmri-eric:factID:IT_5657b6439a7940e6af07fdab013176de:30,bbmri-eric:factID:IT_5657b6439a7940e6af07fdab013176de:32,bbmri-eric:factID:IT_5657b6439a7940e6af07fdab013176de:33,bbmri-eric:factID:IT_5657b6439a7940e6af07fdab013176de:34,bbmri-eric:factID:IT_5657b6439a7940e6af07fdab013176de:35,bbmri-eric:factID:IT_5657b6439a7940e6af07fdab013176de:36,bbmri-eric:factID:IT_5657b6439a7940e6af07fdab013176de:37,bbmri-eric:factID:IT_5657b6439a7940e6af07fdab013176de:38,bbmri-eric:factID:IT_5657b6439a7940e6af07fdab013176de:39,bbmri-eric:factID:IT_5657b6439a7940e6af07fdab013176de:40,bbmri-eric:factID:IT_5657b6439a7940e6af07fdab013176de:41,bbmri-eric:factID:IT_5657b6439a7940e6af07fdab013176de:42,bbmri-eric:factID:IT_5657b6439a7940e6af07fdab013176de:43,bbmri-eric:factID:IT_5657b6439a7940e6af07fdab013176de:44,bbmri-eric:factID:IT_5657b6439a7940e6af07fdab013176de:45,bbmri-eric:factID:IT_5657b6439a7940e6af07fdab013176de:46,bbmri-eric:factID:IT_5657b6439a7940e6af07fdab013176de:47,bbmri-eric:factID:IT_5657b6439a7940e6af07fdab013176de:48,bbmri-eric:factID:IT_5657b6439a7940e6af07fdab013176de:49,bbmri-eric:factID:IT_5657b6439a7940e6af07fdab013176de:50,bbmri-eric:factID:IT_5657b6439a7940e6af07fdab013176de:51,bbmri-eric:factID:IT_5657b6439a7940e6af07fdab013176de:52,bbmri-eric:factID:IT_5657b6439a7940e6af07fdab013176de:53,bbmri-eric:factID:IT_5657b6439a7940e6af07fdab013176de:54,bbmri-eric:factID:IT_5657b6439a7940e6af07fdab013176de:55,bbmri-eric:factID:IT_5657b6439a7940e6af07fdab013176de:56,bbmri-eric:factID:IT_5657b6439a7940e6af07fdab013176de:57,bbmri-eric:factID:IT_5657b6439a7940e6af07fdab013176de:58,bbmri-eric:factID:IT_5657b6439a7940e6af07fdab013176de:59,bbmri-eric:factID:IT_5657b6439a7940e6af07fdab013176de:60,bbmri-eric:factID:IT_5657b6439a7940e6af07fdab013176de:61,bbmri-eric:factID:IT_5657b6439a7940e6af07fdab013176de:62,bbmri-eric:factID:IT_5657b6439a7940e6af07fdab013176de:63,bbmri-eric:factID:IT_5657b6439a7940e6af07fdab013176de:64,bbmri-eric:factID:IT_5657b6439a7940e6af07fdab013176de:65,bbmri-eric:factID:IT_5657b6439a7940e6af07fdab013176de:66,bbmri-eric:factID:IT_5657b6439a7940e6af07fdab013176de:67,bbmri-eric:factID:IT_5657b6439a7940e6af07fdab013176de:68,bbmri-eric:factID:IT_5657b6439a7940e6af07fdab013176de:69,bbmri-eric:factID:IT_5657b6439a7940e6af07fdab013176de:70,bbmri-eric:factID:IT_5657b6439a7940e6af07fdab013176de:71,bbmri-eric:factID:IT_5657b6439a7940e6af07fdab013176de:72,bbmri-eric:factID:IT_5657b6439a7940e6af07fdab013176de:73,bbmri-eric:factID:IT_5657b6439a7940e6af07fdab013176de:75,bbmri-eric:factID:IT_5657b6439a7940e6af07fdab013176de:76,bbmri-eric:factID:IT_5657b6439a7940e6af07fdab013176de:77,bbmri-eric:factID:IT_5657b6439a7940e6af07fdab013176de:78,bbmri-eric:factID:IT_5657b6439a7940e6af07fdab013176de:79,bbmri-eric:factID:IT_5657b6439a7940e6af07fdab013176de:80,bbmri-eric:factID:IT_5657b6439a7940e6af07fdab013176de:81,bbmri-eric:factID:IT_5657b6439a7940e6af07fdab013176de:84,bbmri-eric:factID:IT_5657b6439a7940e6af07fdab013176de:85,bbmri-eric:factID:IT_5657b6439a7940e6af07fdab013176de:86,bbmri-eric:factID:IT_5657b6439a7940e6af07fdab013176de:87,bbmri-eric:factID:IT_5657b6439a7940e6af07fdab013176de:88,bbmri-eric:factID:IT_5657b6439a7940e6af07fdab013176de:89,bbmri-eric:factID:IT_5657b6439a7940e6af07fdab013176de:90,bbmri-eric:factID:IT_5657b6439a7940e6af07fdab013176de:91,bbmri-eric:factID:IT_5657b6439a7940e6af07fdab013176de:92,bbmri-eric:factID:IT_5657b6439a7940e6af07fdab013176de:93,bbmri-eric:factID:IT_5657b6439a7940e6af07fdab013176de:94,bbmri-eric:factID:IT_5657b6439a7940e6af07fdab013176de:95,bbmri-eric:factID:IT_5657b6439a7940e6af07fdab013176de:96,bbmri-eric:factID:IT_5657b6439a7940e6af07fdab013176de:97,bbmri-eric:factID:IT_5657b6439a7940e6af07fdab013176de:98,bbmri-eric:factID:IT_5657b6439a7940e6af07fdab013176de:99,bbmri-eric:factID:IT_5657b6439a7940e6af07fdab013176de:100,bbmri-eric:factID:IT_5657b6439a7940e6af07fdab013176de:101,bbmri-eric:factID:IT_5657b6439a7940e6af07fdab013176de:102,bbmri-eric:factID:IT_5657b6439a7940e6af07fdab013176de:103,bbmri-eric:factID:IT_5657b6439a7940e6af07fdab013176de:104,bbmri-eric:factID:IT_5657b6439a7940e6af07fdab013176de:105,bbmri-eric:factID:IT_5657b6439a7940e6af07fdab013176de:106,bbmri-eric:factID:IT_5657b6439a7940e6af07fdab013176de:107,bbmri-eric:factID:IT_5657b6439a7940e6af07fdab013176de:108,bbmri-eric:factID:IT_5657b6439a7940e6af07fdab013176de:109,bbmri-eric:factID:IT_5657b6439a7940e6af07fdab013176de:110,bbmri-eric:factID:IT_5657b6439a7940e6af07fdab013176de:111,bbmri-eric:factID:IT_5657b6439a7940e6af07fdab013176de:112,bbmri-eric:factID:IT_5657b6439a7940e6af07fdab013176de:113,bbmri-eric:factID:IT_5657b6439a7940e6af07fdab013176de:114,bbmri-eric:factID:IT_5657b6439a7940e6af07fdab013176de:115,bbmri-eric:factID:IT_5657b6439a7940e6af07fdab013176de:31,bbmri-eric:factID:IT_5657b6439a7940e6af07fdab013176de:74,bbmri-eric:factID:IT_5657b6439a7940e6af07fdab013176de:82,bbmri-eric:factID:IT_5657b6439a7940e6af07fdab013176de:83","SERUM,DNA,WHOLE_BLOOD","temperature-60to-85,temperature-18to-35,temperature2to10",,,,False,True,"DUO_0000001,DUO_0000006,DUO_0000007,DUO_0000014,DUO_0000017,DUO_0000018,DUO_0000021,DUO_0000037,DUO_0000038,DUO_0000040,DUO_0000029,DUO_0000027",,False,,"data,samples","Data and samples are made available for specific research projects upon approval by the CHRIS Access Committee and governed by dedicated legal agreements (e.g., DTAs/MTAs) that define scope of use, access limitations, and compliance with GDPR (including Art. 89) and applicable national provisions.",https://chrisportal.eurac.edu/,"data_processing_sop,data_storage_sop,data_transport_sop,sample_processing_sop,sample_storage_sop,sample_transport_sop",directory_catalog,https://ejp-rd-vp.github.io/resource-metadata-schema/license/v1.0.txt,BBMRI-ERIC,English,"Emergency use of U07 - COVID-19,virus identified,Unknown and unspecified causes of morbidity,Personal history of COVID-19 - Personal history of COVID-19,unspecified",,,2026-07-23 05:02:19.184207,2026-07-23 05:02:19.184207,
5448,bbmri-eric:ID:IT_1463060660514422:collection:ed9794724eb64ed7b5d19e4920732ba1,Oncological Diseases,ONCO,Samples from patients with oncological diseases,,,IT,,,,bbmri-eric:contactID:IT_9a45d120c908495abcef4a7720133826,IT,False,,,bbmri-eric:ID:IT_1463060660514422,Biobanca SDN,"bbmri-eric:networkID:IT_68e869d490ef443,bbmri-eric:networkID:EU_BBMRI-ERIC:networks:BBMRI-Cohorts,bbmri-eric:networkID:IT_474ed7c85cd74ce",,,"DISEASE_SPECIFIC,IMAGE,LONGITUDINAL","BIOLOGICAL_SAMPLES,IMAGING_DATA",4,19000.0,,,,,,,,,,,YEAR,bbmri-eric:factID:IT_ed9794724eb64ed7b5d19e4920732ba1:1,"BUFFY_COAT,PLASMA,SERUM","temperature-60to-85,temperatureLN",,"CT,PT,MR",,False,True,,,False,,,,,,directory_catalog,https://ejp-rd-vp.github.io/resource-metadata-schema/license/v1.0.txt,BBMRI-ERIC,English,,,,2026-07-23 05:02:19.184207,2026-07-23 05:02:19.184207,
5449,bbmri-eric:ID:IT_135556878636422:collection:07a49df739794021a265f29daf126b45,SHARE-IT,SHARE-IT,Blood samples and blood-derived materials collected from healthy individuals undergoing routine monitoring.,,Turin,IT,,,bbmri-eric:contactID:IT_84a4d75d65164c8caf1622e397cc0694,bbmri-eric:contactID:IT_67f17121c6a54f3389a1c15c6e216e03,IT,False,,,bbmri-eric:ID:IT_135556878636422,Biobanca TESEO del Dipartimento di Scienze Mediche dell'Università degli Studi di Torino,"bbmri-eric:networkID:IT_68e869d490ef443,bbmri-eric:networkID:IT_474ed7c85cd74ce",,,"HOSPITAL,POPULATION_BASED,SAMPLE",BIOLOGICAL_SAMPLES,3,3000.0,population,2026-06-22 22:00:00,,,15000.0,4.0,"FEMALE,MALE",,18.0,100.0,YEAR,,"PLASMA,SERUM,WHOLE_BLOOD",temperature-60to-85,,,,False,True,"DUO_0000001,DUO_0000006",,False,"data,samples","samples,data",Refer to TESEO Biobank Access Regulations.,https://www.dsm.unito.it/do/home.pl/View?doc=Research/Biobanca.html,"data_processing_sop,data_storage_sop,data_transport_sop,sample_processing_sop,sample_storage_sop,sample_transport_sop",directory_catalog,https://ejp-rd-vp.github.io/resource-metadata-schema/license/v1.0.txt,BBMRI-ERIC,English,,,,2026-07-23 05:02:18.184001,2026-07-23 05:02:18.184001,
5453,bbmri-eric:ID:IT_66572kf087597s333a57r2022ja266w3:collection:612c65be61e54273b057f5849b2e67fe,Narcolepsy and Sleep Disorders,,"Collection of biological samples and associated clinical data from patients affected by narcolepsy, available for translational and biomedical research on sleep disorders and related neurological conditions.

Collection UNDER UPDATE.
For detailed information, please contact the BNB: irccs.biobanca@ausl.bologna.it",,,IT,,,,bbmri-eric:contactID:IT_55a0ab3a8ba840f0b04a9171bfd9bf3d,IT,False,,,bbmri-eric:ID:IT_66572kf087597s333a57r2022ja266w3,Biobanca delle Neuroscienze di Bologna,"bbmri-eric:networkID:IT_68e869d490ef443,bbmri-eric:networkID:IT_474ed7c85cd74ce",,,RD,"BIOLOGICAL_SAMPLES,NATIONAL_REGISTRIES,MEDICAL_RECORDS,IMAGING_DATA",3,,rare_disease,,,,,2.0,,,,,YEAR,,,,,,,False,False,,,False,,,,,,directory_catalog,https://ejp-rd-vp.github.io/resource-metadata-schema/license/v1.0.txt,BBMRI-ERIC,English,,,,2026-07-23 05:02:19.184207,2026-07-23 05:02:19.184207,
5456,bbmri-eric:ID:IT_1463060660514422:collection:3ed8a595a46c408ab66e500d4d18608e,Neurological Diseases,NEURO,Patients with neurological disorders,,,IT,,,bbmri-eric:contactID:IT_676f20454b094ad5bbd82682b4b8cd91,bbmri-eric:contactID:IT_d0c94180a8864c338a7901da49b24ba9,IT,False,,,bbmri-eric:ID:IT_1463060660514422,Biobanca SDN,"bbmri-eric:networkID:IT_68e869d490ef443,bbmri-eric:networkID:EU_BBMRI-ERIC:networks:BBMRI-Cohorts,bbmri-eric:networkID:IT_474ed7c85cd74ce",,,"DISEASE_SPECIFIC,IMAGE,LONGITUDINAL","BIOLOGICAL_SAMPLES,IMAGING_DATA",3,,,,,,,,,,,,YEAR,bbmri-eric:factID:IT_3ed8a595a46c408ab66e500d4d18608e:1,"BUFFY_COAT,PLASMA,SERUM","temperature-60to-85,temperatureLN",T-A6000,"MR,PT",,False,True,,,False,,,,,,directory_catalog,https://ejp-rd-vp.github.io/resource-metadata-schema/license/v1.0.txt,BBMRI-ERIC,English,,,,2026-07-23 05:02:19.184207,2026-07-23 05:02:19.184207,
